!SESSION 2026-05-01 13:41:36.117 -----------------------------------------------
eclipse.buildId=Version 2.1.1
java.version=21.0.9
java.vendor=Eclipse Adoptium
BootLoader constants: OS=win32, ARCH=x86_64, WS=win32, NL=es_AR
Command-line arguments:  -os win32 -ws win32 -arch x86_64 -data C:\Users\franc\STM32CubeIDE\workspace_2.1.2

!ENTRY com.st.stm32cube.ide.mcu.informationcenter 1 1 2026-05-01 13:41:56.184
!MESSAGE Log4j2 initialized with config file C:\Users\franc\STM32CubeIDE\workspace_2.1.2\.metadata\.log4j2.xml

!ENTRY com.st.stm32cube.ide.mcu.ide 1 1 2026-05-01 13:42:05.727
!MESSAGE Started RMI Server, listening on port 41337

!ENTRY com.st.stm32cube.ide.mpu.remote.serial 1 1 2026-05-01 13:42:38.688
!MESSAGE Executed PowerShell command powershell.exe -Command "Get-CimInstance -ClassName Win32_SerialPort | Select-Object -ExpandProperty DeviceID":
COM7
COM6
COM15
COM16
COM14
COM9
COM4
COM8
COM13
COM12
COM11
COM3
COM10


!ENTRY com.st.stm32cube.ide.mpu.remote.serial 1 1 2026-05-01 13:42:38.690
!MESSAGE port: COM7

!ENTRY com.st.stm32cube.ide.mpu.remote.serial 1 1 2026-05-01 13:42:38.691
!MESSAGE port: COM6

!ENTRY com.st.stm32cube.ide.mpu.remote.serial 1 1 2026-05-01 13:42:38.691
!MESSAGE port: COM15

!ENTRY com.st.stm32cube.ide.mpu.remote.serial 1 1 2026-05-01 13:42:38.692
!MESSAGE port: COM16

!ENTRY com.st.stm32cube.ide.mpu.remote.serial 1 1 2026-05-01 13:42:38.693
!MESSAGE port: COM14

!ENTRY com.st.stm32cube.ide.mpu.remote.serial 1 1 2026-05-01 13:42:38.694
!MESSAGE port: COM9

!ENTRY com.st.stm32cube.ide.mpu.remote.serial 1 1 2026-05-01 13:42:38.695
!MESSAGE port: COM4

!ENTRY com.st.stm32cube.ide.mpu.remote.serial 1 1 2026-05-01 13:42:38.696
!MESSAGE port: COM8

!ENTRY com.st.stm32cube.ide.mpu.remote.serial 1 1 2026-05-01 13:42:38.697
!MESSAGE port: COM13

!ENTRY com.st.stm32cube.ide.mpu.remote.serial 1 1 2026-05-01 13:42:38.698
!MESSAGE port: COM12

!ENTRY com.st.stm32cube.ide.mpu.remote.serial 1 1 2026-05-01 13:42:38.699
!MESSAGE port: COM11

!ENTRY com.st.stm32cube.ide.mpu.remote.serial 1 1 2026-05-01 13:42:38.700
!MESSAGE port: COM3

!ENTRY com.st.stm32cube.ide.mpu.remote.serial 1 1 2026-05-01 13:42:38.701
!MESSAGE port: COM10

!ENTRY org.eclipse.cdt.core 1 0 2026-05-01 13:42:55.576
!MESSAGE Indexed 'BMI270' (23 sources, 113 headers) in 8,5 sec: 10.442 declarations; 54.671 references; 2 unresolved inclusions; 42 syntax errors; 147 unresolved names (0,23 %)

!ENTRY org.eclipse.ui.navigator 4 0 2026-05-01 13:56:10.096
!MESSAGE Cannot add P/BMI270 to the list of segments in Core::P/BMI270:: as a parent.
!STACK 0
org.eclipse.ui.internal.navigator.NavigatorContentServiceContentProvider$CyclicPathException: Cannot add P/BMI270 to the list of segments in Core::P/BMI270:: as a parent.
	at org.eclipse.ui.internal.navigator.NavigatorContentServiceContentProvider$TreePathCompiler.addParent(NavigatorContentServiceContentProvider.java:539)
	at org.eclipse.ui.internal.navigator.NavigatorContentServiceContentProvider.findPaths(NavigatorContentServiceContentProvider.java:602)
	at org.eclipse.ui.internal.navigator.NavigatorContentServiceContentProvider.findPaths(NavigatorContentServiceContentProvider.java:603)
	at org.eclipse.ui.internal.navigator.NavigatorContentServiceContentProvider.getParents(NavigatorContentServiceContentProvider.java:330)
	at org.eclipse.jface.viewers.AbstractTreeViewer.getParentElement(AbstractTreeViewer.java:1793)
	at org.eclipse.jface.viewers.TreeViewer.getParentElement(TreeViewer.java:573)
	at org.eclipse.jface.viewers.AbstractTreeViewer.internalExpand(AbstractTreeViewer.java:1733)
	at org.eclipse.jface.viewers.AbstractTreeViewer.setExpandedElements(AbstractTreeViewer.java:2607)
	at org.eclipse.ui.internal.navigator.framelist.TreeViewerFrameSource.frameChanged(TreeViewerFrameSource.java:68)
	at org.eclipse.ui.internal.navigator.CommonNavigatorFrameSource.frameChanged(CommonNavigatorFrameSource.java:55)
	at org.eclipse.ui.internal.navigator.framelist.TreeViewerFrameSource.handlePropertyChange(TreeViewerFrameSource.java:167)
	at org.eclipse.ui.internal.navigator.framelist.FrameList.firePropertyChange(FrameList.java:93)
	at org.eclipse.ui.internal.navigator.framelist.FrameList.setCurrent(FrameList.java:208)
	at org.eclipse.ui.internal.navigator.framelist.FrameList.gotoFrame(FrameList.java:165)
	at org.eclipse.ui.internal.navigator.framelist.GoIntoAction.run(GoIntoAction.java:54)
	at org.eclipse.jface.action.Action.runWithEvent(Action.java:474)
	at org.eclipse.jface.action.ActionContributionItem.handleWidgetSelection(ActionContributionItem.java:581)
	at org.eclipse.jface.action.ActionContributionItem.lambda$4(ActionContributionItem.java:415)
	at org.eclipse.swt.widgets.EventTable.sendEvent(EventTable.java:91)
	at org.eclipse.swt.widgets.Display.sendEvent(Display.java:4326)
	at org.eclipse.swt.widgets.Widget.sendEvent(Widget.java:1174)
	at org.eclipse.swt.widgets.Display.runDeferredEvents(Display.java:4124)
	at org.eclipse.swt.widgets.Display.readAndDispatch(Display.java:3712)
	at org.eclipse.e4.ui.internal.workbench.swt.PartRenderingEngine$5.run(PartRenderingEngine.java:1151)
	at org.eclipse.core.databinding.observable.Realm.runWithDefault(Realm.java:339)
	at org.eclipse.e4.ui.internal.workbench.swt.PartRenderingEngine.run(PartRenderingEngine.java:1042)
	at org.eclipse.e4.ui.internal.workbench.E4Workbench.createAndRunUI(E4Workbench.java:153)
	at org.eclipse.ui.internal.Workbench.lambda$3(Workbench.java:639)
	at org.eclipse.core.databinding.observable.Realm.runWithDefault(Realm.java:339)
	at org.eclipse.ui.internal.Workbench.createAndRunWorkbench(Workbench.java:546)
	at org.eclipse.ui.PlatformUI.createAndRunWorkbench(PlatformUI.java:173)
	at org.eclipse.ui.internal.ide.application.IDEApplication.start(IDEApplication.java:152)
	at org.eclipse.equinox.internal.app.EclipseAppHandle.run(EclipseAppHandle.java:208)
	at org.eclipse.core.runtime.internal.adaptor.EclipseAppLauncher.runApplication(EclipseAppLauncher.java:143)
	at org.eclipse.core.runtime.internal.adaptor.EclipseAppLauncher.start(EclipseAppLauncher.java:109)
	at org.eclipse.core.runtime.adaptor.EclipseStarter.run(EclipseStarter.java:439)
	at org.eclipse.core.runtime.adaptor.EclipseStarter.run(EclipseStarter.java:271)
	at java.base/jdk.internal.reflect.DirectMethodHandleAccessor.invoke(DirectMethodHandleAccessor.java:103)
	at java.base/java.lang.reflect.Method.invoke(Method.java:580)
	at org.eclipse.equinox.launcher.Main.invokeFramework(Main.java:668)
	at org.eclipse.equinox.launcher.Main.basicRun(Main.java:605)
	at org.eclipse.equinox.launcher.Main.run(Main.java:1481)

!ENTRY org.eclipse.debug.core 4 2 2026-05-01 17:44:50.461
!MESSAGE Problems occurred when invoking code from plug-in: "org.eclipse.debug.core".
!STACK 0
java.lang.NullPointerException: Cannot invoke "org.eclipse.debug.core.DebugPlugin.asyncExec(java.lang.Runnable)" because the return value of "org.eclipse.debug.core.DebugPlugin.getDefault()" is null
	at org.eclipse.cdt.dsf.debug.model.DsfLaunch.fireTerminate(DsfLaunch.java:47)
	at org.eclipse.debug.core.Launch.handleDebugEvents(Launch.java:646)
	at org.eclipse.debug.core.DebugPlugin$EventNotifier.run(DebugPlugin.java:1287)
	at org.eclipse.core.runtime.SafeRunner.run(SafeRunner.java:47)
	at org.eclipse.debug.core.DebugPlugin$EventNotifier.dispatch(DebugPlugin.java:1321)
	at org.eclipse.debug.core.DebugPlugin$EventDispatchJob.run(DebugPlugin.java:498)
	at org.eclipse.core.internal.jobs.Worker.run(Worker.java:63)

!ENTRY org.eclipse.core.jobs 4 2 2026-05-01 17:44:50.463
!MESSAGE An internal error occurred during: "Debug Event Dispatch".
!STACK 0
java.lang.NullPointerException: Cannot invoke "org.eclipse.debug.core.DebugPlugin.getLog()" because the return value of "org.eclipse.debug.core.DebugPlugin.getDefault()" is null
	at org.eclipse.debug.core.DebugPlugin.log(DebugPlugin.java:1131)
	at org.eclipse.debug.core.DebugPlugin$EventNotifier.handleException(DebugPlugin.java:1273)
	at org.eclipse.core.runtime.SafeRunner.handleException(SafeRunner.java:88)
	at org.eclipse.core.runtime.SafeRunner.run(SafeRunner.java:49)
	at org.eclipse.debug.core.DebugPlugin$EventNotifier.dispatch(DebugPlugin.java:1321)
	at org.eclipse.debug.core.DebugPlugin$EventDispatchJob.run(DebugPlugin.java:498)
	at org.eclipse.core.internal.jobs.Worker.run(Worker.java:63)

!ENTRY org.eclipse.core.jobs 2 2 2026-05-01 17:44:51.063
!MESSAGE Job found still running after platform shutdown.  Jobs should be canceled by the plugin that scheduled them during shutdown: org.eclipse.cdt.dsf.gdb.internal.ui.console.GdbBasicCliConsole$InputReadJob RUNNING
	 at java.base/java.lang.Object.wait0(Native Method)
	 at java.base/java.lang.Object.wait(Object.java:366)
	 at java.base/java.lang.Object.wait(Object.java:339)
	 at org.eclipse.ui.console.IOConsoleInputStream.waitForData(IOConsoleInputStream.java:140)
	 at org.eclipse.ui.console.IOConsoleInputStream.read(IOConsoleInputStream.java:91)
	 at org.eclipse.ui.console.IOConsoleInputStream.read(IOConsoleInputStream.java:113)
	 at org.eclipse.cdt.dsf.gdb.internal.ui.console.GdbBasicCliConsole$InputReadJob.run(GdbBasicCliConsole.java:248)
	 at org.eclipse.core.internal.jobs.Worker.run(Worker.java:63)
!SESSION 2026-05-01 18:16:44.419 -----------------------------------------------
eclipse.buildId=Version 2.1.1
java.version=21.0.9
java.vendor=Eclipse Adoptium
BootLoader constants: OS=win32, ARCH=x86_64, WS=win32, NL=es_AR
Framework arguments:  C:\Users\franc\STM32CubeIDE\workspace_2.1.1\BMI270\BMI270\.project
Command-line arguments:  -os win32 -ws win32 -arch x86_64 C:\Users\franc\STM32CubeIDE\workspace_2.1.1\BMI270\BMI270\.project

!ENTRY com.st.stm32cube.ide.mcu.informationcenter 1 1 2026-05-01 18:17:01.929
!MESSAGE Log4j2 initialized with config file C:\Users\franc\STM32CubeIDE\workspace_2.1.2\.metadata\.log4j2.xml

!ENTRY com.st.stm32cube.ide.mcu.ide 1 1 2026-05-01 18:17:27.336
!MESSAGE Started RMI Server, listening on port 41337

!ENTRY org.eclipse.cdt.core 1 0 2026-05-01 18:17:35.867
!MESSAGE Indexed 'BMI270' (24 sources, 117 headers) in 7,82 sec: 10.684 declarations; 55.227 references; 2 unresolved inclusions; 42 syntax errors; 147 unresolved names (0,22 %)

!ENTRY com.st.stm32cube.ide.mpu.remote.serial 1 1 2026-05-01 18:18:01.340
!MESSAGE Executed PowerShell command powershell.exe -Command "Get-CimInstance -ClassName Win32_SerialPort | Select-Object -ExpandProperty DeviceID":
COM7
COM6
COM15
COM16
COM14
COM9
COM4
COM8
COM13
COM12
COM11
COM3
COM10


!ENTRY com.st.stm32cube.ide.mpu.remote.serial 1 1 2026-05-01 18:18:01.342
!MESSAGE port: COM7

!ENTRY com.st.stm32cube.ide.mpu.remote.serial 1 1 2026-05-01 18:18:01.343
!MESSAGE port: COM6

!ENTRY com.st.stm32cube.ide.mpu.remote.serial 1 1 2026-05-01 18:18:01.344
!MESSAGE port: COM15

!ENTRY com.st.stm32cube.ide.mpu.remote.serial 1 1 2026-05-01 18:18:01.345
!MESSAGE port: COM16

!ENTRY com.st.stm32cube.ide.mpu.remote.serial 1 1 2026-05-01 18:18:01.346
!MESSAGE port: COM14

!ENTRY com.st.stm32cube.ide.mpu.remote.serial 1 1 2026-05-01 18:18:01.347
!MESSAGE port: COM9

!ENTRY com.st.stm32cube.ide.mpu.remote.serial 1 1 2026-05-01 18:18:01.348
!MESSAGE port: COM4

!ENTRY com.st.stm32cube.ide.mpu.remote.serial 1 1 2026-05-01 18:18:01.349
!MESSAGE port: COM8

!ENTRY com.st.stm32cube.ide.mpu.remote.serial 1 1 2026-05-01 18:18:01.349
!MESSAGE port: COM13

!ENTRY com.st.stm32cube.ide.mpu.remote.serial 1 1 2026-05-01 18:18:01.350
!MESSAGE port: COM12

!ENTRY com.st.stm32cube.ide.mpu.remote.serial 1 1 2026-05-01 18:18:01.352
!MESSAGE port: COM11

!ENTRY com.st.stm32cube.ide.mpu.remote.serial 1 1 2026-05-01 18:18:01.353
!MESSAGE port: COM3

!ENTRY com.st.stm32cube.ide.mpu.remote.serial 1 1 2026-05-01 18:18:01.353
!MESSAGE port: COM10

!ENTRY com.st.stm32cube.ide.mpu.remote.serial 1 1 2026-05-01 18:21:05.107
!MESSAGE Executed PowerShell command powershell.exe -Command "Get-CimInstance -ClassName Win32_SerialPort | Select-Object -ExpandProperty DeviceID":
COM7
COM6
COM15
COM16
COM14
COM9
COM4
COM8
COM13
COM12
COM11
COM3


!ENTRY com.st.stm32cube.ide.mpu.remote.serial 1 1 2026-05-01 18:21:05.108
!MESSAGE port: COM7

!ENTRY com.st.stm32cube.ide.mpu.remote.serial 1 1 2026-05-01 18:21:05.109
!MESSAGE port: COM6

!ENTRY com.st.stm32cube.ide.mpu.remote.serial 1 1 2026-05-01 18:21:05.111
!MESSAGE port: COM15

!ENTRY com.st.stm32cube.ide.mpu.remote.serial 1 1 2026-05-01 18:21:05.112
!MESSAGE port: COM16

!ENTRY com.st.stm32cube.ide.mpu.remote.serial 1 1 2026-05-01 18:21:05.113
!MESSAGE port: COM14

!ENTRY com.st.stm32cube.ide.mpu.remote.serial 1 1 2026-05-01 18:21:05.114
!MESSAGE port: COM9

!ENTRY com.st.stm32cube.ide.mpu.remote.serial 1 1 2026-05-01 18:21:05.116
!MESSAGE port: COM4

!ENTRY com.st.stm32cube.ide.mpu.remote.serial 1 1 2026-05-01 18:21:05.117
!MESSAGE port: COM8

!ENTRY com.st.stm32cube.ide.mpu.remote.serial 1 1 2026-05-01 18:21:05.118
!MESSAGE port: COM13

!ENTRY com.st.stm32cube.ide.mpu.remote.serial 1 1 2026-05-01 18:21:05.118
!MESSAGE port: COM12

!ENTRY com.st.stm32cube.ide.mpu.remote.serial 1 1 2026-05-01 18:21:05.119
!MESSAGE port: COM11

!ENTRY com.st.stm32cube.ide.mpu.remote.serial 1 1 2026-05-01 18:21:05.120
!MESSAGE port: COM3

!ENTRY com.st.stm32cube.ide.mpu.remote.serial 1 1 2026-05-01 18:25:29.880
!MESSAGE Executed PowerShell command powershell.exe -Command "Get-CimInstance -ClassName Win32_SerialPort | Select-Object -ExpandProperty DeviceID":
COM7
COM6
COM15
COM16
COM14
COM9
COM4
COM8
COM13
COM12
COM11
COM3
COM10


!ENTRY com.st.stm32cube.ide.mpu.remote.serial 1 1 2026-05-01 18:25:29.881
!MESSAGE port: COM7

!ENTRY com.st.stm32cube.ide.mpu.remote.serial 1 1 2026-05-01 18:25:29.882
!MESSAGE port: COM6

!ENTRY com.st.stm32cube.ide.mpu.remote.serial 1 1 2026-05-01 18:25:29.883
!MESSAGE port: COM15

!ENTRY com.st.stm32cube.ide.mpu.remote.serial 1 1 2026-05-01 18:25:29.883
!MESSAGE port: COM16

!ENTRY com.st.stm32cube.ide.mpu.remote.serial 1 1 2026-05-01 18:25:29.884
!MESSAGE port: COM14

!ENTRY com.st.stm32cube.ide.mpu.remote.serial 1 1 2026-05-01 18:25:29.885
!MESSAGE port: COM9

!ENTRY com.st.stm32cube.ide.mpu.remote.serial 1 1 2026-05-01 18:25:29.886
!MESSAGE port: COM4

!ENTRY com.st.stm32cube.ide.mpu.remote.serial 1 1 2026-05-01 18:25:29.887
!MESSAGE port: COM8

!ENTRY com.st.stm32cube.ide.mpu.remote.serial 1 1 2026-05-01 18:25:29.888
!MESSAGE port: COM13

!ENTRY com.st.stm32cube.ide.mpu.remote.serial 1 1 2026-05-01 18:25:29.889
!MESSAGE port: COM12

!ENTRY com.st.stm32cube.ide.mpu.remote.serial 1 1 2026-05-01 18:25:29.890
!MESSAGE port: COM11

!ENTRY com.st.stm32cube.ide.mpu.remote.serial 1 1 2026-05-01 18:25:29.891
!MESSAGE port: COM3

!ENTRY com.st.stm32cube.ide.mpu.remote.serial 1 1 2026-05-01 18:25:29.892
!MESSAGE port: COM10

!ENTRY org.eclipse.cdt.dsf 4 10001 2026-05-01 18:33:21.472
!MESSAGE Target not available.

!ENTRY com.st.stm32cube.ide.mpu.remote.serial 1 1 2026-05-04 00:06:11.148
!MESSAGE Executed PowerShell command powershell.exe -Command "Get-CimInstance -ClassName Win32_SerialPort | Select-Object -ExpandProperty DeviceID":


!ENTRY com.st.stm32cube.ide.mpu.remote.serial 1 1 2026-05-04 00:06:11.149
!MESSAGE port: 

!ENTRY org.eclipse.core.jobs 2 2 2026-05-04 00:06:33.897
!MESSAGE Job found still running after platform shutdown.  Jobs should be canceled by the plugin that scheduled them during shutdown: org.eclipse.cdt.dsf.gdb.internal.ui.console.GdbBasicCliConsole$InputReadJob RUNNING
	 at java.base/java.lang.Object.wait0(Native Method)
	 at java.base/java.lang.Object.wait(Object.java:366)
	 at java.base/java.lang.Object.wait(Object.java:339)
	 at org.eclipse.ui.console.IOConsoleInputStream.waitForData(IOConsoleInputStream.java:140)
	 at org.eclipse.ui.console.IOConsoleInputStream.read(IOConsoleInputStream.java:91)
	 at org.eclipse.ui.console.IOConsoleInputStream.read(IOConsoleInputStream.java:113)
	 at org.eclipse.cdt.dsf.gdb.internal.ui.console.GdbBasicCliConsole$InputReadJob.run(GdbBasicCliConsole.java:248)
	 at org.eclipse.core.internal.jobs.Worker.run(Worker.java:63)
!SESSION 2026-05-03 09:13:06.337 -----------------------------------------------
eclipse.buildId=Version 2.1.1
java.version=21.0.9
java.vendor=Eclipse Adoptium
BootLoader constants: OS=win32, ARCH=x86_64, WS=win32, NL=es_AR
Command-line arguments:  -os win32 -ws win32 -arch x86_64

!ENTRY com.st.stm32cube.ide.mcu.informationcenter 1 1 2026-05-03 09:13:23.959
!MESSAGE Log4j2 initialized with config file C:\Users\franc\STM32CubeIDE\workspace_2.1.2\.metadata\.log4j2.xml

!ENTRY com.st.stm32cube.ide.mcu.ide 1 1 2026-05-03 09:13:51.150
!MESSAGE Started RMI Server, listening on port 41337

!ENTRY com.st.stm32cube.ide.mpu.remote.serial 1 1 2026-05-03 09:14:22.340
!MESSAGE Executed PowerShell command powershell.exe -Command "Get-CimInstance -ClassName Win32_SerialPort | Select-Object -ExpandProperty DeviceID":
COM7
COM6
COM15
COM16
COM14
COM9
COM4
COM8
COM13
COM12
COM11
COM3


!ENTRY com.st.stm32cube.ide.mpu.remote.serial 1 1 2026-05-03 09:14:22.342
!MESSAGE port: COM7

!ENTRY com.st.stm32cube.ide.mpu.remote.serial 1 1 2026-05-03 09:14:22.343
!MESSAGE port: COM6

!ENTRY com.st.stm32cube.ide.mpu.remote.serial 1 1 2026-05-03 09:14:22.344
!MESSAGE port: COM15

!ENTRY com.st.stm32cube.ide.mpu.remote.serial 1 1 2026-05-03 09:14:22.345
!MESSAGE port: COM16

!ENTRY com.st.stm32cube.ide.mpu.remote.serial 1 1 2026-05-03 09:14:22.346
!MESSAGE port: COM14

!ENTRY com.st.stm32cube.ide.mpu.remote.serial 1 1 2026-05-03 09:14:22.347
!MESSAGE port: COM9

!ENTRY com.st.stm32cube.ide.mpu.remote.serial 1 1 2026-05-03 09:14:22.347
!MESSAGE port: COM4

!ENTRY com.st.stm32cube.ide.mpu.remote.serial 1 1 2026-05-03 09:14:22.348
!MESSAGE port: COM8

!ENTRY com.st.stm32cube.ide.mpu.remote.serial 1 1 2026-05-03 09:14:22.349
!MESSAGE port: COM13

!ENTRY com.st.stm32cube.ide.mpu.remote.serial 1 1 2026-05-03 09:14:22.350
!MESSAGE port: COM12

!ENTRY com.st.stm32cube.ide.mpu.remote.serial 1 1 2026-05-03 09:14:22.351
!MESSAGE port: COM11

!ENTRY com.st.stm32cube.ide.mpu.remote.serial 1 1 2026-05-03 09:14:22.352
!MESSAGE port: COM3

!ENTRY com.st.stm32cube.ide.mpu.remote.serial 1 1 2026-05-03 09:17:12.355
!MESSAGE Executed PowerShell command powershell.exe -Command "Get-CimInstance -ClassName Win32_SerialPort | Select-Object -ExpandProperty DeviceID":
COM7
COM6
COM15
COM16
COM14
COM9
COM4
COM8
COM13
COM12
COM11
COM3
COM10


!ENTRY com.st.stm32cube.ide.mpu.remote.serial 1 1 2026-05-03 09:17:12.356
!MESSAGE port: COM7

!ENTRY com.st.stm32cube.ide.mpu.remote.serial 1 1 2026-05-03 09:17:12.357
!MESSAGE port: COM6

!ENTRY com.st.stm32cube.ide.mpu.remote.serial 1 1 2026-05-03 09:17:12.359
!MESSAGE port: COM15

!ENTRY com.st.stm32cube.ide.mpu.remote.serial 1 1 2026-05-03 09:17:12.360
!MESSAGE port: COM16

!ENTRY com.st.stm32cube.ide.mpu.remote.serial 1 1 2026-05-03 09:17:12.360
!MESSAGE port: COM14

!ENTRY com.st.stm32cube.ide.mpu.remote.serial 1 1 2026-05-03 09:17:12.361
!MESSAGE port: COM9

!ENTRY com.st.stm32cube.ide.mpu.remote.serial 1 1 2026-05-03 09:17:12.363
!MESSAGE port: COM4

!ENTRY com.st.stm32cube.ide.mpu.remote.serial 1 1 2026-05-03 09:17:12.364
!MESSAGE port: COM8

!ENTRY com.st.stm32cube.ide.mpu.remote.serial 1 1 2026-05-03 09:17:12.365
!MESSAGE port: COM13

!ENTRY com.st.stm32cube.ide.mpu.remote.serial 1 1 2026-05-03 09:17:12.367
!MESSAGE port: COM12

!ENTRY com.st.stm32cube.ide.mpu.remote.serial 1 1 2026-05-03 09:17:12.368
!MESSAGE port: COM11

!ENTRY com.st.stm32cube.ide.mpu.remote.serial 1 1 2026-05-03 09:17:12.369
!MESSAGE port: COM3

!ENTRY com.st.stm32cube.ide.mpu.remote.serial 1 1 2026-05-03 09:17:12.370
!MESSAGE port: COM10

!ENTRY org.eclipse.cdt.core 1 0 2026-05-03 09:27:19.571
!MESSAGE Indexed 'BMI270' (24 sources, 117 headers) in 3,97 sec: 10.671 declarations; 55.017 references; 2 unresolved inclusions; 42 syntax errors; 147 unresolved names (0,22 %)

!ENTRY org.eclipse.debug.core 4 125 2026-05-03 09:29:23.709
!MESSAGE Error logged from Debug Core: 
!STACK 1
org.eclipse.core.runtime.CoreException: Target not available.
	at org.eclipse.cdt.dsf.concurrent.Query.get(Query.java:112)
	at org.eclipse.cdt.dsf.debug.sourcelookup.DsfSourceLookupParticipant.getSourceName(DsfSourceLookupParticipant.java:164)
	at org.eclipse.cdt.dsf.debug.sourcelookup.DsfSourceLookupParticipant.findSourceElements(DsfSourceLookupParticipant.java:83)
	at org.eclipse.debug.core.sourcelookup.AbstractSourceLookupDirector$SourceLookupQuery.run(AbstractSourceLookupDirector.java:138)
	at org.eclipse.core.runtime.SafeRunner.run(SafeRunner.java:47)
	at org.eclipse.debug.core.sourcelookup.AbstractSourceLookupDirector.doSourceLookup(AbstractSourceLookupDirector.java:473)
	at org.eclipse.debug.core.sourcelookup.AbstractSourceLookupDirector.getSourceElement(AbstractSourceLookupDirector.java:714)
	at org.eclipse.cdt.dsf.debug.ui.sourcelookup.DsfSourceDisplayAdapter$LookupJob.performLookup(DsfSourceDisplayAdapter.java:223)
	at org.eclipse.cdt.dsf.debug.ui.sourcelookup.DsfSourceDisplayAdapter$LookupJob.run(DsfSourceDisplayAdapter.java:203)
	at org.eclipse.core.internal.jobs.Worker.run(Worker.java:63)
!SUBENTRY 1 org.eclipse.cdt.dsf 4 10001 2026-05-03 09:29:23.712
!MESSAGE Target not available.

!ENTRY org.eclipse.cdt.dsf 4 -1 2026-05-03 11:29:06.526
!MESSAGE Invocation exception when calling a service event handler method
!STACK 0
java.lang.reflect.InvocationTargetException
	at java.base/jdk.internal.reflect.DirectMethodHandleAccessor.invoke(DirectMethodHandleAccessor.java:118)
	at java.base/java.lang.reflect.Method.invoke(Method.java:580)
	at org.eclipse.cdt.dsf.service.DsfSession.doDispatchEvent(DsfSession.java:541)
	at org.eclipse.cdt.dsf.service.DsfSession$3.run(DsfSession.java:408)
	at java.base/java.util.concurrent.Executors$RunnableAdapter.call(Executors.java:572)
	at java.base/java.util.concurrent.FutureTask.run(FutureTask.java:317)
	at java.base/java.util.concurrent.ScheduledThreadPoolExecutor$ScheduledFutureTask.run(ScheduledThreadPoolExecutor.java:304)
	at java.base/java.util.concurrent.ThreadPoolExecutor.runWorker(ThreadPoolExecutor.java:1144)
	at java.base/java.util.concurrent.ThreadPoolExecutor$Worker.run(ThreadPoolExecutor.java:642)
	at java.base/java.lang.Thread.run(Thread.java:1583)
Caused by: java.lang.IllegalStateException: RequestMonitor: RequestMonitor (org.eclipse.cdt.dsf.gdb.service.GDBProcesses_7_12$2@17a6707d): Status ERROR: org.eclipse.cdt.dsf.gdb code=10001 Connection is shut down, done() method called more than once
	at org.eclipse.cdt.dsf.concurrent.RequestMonitor.done(RequestMonitor.java:288)
	at org.eclipse.cdt.dsf.concurrent.RequestMonitor.done(RequestMonitor.java:345)
	at org.eclipse.cdt.dsf.gdb.service.GDBRunControl_7_12$3.handleFailure(GDBRunControl_7_12.java:115)
	at org.eclipse.cdt.dsf.concurrent.RequestMonitor.handleCompleted(RequestMonitor.java:393)
	at org.eclipse.cdt.dsf.concurrent.RequestMonitor$2.run(RequestMonitor.java:317)
	at org.eclipse.cdt.dsf.concurrent.ImmediateExecutor.execute(ImmediateExecutor.java:67)
	at org.eclipse.cdt.dsf.concurrent.RequestMonitor.done(RequestMonitor.java:314)
	at org.eclipse.cdt.dsf.mi.service.command.AbstractMIControl.cancelRxCommands(AbstractMIControl.java:353)
	at org.eclipse.cdt.dsf.mi.service.command.AbstractMIControl.stopCommandProcessing(AbstractMIControl.java:325)
	at org.eclipse.cdt.dsf.gdb.service.command.GDBControl_7_0.eventDispatched(GDBControl_7_0.java:130)
	at java.base/jdk.internal.reflect.DirectMethodHandleAccessor.invoke(DirectMethodHandleAccessor.java:103)
	... 9 more
Root exception:
java.lang.IllegalStateException: RequestMonitor: RequestMonitor (org.eclipse.cdt.dsf.gdb.service.GDBProcesses_7_12$2@17a6707d): Status ERROR: org.eclipse.cdt.dsf.gdb code=10001 Connection is shut down, done() method called more than once
	at org.eclipse.cdt.dsf.concurrent.RequestMonitor.done(RequestMonitor.java:288)
	at org.eclipse.cdt.dsf.concurrent.RequestMonitor.done(RequestMonitor.java:345)
	at org.eclipse.cdt.dsf.gdb.service.GDBRunControl_7_12$3.handleFailure(GDBRunControl_7_12.java:115)
	at org.eclipse.cdt.dsf.concurrent.RequestMonitor.handleCompleted(RequestMonitor.java:393)
	at org.eclipse.cdt.dsf.concurrent.RequestMonitor$2.run(RequestMonitor.java:317)
	at org.eclipse.cdt.dsf.concurrent.ImmediateExecutor.execute(ImmediateExecutor.java:67)
	at org.eclipse.cdt.dsf.concurrent.RequestMonitor.done(RequestMonitor.java:314)
	at org.eclipse.cdt.dsf.mi.service.command.AbstractMIControl.cancelRxCommands(AbstractMIControl.java:353)
	at org.eclipse.cdt.dsf.mi.service.command.AbstractMIControl.stopCommandProcessing(AbstractMIControl.java:325)
	at org.eclipse.cdt.dsf.gdb.service.command.GDBControl_7_0.eventDispatched(GDBControl_7_0.java:130)
	at java.base/jdk.internal.reflect.DirectMethodHandleAccessor.invoke(DirectMethodHandleAccessor.java:103)
	at java.base/java.lang.reflect.Method.invoke(Method.java:580)
	at org.eclipse.cdt.dsf.service.DsfSession.doDispatchEvent(DsfSession.java:541)
	at org.eclipse.cdt.dsf.service.DsfSession$3.run(DsfSession.java:408)
	at java.base/java.util.concurrent.Executors$RunnableAdapter.call(Executors.java:572)
	at java.base/java.util.concurrent.FutureTask.run(FutureTask.java:317)
	at java.base/java.util.concurrent.ScheduledThreadPoolExecutor$ScheduledFutureTask.run(ScheduledThreadPoolExecutor.java:304)
	at java.base/java.util.concurrent.ThreadPoolExecutor.runWorker(ThreadPoolExecutor.java:1144)
	at java.base/java.util.concurrent.ThreadPoolExecutor$Worker.run(ThreadPoolExecutor.java:642)
	at java.base/java.lang.Thread.run(Thread.java:1583)

!ENTRY com.st.stm32cube.ide.mpu.remote.serial 1 1 2026-05-03 11:29:10.276
!MESSAGE Executed PowerShell command powershell.exe -Command "Get-CimInstance -ClassName Win32_SerialPort | Select-Object -ExpandProperty DeviceID":
COM7
COM6
COM15
COM16
COM14
COM9
COM4
COM8
COM13
COM12
COM11
COM3
COM10


!ENTRY com.st.stm32cube.ide.mpu.remote.serial 1 1 2026-05-03 11:29:10.277
!MESSAGE port: COM7

!ENTRY com.st.stm32cube.ide.mpu.remote.serial 1 1 2026-05-03 11:29:10.278
!MESSAGE port: COM6

!ENTRY com.st.stm32cube.ide.mpu.remote.serial 1 1 2026-05-03 11:29:10.279
!MESSAGE port: COM15

!ENTRY com.st.stm32cube.ide.mpu.remote.serial 1 1 2026-05-03 11:29:10.280
!MESSAGE port: COM16

!ENTRY com.st.stm32cube.ide.mpu.remote.serial 1 1 2026-05-03 11:29:10.282
!MESSAGE port: COM14

!ENTRY com.st.stm32cube.ide.mpu.remote.serial 1 1 2026-05-03 11:29:10.284
!MESSAGE port: COM9

!ENTRY com.st.stm32cube.ide.mpu.remote.serial 1 1 2026-05-03 11:29:10.284
!MESSAGE port: COM4

!ENTRY com.st.stm32cube.ide.mpu.remote.serial 1 1 2026-05-03 11:29:10.285
!MESSAGE port: COM8

!ENTRY com.st.stm32cube.ide.mpu.remote.serial 1 1 2026-05-03 11:29:10.286
!MESSAGE port: COM13

!ENTRY com.st.stm32cube.ide.mpu.remote.serial 1 1 2026-05-03 11:29:10.287
!MESSAGE port: COM12

!ENTRY com.st.stm32cube.ide.mpu.remote.serial 1 1 2026-05-03 11:29:10.287
!MESSAGE port: COM11

!ENTRY com.st.stm32cube.ide.mpu.remote.serial 1 1 2026-05-03 11:29:10.288
!MESSAGE port: COM3

!ENTRY com.st.stm32cube.ide.mpu.remote.serial 1 1 2026-05-03 11:29:10.289
!MESSAGE port: COM10

!ENTRY com.st.stm32cube.ide.mpu.remote.serial 1 1 2026-05-03 11:29:41.907
!MESSAGE Executed PowerShell command powershell.exe -Command "Get-CimInstance -ClassName Win32_SerialPort | Select-Object -ExpandProperty DeviceID":
COM7
COM6
COM15
COM16
COM14
COM9
COM4
COM8
COM13
COM12
COM11
COM3
COM10


!ENTRY com.st.stm32cube.ide.mpu.remote.serial 1 1 2026-05-03 11:29:41.907
!MESSAGE port: COM7

!ENTRY com.st.stm32cube.ide.mpu.remote.serial 1 1 2026-05-03 11:29:41.907
!MESSAGE port: COM6

!ENTRY com.st.stm32cube.ide.mpu.remote.serial 1 1 2026-05-03 11:29:41.907
!MESSAGE port: COM15

!ENTRY com.st.stm32cube.ide.mpu.remote.serial 1 1 2026-05-03 11:29:41.913
!MESSAGE port: COM16

!ENTRY com.st.stm32cube.ide.mpu.remote.serial 1 1 2026-05-03 11:29:41.913
!MESSAGE port: COM14

!ENTRY com.st.stm32cube.ide.mpu.remote.serial 1 1 2026-05-03 11:29:41.913
!MESSAGE port: COM9

!ENTRY com.st.stm32cube.ide.mpu.remote.serial 1 1 2026-05-03 11:29:41.913
!MESSAGE port: COM4

!ENTRY com.st.stm32cube.ide.mpu.remote.serial 1 1 2026-05-03 11:29:41.913
!MESSAGE port: COM8

!ENTRY com.st.stm32cube.ide.mpu.remote.serial 1 1 2026-05-03 11:29:41.916
!MESSAGE port: COM13

!ENTRY com.st.stm32cube.ide.mpu.remote.serial 1 1 2026-05-03 11:29:41.916
!MESSAGE port: COM12

!ENTRY com.st.stm32cube.ide.mpu.remote.serial 1 1 2026-05-03 11:29:41.916
!MESSAGE port: COM11

!ENTRY com.st.stm32cube.ide.mpu.remote.serial 1 1 2026-05-03 11:29:41.916
!MESSAGE port: COM3

!ENTRY com.st.stm32cube.ide.mpu.remote.serial 1 1 2026-05-03 11:29:41.916
!MESSAGE port: COM10

!ENTRY org.eclipse.core.jobs 4 2 2026-05-03 13:00:52.819
!MESSAGE An internal error occurred during: "Execute Debug Command".
!STACK 0
org.eclipse.core.runtime.AssertionFailedException: assertion failed: The application has not been initialized.
	at org.eclipse.core.runtime.Assert.isTrue(Assert.java:119)
	at org.eclipse.core.internal.runtime.InternalPlatform.assertInitialized(InternalPlatform.java:185)
	at org.eclipse.core.internal.runtime.InternalPlatform.getAdapterManager(InternalPlatform.java:206)
	at org.eclipse.core.runtime.Platform.getAdapterManager(Platform.java:661)
	at org.eclipse.cdt.dsf.gdb.launching.GdbLaunch.getAdapter(GdbLaunch.java:454)
	at org.eclipse.cdt.dsf.gdb.launching.GdbLaunch.disconnect(GdbLaunch.java:338)
	at org.eclipse.debug.internal.core.commands.DisconnectCommand.execute(DisconnectCommand.java:35)
	at org.eclipse.debug.internal.core.commands.ForEachCommand.doExecute(ForEachCommand.java:36)
	at org.eclipse.debug.core.commands.AbstractDebugCommand$1.run(AbstractDebugCommand.java:215)
	at org.eclipse.core.internal.jobs.Worker.run(Worker.java:63)

!ENTRY org.eclipse.core.jobs 2 2 2026-05-03 13:00:53.139
!MESSAGE Job found still running after platform shutdown.  Jobs should be canceled by the plugin that scheduled them during shutdown: org.eclipse.cdt.dsf.gdb.internal.ui.console.GdbBasicCliConsole$InputReadJob RUNNING
	 at java.base/java.lang.Object.wait0(Native Method)
	 at java.base/java.lang.Object.wait(Object.java:366)
	 at java.base/java.lang.Object.wait(Object.java:339)
	 at org.eclipse.ui.console.IOConsoleInputStream.waitForData(IOConsoleInputStream.java:140)
	 at org.eclipse.ui.console.IOConsoleInputStream.read(IOConsoleInputStream.java:91)
	 at org.eclipse.ui.console.IOConsoleInputStream.read(IOConsoleInputStream.java:113)
	 at org.eclipse.cdt.dsf.gdb.internal.ui.console.GdbBasicCliConsole$InputReadJob.run(GdbBasicCliConsole.java:248)
	 at org.eclipse.core.internal.jobs.Worker.run(Worker.java:63)
!SESSION 2026-05-14 11:25:34.691 -----------------------------------------------
eclipse.buildId=Version 2.1.1
java.version=21.0.9
java.vendor=Eclipse Adoptium
BootLoader constants: OS=win32, ARCH=x86_64, WS=win32, NL=es_AR
Framework arguments:  C:\Users\franc\STM32CubeIDE\workspace_2.1.2\LED_STM32WL\.project
Command-line arguments:  -os win32 -ws win32 -arch x86_64 C:\Users\franc\STM32CubeIDE\workspace_2.1.2\LED_STM32WL\.project

!ENTRY com.st.stm32cube.ide.mcu.informationcenter 1 1 2026-05-14 11:25:47.224
!MESSAGE Log4j2 initialized with config file C:\Users\franc\STM32CubeIDE\workspace_2.1.2\.metadata\.log4j2.xml

!ENTRY com.st.stm32cube.ide.mcu.ide 1 1 2026-05-14 11:26:14.702
!MESSAGE Started RMI Server, listening on port 41337

!ENTRY org.eclipse.cdt.core 1 0 2026-05-14 11:26:23.177
!MESSAGE Indexed 'LED_STM32WL' (18 sources, 115 headers) in 4,76 sec: 11.021 declarations; 37.118 references; 1 unresolved inclusions; 76 syntax errors; 240 unresolved names (0,5 %)

!ENTRY com.st.stm32cube.ide.mpu.remote.serial 1 1 2026-05-14 11:26:51.909
!MESSAGE Executed PowerShell command powershell.exe -Command "Get-CimInstance -ClassName Win32_SerialPort | Select-Object -ExpandProperty DeviceID":
COM7
COM6
COM15
COM16
COM14
COM9
COM4
COM8
COM13
COM12
COM11
COM3


!ENTRY com.st.stm32cube.ide.mpu.remote.serial 1 1 2026-05-14 11:26:51.910
!MESSAGE port: COM7

!ENTRY com.st.stm32cube.ide.mpu.remote.serial 1 1 2026-05-14 11:26:51.911
!MESSAGE port: COM6

!ENTRY com.st.stm32cube.ide.mpu.remote.serial 1 1 2026-05-14 11:26:51.912
!MESSAGE port: COM15

!ENTRY com.st.stm32cube.ide.mpu.remote.serial 1 1 2026-05-14 11:26:51.913
!MESSAGE port: COM16

!ENTRY com.st.stm32cube.ide.mpu.remote.serial 1 1 2026-05-14 11:26:51.913
!MESSAGE port: COM14

!ENTRY com.st.stm32cube.ide.mpu.remote.serial 1 1 2026-05-14 11:26:51.914
!MESSAGE port: COM9

!ENTRY com.st.stm32cube.ide.mpu.remote.serial 1 1 2026-05-14 11:26:51.915
!MESSAGE port: COM4

!ENTRY com.st.stm32cube.ide.mpu.remote.serial 1 1 2026-05-14 11:26:51.915
!MESSAGE port: COM8

!ENTRY com.st.stm32cube.ide.mpu.remote.serial 1 1 2026-05-14 11:26:51.916
!MESSAGE port: COM13

!ENTRY com.st.stm32cube.ide.mpu.remote.serial 1 1 2026-05-14 11:26:51.916
!MESSAGE port: COM12

!ENTRY com.st.stm32cube.ide.mpu.remote.serial 1 1 2026-05-14 11:26:51.917
!MESSAGE port: COM11

!ENTRY com.st.stm32cube.ide.mpu.remote.serial 1 1 2026-05-14 11:26:51.918
!MESSAGE port: COM3

!ENTRY com.st.stm32cube.ide.mpu.remote.serial 1 1 2026-05-14 11:31:58.536
!MESSAGE Executed PowerShell command powershell.exe -Command "Get-CimInstance -ClassName Win32_SerialPort | Select-Object -ExpandProperty DeviceID":
COM7
COM6
COM15
COM16
COM14
COM9
COM4
COM8
COM13
COM12
COM11
COM3


!ENTRY com.st.stm32cube.ide.mpu.remote.serial 1 1 2026-05-14 11:31:58.538
!MESSAGE port: COM7

!ENTRY com.st.stm32cube.ide.mpu.remote.serial 1 1 2026-05-14 11:31:58.538
!MESSAGE port: COM6

!ENTRY com.st.stm32cube.ide.mpu.remote.serial 1 1 2026-05-14 11:31:58.539
!MESSAGE port: COM15

!ENTRY com.st.stm32cube.ide.mpu.remote.serial 1 1 2026-05-14 11:31:58.540
!MESSAGE port: COM16

!ENTRY com.st.stm32cube.ide.mpu.remote.serial 1 1 2026-05-14 11:31:58.541
!MESSAGE port: COM14

!ENTRY com.st.stm32cube.ide.mpu.remote.serial 1 1 2026-05-14 11:31:58.542
!MESSAGE port: COM9

!ENTRY com.st.stm32cube.ide.mpu.remote.serial 1 1 2026-05-14 11:31:58.542
!MESSAGE port: COM4

!ENTRY com.st.stm32cube.ide.mpu.remote.serial 1 1 2026-05-14 11:31:58.543
!MESSAGE port: COM8

!ENTRY com.st.stm32cube.ide.mpu.remote.serial 1 1 2026-05-14 11:31:58.544
!MESSAGE port: COM13

!ENTRY com.st.stm32cube.ide.mpu.remote.serial 1 1 2026-05-14 11:31:58.544
!MESSAGE port: COM12

!ENTRY com.st.stm32cube.ide.mpu.remote.serial 1 1 2026-05-14 11:31:58.545
!MESSAGE port: COM11

!ENTRY com.st.stm32cube.ide.mpu.remote.serial 1 1 2026-05-14 11:31:58.546
!MESSAGE port: COM3

!ENTRY com.st.stm32cube.ide.mpu.remote.serial 1 1 2026-05-14 11:38:07.478
!MESSAGE Executed PowerShell command powershell.exe -Command "Get-CimInstance -ClassName Win32_SerialPort | Select-Object -ExpandProperty DeviceID":
COM7
COM6
COM15
COM16
COM14
COM9
COM4
COM8
COM13
COM12
COM11
COM3


!ENTRY com.st.stm32cube.ide.mpu.remote.serial 1 1 2026-05-14 11:38:07.480
!MESSAGE port: COM7

!ENTRY com.st.stm32cube.ide.mpu.remote.serial 1 1 2026-05-14 11:38:07.481
!MESSAGE port: COM6

!ENTRY com.st.stm32cube.ide.mpu.remote.serial 1 1 2026-05-14 11:38:07.481
!MESSAGE port: COM15

!ENTRY com.st.stm32cube.ide.mpu.remote.serial 1 1 2026-05-14 11:38:07.483
!MESSAGE port: COM16

!ENTRY com.st.stm32cube.ide.mpu.remote.serial 1 1 2026-05-14 11:38:07.483
!MESSAGE port: COM14

!ENTRY com.st.stm32cube.ide.mpu.remote.serial 1 1 2026-05-14 11:38:07.485
!MESSAGE port: COM9

!ENTRY com.st.stm32cube.ide.mpu.remote.serial 1 1 2026-05-14 11:38:07.485
!MESSAGE port: COM4

!ENTRY com.st.stm32cube.ide.mpu.remote.serial 1 1 2026-05-14 11:38:07.485
!MESSAGE port: COM8

!ENTRY com.st.stm32cube.ide.mpu.remote.serial 1 1 2026-05-14 11:38:07.485
!MESSAGE port: COM13

!ENTRY com.st.stm32cube.ide.mpu.remote.serial 1 1 2026-05-14 11:38:07.485
!MESSAGE port: COM12

!ENTRY com.st.stm32cube.ide.mpu.remote.serial 1 1 2026-05-14 11:38:07.485
!MESSAGE port: COM11

!ENTRY com.st.stm32cube.ide.mpu.remote.serial 1 1 2026-05-14 11:38:07.485
!MESSAGE port: COM3

!ENTRY com.st.stm32cube.ide.mcu.toolchain 4 4 2026-05-14 11:48:13.702
!MESSAGE ST-LINK GDB server failed to start (exit code = 6)

!ENTRY org.eclipse.cdt.dsf.gdb 4 5012 2026-05-14 11:48:13.787
!MESSAGE Error in final launch sequence:

Failed to start GDB server
!STACK 1
org.eclipse.core.runtime.CoreException: Failed to start GDB server
	at org.eclipse.cdt.dsf.concurrent.Query.get(Query.java:112)
	at org.eclipse.cdt.dsf.gdb.launching.GdbLaunchDelegate.launchDebugSession(GdbLaunchDelegate.java:252)
	at org.eclipse.cdt.dsf.gdb.launching.GdbLaunchDelegate.launchDebugger(GdbLaunchDelegate.java:109)
	at org.eclipse.cdt.dsf.gdb.launching.GdbLaunchDelegate.launch(GdbLaunchDelegate.java:97)
	at com.st.stm32cube.ide.mcu.debug.launch.DSFDelegate.launch(DSFDelegate.java:337)
	at org.eclipse.debug.internal.core.LaunchConfiguration.launch(LaunchConfiguration.java:805)
	at org.eclipse.debug.internal.core.LaunchConfiguration.launch(LaunchConfiguration.java:716)
	at org.eclipse.debug.internal.ui.DebugUIPlugin.buildAndLaunch(DebugUIPlugin.java:1054)
	at org.eclipse.debug.internal.ui.DebugUIPlugin$1.run(DebugUIPlugin.java:1257)
	at org.eclipse.core.internal.jobs.Worker.run(Worker.java:63)
Caused by: org.eclipse.core.runtime.CoreException: Error in initializing ST-LINK device.
Reason: (6) ST-LINK firmware upgrade required.
Please upgrade the ST-LINK firmware using the upgrade tool. Reconnect ST-LINK and click OK
	at com.st.stm32cube.ide.mcu.debug.stlink.StLinkDebugHardware.verifyServer(StLinkDebugHardware.java:2149)
	at com.st.stm32cube.ide.mcu.debug.launch.export.HardwareDebugUtil.startServer(HardwareDebugUtil.java:369)
	at com.st.stm32cube.ide.mcu.debug.launch.export.HardwareDebugUtil.startServer(HardwareDebugUtil.java:113)
	at com.st.stm32cube.ide.mcu.debug.launch.LaunchSequenceUtil.stepStartGDBServer(LaunchSequenceUtil.java:206)
	at com.st.stm32cube.ide.mcu.debug.launch.GDBExtendedJtagDSFFinalLaunchSequence_7_12.stepStartGDBServer(GDBExtendedJtagDSFFinalLaunchSequence_7_12.java:104)
	at java.base/jdk.internal.reflect.DirectMethodHandleAccessor.invoke(DirectMethodHandleAccessor.java:103)
	at java.base/java.lang.reflect.Method.invoke(Method.java:580)
	at org.eclipse.cdt.dsf.concurrent.ReflectionSequence$ReflectionStep.execute(ReflectionSequence.java:160)
	at org.eclipse.cdt.dsf.concurrent.Sequence.executeStep(Sequence.java:475)
	at org.eclipse.cdt.dsf.concurrent.Sequence$2.handleSuccess(Sequence.java:437)
	at org.eclipse.cdt.dsf.concurrent.RequestMonitor.handleCompleted(RequestMonitor.java:391)
	at org.eclipse.cdt.dsf.concurrent.RequestMonitor$2.run(RequestMonitor.java:317)
	at java.base/java.util.concurrent.Executors$RunnableAdapter.call(Executors.java:572)
	at java.base/java.util.concurrent.FutureTask.run(FutureTask.java:317)
	at java.base/java.util.concurrent.ScheduledThreadPoolExecutor$ScheduledFutureTask.run(ScheduledThreadPoolExecutor.java:304)
	at java.base/java.util.concurrent.ThreadPoolExecutor.runWorker(ThreadPoolExecutor.java:1144)
	at java.base/java.util.concurrent.ThreadPoolExecutor$Worker.run(ThreadPoolExecutor.java:642)
	at java.base/java.lang.Thread.run(Thread.java:1583)
!SUBENTRY 1 com.st.stm32cube.ide.mcu.debug.launch 4 0 2026-05-14 11:48:13.789
!MESSAGE Failed to start GDB server
!STACK 1
org.eclipse.core.runtime.CoreException: Error in initializing ST-LINK device.
Reason: (6) ST-LINK firmware upgrade required.
Please upgrade the ST-LINK firmware using the upgrade tool. Reconnect ST-LINK and click OK
	at com.st.stm32cube.ide.mcu.debug.stlink.StLinkDebugHardware.verifyServer(StLinkDebugHardware.java:2149)
	at com.st.stm32cube.ide.mcu.debug.launch.export.HardwareDebugUtil.startServer(HardwareDebugUtil.java:369)
	at com.st.stm32cube.ide.mcu.debug.launch.export.HardwareDebugUtil.startServer(HardwareDebugUtil.java:113)
	at com.st.stm32cube.ide.mcu.debug.launch.LaunchSequenceUtil.stepStartGDBServer(LaunchSequenceUtil.java:206)
	at com.st.stm32cube.ide.mcu.debug.launch.GDBExtendedJtagDSFFinalLaunchSequence_7_12.stepStartGDBServer(GDBExtendedJtagDSFFinalLaunchSequence_7_12.java:104)
	at java.base/jdk.internal.reflect.DirectMethodHandleAccessor.invoke(DirectMethodHandleAccessor.java:103)
	at java.base/java.lang.reflect.Method.invoke(Method.java:580)
	at org.eclipse.cdt.dsf.concurrent.ReflectionSequence$ReflectionStep.execute(ReflectionSequence.java:160)
	at org.eclipse.cdt.dsf.concurrent.Sequence.executeStep(Sequence.java:475)
	at org.eclipse.cdt.dsf.concurrent.Sequence$2.handleSuccess(Sequence.java:437)
	at org.eclipse.cdt.dsf.concurrent.RequestMonitor.handleCompleted(RequestMonitor.java:391)
	at org.eclipse.cdt.dsf.concurrent.RequestMonitor$2.run(RequestMonitor.java:317)
	at java.base/java.util.concurrent.Executors$RunnableAdapter.call(Executors.java:572)
	at java.base/java.util.concurrent.FutureTask.run(FutureTask.java:317)
	at java.base/java.util.concurrent.ScheduledThreadPoolExecutor$ScheduledFutureTask.run(ScheduledThreadPoolExecutor.java:304)
	at java.base/java.util.concurrent.ThreadPoolExecutor.runWorker(ThreadPoolExecutor.java:1144)
	at java.base/java.util.concurrent.ThreadPoolExecutor$Worker.run(ThreadPoolExecutor.java:642)
	at java.base/java.lang.Thread.run(Thread.java:1583)
!SUBENTRY 2 com.st.stm32cube.ide.mcu.toolchain 4 0 2026-05-14 11:48:13.789
!MESSAGE Error in initializing ST-LINK device.
Reason: (6) ST-LINK firmware upgrade required.
Please upgrade the ST-LINK firmware using the upgrade tool. Reconnect ST-LINK and click OK

!ENTRY com.st.stm32cube.ide.mcu.toolchain 4 4 2026-05-14 11:49:04.266
!MESSAGE ST-LINK GDB server failed to start (exit code = 6)

!ENTRY org.eclipse.cdt.dsf.gdb 4 5012 2026-05-14 11:49:04.311
!MESSAGE Error in final launch sequence:

Failed to start GDB server
!STACK 1
org.eclipse.core.runtime.CoreException: Failed to start GDB server
	at org.eclipse.cdt.dsf.concurrent.Query.get(Query.java:112)
	at org.eclipse.cdt.dsf.gdb.launching.GdbLaunchDelegate.launchDebugSession(GdbLaunchDelegate.java:252)
	at org.eclipse.cdt.dsf.gdb.launching.GdbLaunchDelegate.launchDebugger(GdbLaunchDelegate.java:109)
	at org.eclipse.cdt.dsf.gdb.launching.GdbLaunchDelegate.launch(GdbLaunchDelegate.java:97)
	at com.st.stm32cube.ide.mcu.debug.launch.DSFDelegate.launch(DSFDelegate.java:337)
	at org.eclipse.debug.internal.core.LaunchConfiguration.launch(LaunchConfiguration.java:805)
	at org.eclipse.debug.internal.core.LaunchConfiguration.launch(LaunchConfiguration.java:716)
	at org.eclipse.debug.internal.ui.DebugUIPlugin.buildAndLaunch(DebugUIPlugin.java:1054)
	at org.eclipse.debug.internal.ui.DebugUIPlugin$1.run(DebugUIPlugin.java:1257)
	at org.eclipse.core.internal.jobs.Worker.run(Worker.java:63)
Caused by: org.eclipse.core.runtime.CoreException: Error in initializing ST-LINK device.
Reason: (6) ST-LINK firmware upgrade required.
Please upgrade the ST-LINK firmware using the upgrade tool. Reconnect ST-LINK and click OK
	at com.st.stm32cube.ide.mcu.debug.stlink.StLinkDebugHardware.verifyServer(StLinkDebugHardware.java:2149)
	at com.st.stm32cube.ide.mcu.debug.launch.export.HardwareDebugUtil.startServer(HardwareDebugUtil.java:369)
	at com.st.stm32cube.ide.mcu.debug.launch.export.HardwareDebugUtil.startServer(HardwareDebugUtil.java:113)
	at com.st.stm32cube.ide.mcu.debug.launch.LaunchSequenceUtil.stepStartGDBServer(LaunchSequenceUtil.java:206)
	at com.st.stm32cube.ide.mcu.debug.launch.GDBExtendedJtagDSFFinalLaunchSequence_7_12.stepStartGDBServer(GDBExtendedJtagDSFFinalLaunchSequence_7_12.java:104)
	at java.base/jdk.internal.reflect.DirectMethodHandleAccessor.invoke(DirectMethodHandleAccessor.java:103)
	at java.base/java.lang.reflect.Method.invoke(Method.java:580)
	at org.eclipse.cdt.dsf.concurrent.ReflectionSequence$ReflectionStep.execute(ReflectionSequence.java:160)
	at org.eclipse.cdt.dsf.concurrent.Sequence.executeStep(Sequence.java:475)
	at org.eclipse.cdt.dsf.concurrent.Sequence$2.handleSuccess(Sequence.java:437)
	at org.eclipse.cdt.dsf.concurrent.RequestMonitor.handleCompleted(RequestMonitor.java:391)
	at org.eclipse.cdt.dsf.concurrent.RequestMonitor$2.run(RequestMonitor.java:317)
	at java.base/java.util.concurrent.Executors$RunnableAdapter.call(Executors.java:572)
	at java.base/java.util.concurrent.FutureTask.run(FutureTask.java:317)
	at java.base/java.util.concurrent.ScheduledThreadPoolExecutor$ScheduledFutureTask.run(ScheduledThreadPoolExecutor.java:304)
	at java.base/java.util.concurrent.ThreadPoolExecutor.runWorker(ThreadPoolExecutor.java:1144)
	at java.base/java.util.concurrent.ThreadPoolExecutor$Worker.run(ThreadPoolExecutor.java:642)
	at java.base/java.lang.Thread.run(Thread.java:1583)
!SUBENTRY 1 com.st.stm32cube.ide.mcu.debug.launch 4 0 2026-05-14 11:49:04.312
!MESSAGE Failed to start GDB server
!STACK 1
org.eclipse.core.runtime.CoreException: Error in initializing ST-LINK device.
Reason: (6) ST-LINK firmware upgrade required.
Please upgrade the ST-LINK firmware using the upgrade tool. Reconnect ST-LINK and click OK
	at com.st.stm32cube.ide.mcu.debug.stlink.StLinkDebugHardware.verifyServer(StLinkDebugHardware.java:2149)
	at com.st.stm32cube.ide.mcu.debug.launch.export.HardwareDebugUtil.startServer(HardwareDebugUtil.java:369)
	at com.st.stm32cube.ide.mcu.debug.launch.export.HardwareDebugUtil.startServer(HardwareDebugUtil.java:113)
	at com.st.stm32cube.ide.mcu.debug.launch.LaunchSequenceUtil.stepStartGDBServer(LaunchSequenceUtil.java:206)
	at com.st.stm32cube.ide.mcu.debug.launch.GDBExtendedJtagDSFFinalLaunchSequence_7_12.stepStartGDBServer(GDBExtendedJtagDSFFinalLaunchSequence_7_12.java:104)
	at java.base/jdk.internal.reflect.DirectMethodHandleAccessor.invoke(DirectMethodHandleAccessor.java:103)
	at java.base/java.lang.reflect.Method.invoke(Method.java:580)
	at org.eclipse.cdt.dsf.concurrent.ReflectionSequence$ReflectionStep.execute(ReflectionSequence.java:160)
	at org.eclipse.cdt.dsf.concurrent.Sequence.executeStep(Sequence.java:475)
	at org.eclipse.cdt.dsf.concurrent.Sequence$2.handleSuccess(Sequence.java:437)
	at org.eclipse.cdt.dsf.concurrent.RequestMonitor.handleCompleted(RequestMonitor.java:391)
	at org.eclipse.cdt.dsf.concurrent.RequestMonitor$2.run(RequestMonitor.java:317)
	at java.base/java.util.concurrent.Executors$RunnableAdapter.call(Executors.java:572)
	at java.base/java.util.concurrent.FutureTask.run(FutureTask.java:317)
	at java.base/java.util.concurrent.ScheduledThreadPoolExecutor$ScheduledFutureTask.run(ScheduledThreadPoolExecutor.java:304)
	at java.base/java.util.concurrent.ThreadPoolExecutor.runWorker(ThreadPoolExecutor.java:1144)
	at java.base/java.util.concurrent.ThreadPoolExecutor$Worker.run(ThreadPoolExecutor.java:642)
	at java.base/java.lang.Thread.run(Thread.java:1583)
!SUBENTRY 2 com.st.stm32cube.ide.mcu.toolchain 4 0 2026-05-14 11:49:04.312
!MESSAGE Error in initializing ST-LINK device.
Reason: (6) ST-LINK firmware upgrade required.
Please upgrade the ST-LINK firmware using the upgrade tool. Reconnect ST-LINK and click OK

!ENTRY org.eclipse.cdt.dsf.gdb 4 5012 2026-05-14 11:52:20.487
!MESSAGE Error in final launch sequence:

Failed to execute MI command:
target remote localhost:61234

Error message from debugger back end:
could not connect (error 138): El sistema ha intentado unir una unidad a un directorio de una unidad ya unida.
!STACK 1
org.eclipse.core.runtime.CoreException: Failed to execute MI command:
target remote localhost:61234

Error message from debugger back end:
could not connect (error 138): El sistema ha intentado unir una unidad a un directorio de una unidad ya unida.
	at org.eclipse.cdt.dsf.concurrent.Query.get(Query.java:112)
	at org.eclipse.cdt.dsf.gdb.launching.GdbLaunchDelegate.launchDebugSession(GdbLaunchDelegate.java:252)
	at org.eclipse.cdt.dsf.gdb.launching.GdbLaunchDelegate.launchDebugger(GdbLaunchDelegate.java:109)
	at org.eclipse.cdt.dsf.gdb.launching.GdbLaunchDelegate.launch(GdbLaunchDelegate.java:97)
	at com.st.stm32cube.ide.mcu.debug.launch.DSFDelegate.launch(DSFDelegate.java:337)
	at org.eclipse.debug.internal.core.LaunchConfiguration.launch(LaunchConfiguration.java:805)
	at org.eclipse.debug.internal.core.LaunchConfiguration.launch(LaunchConfiguration.java:716)
	at org.eclipse.debug.internal.ui.DebugUIPlugin.buildAndLaunch(DebugUIPlugin.java:1054)
	at org.eclipse.debug.internal.ui.DebugUIPlugin$1.run(DebugUIPlugin.java:1257)
	at org.eclipse.core.internal.jobs.Worker.run(Worker.java:63)
Caused by: java.lang.Exception: could not connect (error 138): El sistema ha intentado unir una unidad a un directorio de una unidad ya unida.
	at org.eclipse.cdt.dsf.mi.service.command.AbstractMIControl$RxThread.processMIOutput(AbstractMIControl.java:1024)
	at org.eclipse.cdt.dsf.mi.service.command.AbstractMIControl$RxThread.run(AbstractMIControl.java:853)
!SUBENTRY 1 org.eclipse.cdt.dsf.gdb 4 10004 2026-05-14 11:52:20.489
!MESSAGE Failed to execute MI command:
target remote localhost:61234

Error message from debugger back end:
could not connect (error 138): El sistema ha intentado unir una unidad a un directorio de una unidad ya unida.
!STACK 0
java.lang.Exception: could not connect (error 138): El sistema ha intentado unir una unidad a un directorio de una unidad ya unida.
	at org.eclipse.cdt.dsf.mi.service.command.AbstractMIControl$RxThread.processMIOutput(AbstractMIControl.java:1024)
	at org.eclipse.cdt.dsf.mi.service.command.AbstractMIControl$RxThread.run(AbstractMIControl.java:853)

!ENTRY org.eclipse.cdt.dsf.gdb 4 5012 2026-05-14 11:53:17.875
!MESSAGE Error in final launch sequence:

Failed to execute MI command:
target remote localhost:61234

Error message from debugger back end:
could not connect (error 138): El sistema ha intentado unir una unidad a un directorio de una unidad ya unida.
!STACK 1
org.eclipse.core.runtime.CoreException: Failed to execute MI command:
target remote localhost:61234

Error message from debugger back end:
could not connect (error 138): El sistema ha intentado unir una unidad a un directorio de una unidad ya unida.
	at org.eclipse.cdt.dsf.concurrent.Query.get(Query.java:112)
	at org.eclipse.cdt.dsf.gdb.launching.GdbLaunchDelegate.launchDebugSession(GdbLaunchDelegate.java:252)
	at org.eclipse.cdt.dsf.gdb.launching.GdbLaunchDelegate.launchDebugger(GdbLaunchDelegate.java:109)
	at org.eclipse.cdt.dsf.gdb.launching.GdbLaunchDelegate.launch(GdbLaunchDelegate.java:97)
	at com.st.stm32cube.ide.mcu.debug.launch.DSFDelegate.launch(DSFDelegate.java:337)
	at org.eclipse.debug.internal.core.LaunchConfiguration.launch(LaunchConfiguration.java:805)
	at org.eclipse.debug.internal.core.LaunchConfiguration.launch(LaunchConfiguration.java:716)
	at org.eclipse.debug.internal.ui.DebugUIPlugin.buildAndLaunch(DebugUIPlugin.java:1054)
	at org.eclipse.debug.internal.ui.DebugUIPlugin$1.run(DebugUIPlugin.java:1257)
	at org.eclipse.core.internal.jobs.Worker.run(Worker.java:63)
Caused by: java.lang.Exception: could not connect (error 138): El sistema ha intentado unir una unidad a un directorio de una unidad ya unida.
	at org.eclipse.cdt.dsf.mi.service.command.AbstractMIControl$RxThread.processMIOutput(AbstractMIControl.java:1024)
	at org.eclipse.cdt.dsf.mi.service.command.AbstractMIControl$RxThread.run(AbstractMIControl.java:853)
!SUBENTRY 1 org.eclipse.cdt.dsf.gdb 4 10004 2026-05-14 11:53:17.875
!MESSAGE Failed to execute MI command:
target remote localhost:61234

Error message from debugger back end:
could not connect (error 138): El sistema ha intentado unir una unidad a un directorio de una unidad ya unida.
!STACK 0
java.lang.Exception: could not connect (error 138): El sistema ha intentado unir una unidad a un directorio de una unidad ya unida.
	at org.eclipse.cdt.dsf.mi.service.command.AbstractMIControl$RxThread.processMIOutput(AbstractMIControl.java:1024)
	at org.eclipse.cdt.dsf.mi.service.command.AbstractMIControl$RxThread.run(AbstractMIControl.java:853)

!ENTRY org.eclipse.cdt.dsf.gdb 4 5012 2026-05-14 11:58:02.556
!MESSAGE Error in final launch sequence:

Failed to execute MI command:
target remote localhost:61234

Error message from debugger back end:
could not connect (error 138): El sistema ha intentado unir una unidad a un directorio de una unidad ya unida.
!STACK 1
org.eclipse.core.runtime.CoreException: Failed to execute MI command:
target remote localhost:61234

Error message from debugger back end:
could not connect (error 138): El sistema ha intentado unir una unidad a un directorio de una unidad ya unida.
	at org.eclipse.cdt.dsf.concurrent.Query.get(Query.java:112)
	at org.eclipse.cdt.dsf.gdb.launching.GdbLaunchDelegate.launchDebugSession(GdbLaunchDelegate.java:252)
	at org.eclipse.cdt.dsf.gdb.launching.GdbLaunchDelegate.launchDebugger(GdbLaunchDelegate.java:109)
	at org.eclipse.cdt.dsf.gdb.launching.GdbLaunchDelegate.launch(GdbLaunchDelegate.java:97)
	at com.st.stm32cube.ide.mcu.debug.launch.DSFDelegate.launch(DSFDelegate.java:337)
	at org.eclipse.debug.internal.core.LaunchConfiguration.launch(LaunchConfiguration.java:805)
	at org.eclipse.debug.internal.core.LaunchConfiguration.launch(LaunchConfiguration.java:716)
	at org.eclipse.debug.internal.ui.DebugUIPlugin.buildAndLaunch(DebugUIPlugin.java:1054)
	at org.eclipse.debug.internal.ui.DebugUIPlugin$1.run(DebugUIPlugin.java:1257)
	at org.eclipse.core.internal.jobs.Worker.run(Worker.java:63)
Caused by: java.lang.Exception: could not connect (error 138): El sistema ha intentado unir una unidad a un directorio de una unidad ya unida.
	at org.eclipse.cdt.dsf.mi.service.command.AbstractMIControl$RxThread.processMIOutput(AbstractMIControl.java:1024)
	at org.eclipse.cdt.dsf.mi.service.command.AbstractMIControl$RxThread.run(AbstractMIControl.java:853)
!SUBENTRY 1 org.eclipse.cdt.dsf.gdb 4 10004 2026-05-14 11:58:02.556
!MESSAGE Failed to execute MI command:
target remote localhost:61234

Error message from debugger back end:
could not connect (error 138): El sistema ha intentado unir una unidad a un directorio de una unidad ya unida.
!STACK 0
java.lang.Exception: could not connect (error 138): El sistema ha intentado unir una unidad a un directorio de una unidad ya unida.
	at org.eclipse.cdt.dsf.mi.service.command.AbstractMIControl$RxThread.processMIOutput(AbstractMIControl.java:1024)
	at org.eclipse.cdt.dsf.mi.service.command.AbstractMIControl$RxThread.run(AbstractMIControl.java:853)

!ENTRY org.eclipse.cdt.dsf.gdb 4 5012 2026-05-14 11:58:56.501
!MESSAGE Error in final launch sequence:

Failed to execute MI command:
target remote localhost:61240

Error message from debugger back end:
could not connect (error 138): El sistema ha intentado unir una unidad a un directorio de una unidad ya unida.
!STACK 1
org.eclipse.core.runtime.CoreException: Failed to execute MI command:
target remote localhost:61240

Error message from debugger back end:
could not connect (error 138): El sistema ha intentado unir una unidad a un directorio de una unidad ya unida.
	at org.eclipse.cdt.dsf.concurrent.Query.get(Query.java:112)
	at org.eclipse.cdt.dsf.gdb.launching.GdbLaunchDelegate.launchDebugSession(GdbLaunchDelegate.java:252)
	at org.eclipse.cdt.dsf.gdb.launching.GdbLaunchDelegate.launchDebugger(GdbLaunchDelegate.java:109)
	at org.eclipse.cdt.dsf.gdb.launching.GdbLaunchDelegate.launch(GdbLaunchDelegate.java:97)
	at com.st.stm32cube.ide.mcu.debug.launch.DSFDelegate.launch(DSFDelegate.java:337)
	at org.eclipse.debug.internal.core.LaunchConfiguration.launch(LaunchConfiguration.java:805)
	at org.eclipse.debug.internal.core.LaunchConfiguration.launch(LaunchConfiguration.java:716)
	at org.eclipse.debug.internal.ui.DebugUIPlugin.buildAndLaunch(DebugUIPlugin.java:1054)
	at org.eclipse.debug.internal.ui.DebugUIPlugin$1.run(DebugUIPlugin.java:1257)
	at org.eclipse.core.internal.jobs.Worker.run(Worker.java:63)
Caused by: java.lang.Exception: could not connect (error 138): El sistema ha intentado unir una unidad a un directorio de una unidad ya unida.
	at org.eclipse.cdt.dsf.mi.service.command.AbstractMIControl$RxThread.processMIOutput(AbstractMIControl.java:1024)
	at org.eclipse.cdt.dsf.mi.service.command.AbstractMIControl$RxThread.run(AbstractMIControl.java:853)
!SUBENTRY 1 org.eclipse.cdt.dsf.gdb 4 10004 2026-05-14 11:58:56.501
!MESSAGE Failed to execute MI command:
target remote localhost:61240

Error message from debugger back end:
could not connect (error 138): El sistema ha intentado unir una unidad a un directorio de una unidad ya unida.
!STACK 0
java.lang.Exception: could not connect (error 138): El sistema ha intentado unir una unidad a un directorio de una unidad ya unida.
	at org.eclipse.cdt.dsf.mi.service.command.AbstractMIControl$RxThread.processMIOutput(AbstractMIControl.java:1024)
	at org.eclipse.cdt.dsf.mi.service.command.AbstractMIControl$RxThread.run(AbstractMIControl.java:853)

!ENTRY org.eclipse.cdt.dsf.gdb 4 5012 2026-05-14 12:00:35.996
!MESSAGE Error in final launch sequence:

Failed to execute MI command:
target extended-remote localhost:3333

Error message from debugger back end:
could not connect (error 138): El sistema ha intentado unir una unidad a un directorio de una unidad ya unida.
!STACK 1
org.eclipse.core.runtime.CoreException: Failed to execute MI command:
target extended-remote localhost:3333

Error message from debugger back end:
could not connect (error 138): El sistema ha intentado unir una unidad a un directorio de una unidad ya unida.
	at org.eclipse.cdt.dsf.concurrent.Query.get(Query.java:112)
	at org.eclipse.cdt.dsf.gdb.launching.GdbLaunchDelegate.launchDebugSession(GdbLaunchDelegate.java:252)
	at org.eclipse.cdt.dsf.gdb.launching.GdbLaunchDelegate.launchDebugger(GdbLaunchDelegate.java:109)
	at org.eclipse.cdt.dsf.gdb.launching.GdbLaunchDelegate.launch(GdbLaunchDelegate.java:97)
	at com.st.stm32cube.ide.mcu.debug.launch.DSFDelegate.launch(DSFDelegate.java:337)
	at org.eclipse.debug.internal.core.LaunchConfiguration.launch(LaunchConfiguration.java:805)
	at org.eclipse.debug.internal.core.LaunchConfiguration.launch(LaunchConfiguration.java:716)
	at org.eclipse.debug.internal.ui.DebugUIPlugin.buildAndLaunch(DebugUIPlugin.java:1054)
	at org.eclipse.debug.internal.ui.DebugUIPlugin$1.run(DebugUIPlugin.java:1257)
	at org.eclipse.core.internal.jobs.Worker.run(Worker.java:63)
Caused by: java.lang.Exception: could not connect (error 138): El sistema ha intentado unir una unidad a un directorio de una unidad ya unida.
	at org.eclipse.cdt.dsf.mi.service.command.AbstractMIControl$RxThread.processMIOutput(AbstractMIControl.java:1024)
	at org.eclipse.cdt.dsf.mi.service.command.AbstractMIControl$RxThread.run(AbstractMIControl.java:853)
!SUBENTRY 1 org.eclipse.cdt.dsf.gdb 4 10004 2026-05-14 12:00:35.996
!MESSAGE Failed to execute MI command:
target extended-remote localhost:3333

Error message from debugger back end:
could not connect (error 138): El sistema ha intentado unir una unidad a un directorio de una unidad ya unida.
!STACK 0
java.lang.Exception: could not connect (error 138): El sistema ha intentado unir una unidad a un directorio de una unidad ya unida.
	at org.eclipse.cdt.dsf.mi.service.command.AbstractMIControl$RxThread.processMIOutput(AbstractMIControl.java:1024)
	at org.eclipse.cdt.dsf.mi.service.command.AbstractMIControl$RxThread.run(AbstractMIControl.java:853)

!ENTRY org.eclipse.cdt.dsf.gdb 4 5012 2026-05-14 12:01:56.402
!MESSAGE Error in final launch sequence:

Failed to execute MI command:
load C:\\Users\\franc\\STM32CubeIDE\\workspace_2.1.2\\LED_STM32WL\\Debug\\LED_STM32WL.elf 

Error message from debugger back end:
Error erasing flash with vFlashErase packet
!STACK 1
org.eclipse.core.runtime.CoreException: Failed to execute MI command:
load C:\\Users\\franc\\STM32CubeIDE\\workspace_2.1.2\\LED_STM32WL\\Debug\\LED_STM32WL.elf 

Error message from debugger back end:
Error erasing flash with vFlashErase packet
	at org.eclipse.cdt.dsf.concurrent.Query.get(Query.java:112)
	at org.eclipse.cdt.dsf.gdb.launching.GdbLaunchDelegate.launchDebugSession(GdbLaunchDelegate.java:252)
	at org.eclipse.cdt.dsf.gdb.launching.GdbLaunchDelegate.launchDebugger(GdbLaunchDelegate.java:109)
	at org.eclipse.cdt.dsf.gdb.launching.GdbLaunchDelegate.launch(GdbLaunchDelegate.java:97)
	at com.st.stm32cube.ide.mcu.debug.launch.DSFDelegate.launch(DSFDelegate.java:337)
	at org.eclipse.debug.internal.core.LaunchConfiguration.launch(LaunchConfiguration.java:805)
	at org.eclipse.debug.internal.core.LaunchConfiguration.launch(LaunchConfiguration.java:716)
	at org.eclipse.debug.internal.ui.DebugUIPlugin.buildAndLaunch(DebugUIPlugin.java:1054)
	at org.eclipse.debug.internal.ui.DebugUIPlugin$1.run(DebugUIPlugin.java:1257)
	at org.eclipse.core.internal.jobs.Worker.run(Worker.java:63)
Contains: Failed to execute MI command:
load C:\\Users\\franc\\STM32CubeIDE\\workspace_2.1.2\\LED_STM32WL\\Debug\\LED_STM32WL.elf 

Error message from debugger back end:
Error erasing flash with vFlashErase packet
java.lang.Exception: Error erasing flash with vFlashErase packet
	at org.eclipse.cdt.dsf.mi.service.command.AbstractMIControl$RxThread.processMIOutput(AbstractMIControl.java:1024)
	at org.eclipse.cdt.dsf.mi.service.command.AbstractMIControl$RxThread.run(AbstractMIControl.java:853)
!SUBENTRY 1 org.eclipse.cdt.dsf 4 10004 2026-05-14 12:01:56.403
!MESSAGE Failed to execute MI command:
load C:\\Users\\franc\\STM32CubeIDE\\workspace_2.1.2\\LED_STM32WL\\Debug\\LED_STM32WL.elf 

Error message from debugger back end:
Error erasing flash with vFlashErase packet
!SUBENTRY 2 org.eclipse.cdt.dsf.gdb 4 10004 2026-05-14 12:01:56.403
!MESSAGE Failed to execute MI command:
load C:\\Users\\franc\\STM32CubeIDE\\workspace_2.1.2\\LED_STM32WL\\Debug\\LED_STM32WL.elf 

Error message from debugger back end:
Error erasing flash with vFlashErase packet
!STACK 0
java.lang.Exception: Error erasing flash with vFlashErase packet
	at org.eclipse.cdt.dsf.mi.service.command.AbstractMIControl$RxThread.processMIOutput(AbstractMIControl.java:1024)
	at org.eclipse.cdt.dsf.mi.service.command.AbstractMIControl$RxThread.run(AbstractMIControl.java:853)

!ENTRY org.eclipse.cdt.dsf.gdb 4 5012 2026-05-14 12:43:48.008
!MESSAGE Error in final launch sequence:

Failed to execute MI command:
target extended-remote localhost:3333

Error message from debugger back end:
could not connect (error 138): El sistema ha intentado unir una unidad a un directorio de una unidad ya unida.
!STACK 1
org.eclipse.core.runtime.CoreException: Failed to execute MI command:
target extended-remote localhost:3333

Error message from debugger back end:
could not connect (error 138): El sistema ha intentado unir una unidad a un directorio de una unidad ya unida.
	at org.eclipse.cdt.dsf.concurrent.Query.get(Query.java:112)
	at org.eclipse.cdt.dsf.gdb.launching.GdbLaunchDelegate.launchDebugSession(GdbLaunchDelegate.java:252)
	at org.eclipse.cdt.dsf.gdb.launching.GdbLaunchDelegate.launchDebugger(GdbLaunchDelegate.java:109)
	at org.eclipse.cdt.dsf.gdb.launching.GdbLaunchDelegate.launch(GdbLaunchDelegate.java:97)
	at com.st.stm32cube.ide.mcu.debug.launch.DSFDelegate.launch(DSFDelegate.java:337)
	at org.eclipse.debug.internal.core.LaunchConfiguration.launch(LaunchConfiguration.java:805)
	at org.eclipse.debug.internal.core.LaunchConfiguration.launch(LaunchConfiguration.java:716)
	at org.eclipse.debug.internal.ui.DebugUIPlugin.buildAndLaunch(DebugUIPlugin.java:1054)
	at org.eclipse.debug.internal.ui.DebugUIPlugin$1.run(DebugUIPlugin.java:1257)
	at org.eclipse.core.internal.jobs.Worker.run(Worker.java:63)
Caused by: java.lang.Exception: could not connect (error 138): El sistema ha intentado unir una unidad a un directorio de una unidad ya unida.
	at org.eclipse.cdt.dsf.mi.service.command.AbstractMIControl$RxThread.processMIOutput(AbstractMIControl.java:1024)
	at org.eclipse.cdt.dsf.mi.service.command.AbstractMIControl$RxThread.run(AbstractMIControl.java:853)
!SUBENTRY 1 org.eclipse.cdt.dsf.gdb 4 10004 2026-05-14 12:43:48.008
!MESSAGE Failed to execute MI command:
target extended-remote localhost:3333

Error message from debugger back end:
could not connect (error 138): El sistema ha intentado unir una unidad a un directorio de una unidad ya unida.
!STACK 0
java.lang.Exception: could not connect (error 138): El sistema ha intentado unir una unidad a un directorio de una unidad ya unida.
	at org.eclipse.cdt.dsf.mi.service.command.AbstractMIControl$RxThread.processMIOutput(AbstractMIControl.java:1024)
	at org.eclipse.cdt.dsf.mi.service.command.AbstractMIControl$RxThread.run(AbstractMIControl.java:853)

!ENTRY org.eclipse.cdt.dsf.gdb 4 5012 2026-05-14 12:47:32.449
!MESSAGE Error in final launch sequence:

Failed to execute MI command:
target extended-remote localhost:3333

Error message from debugger back end:
could not connect (error 138): El sistema ha intentado unir una unidad a un directorio de una unidad ya unida.
!STACK 1
org.eclipse.core.runtime.CoreException: Failed to execute MI command:
target extended-remote localhost:3333

Error message from debugger back end:
could not connect (error 138): El sistema ha intentado unir una unidad a un directorio de una unidad ya unida.
	at org.eclipse.cdt.dsf.concurrent.Query.get(Query.java:112)
	at org.eclipse.cdt.dsf.gdb.launching.GdbLaunchDelegate.launchDebugSession(GdbLaunchDelegate.java:252)
	at org.eclipse.cdt.dsf.gdb.launching.GdbLaunchDelegate.launchDebugger(GdbLaunchDelegate.java:109)
	at org.eclipse.cdt.dsf.gdb.launching.GdbLaunchDelegate.launch(GdbLaunchDelegate.java:97)
	at com.st.stm32cube.ide.mcu.debug.launch.DSFDelegate.launch(DSFDelegate.java:337)
	at org.eclipse.debug.internal.core.LaunchConfiguration.launch(LaunchConfiguration.java:805)
	at org.eclipse.debug.internal.core.LaunchConfiguration.launch(LaunchConfiguration.java:716)
	at org.eclipse.debug.internal.ui.DebugUIPlugin.buildAndLaunch(DebugUIPlugin.java:1054)
	at org.eclipse.debug.internal.ui.DebugUIPlugin$1.run(DebugUIPlugin.java:1257)
	at org.eclipse.core.internal.jobs.Worker.run(Worker.java:63)
Caused by: java.lang.Exception: could not connect (error 138): El sistema ha intentado unir una unidad a un directorio de una unidad ya unida.
	at org.eclipse.cdt.dsf.mi.service.command.AbstractMIControl$RxThread.processMIOutput(AbstractMIControl.java:1024)
	at org.eclipse.cdt.dsf.mi.service.command.AbstractMIControl$RxThread.run(AbstractMIControl.java:853)
!SUBENTRY 1 org.eclipse.cdt.dsf.gdb 4 10004 2026-05-14 12:47:32.449
!MESSAGE Failed to execute MI command:
target extended-remote localhost:3333

Error message from debugger back end:
could not connect (error 138): El sistema ha intentado unir una unidad a un directorio de una unidad ya unida.
!STACK 0
java.lang.Exception: could not connect (error 138): El sistema ha intentado unir una unidad a un directorio de una unidad ya unida.
	at org.eclipse.cdt.dsf.mi.service.command.AbstractMIControl$RxThread.processMIOutput(AbstractMIControl.java:1024)
	at org.eclipse.cdt.dsf.mi.service.command.AbstractMIControl$RxThread.run(AbstractMIControl.java:853)
!SESSION 2026-05-15 10:52:00.539 -----------------------------------------------
eclipse.buildId=Version 2.1.1
java.version=21.0.9
java.vendor=Eclipse Adoptium
BootLoader constants: OS=win32, ARCH=x86_64, WS=win32, NL=es_AR
Command-line arguments:  -os win32 -ws win32 -arch x86_64

!ENTRY com.st.stm32cube.ide.mcu.informationcenter 1 1 2026-05-15 10:52:16.276
!MESSAGE Log4j2 initialized with config file C:\Users\franc\STM32CubeIDE\workspace_2.1.2\.metadata\.log4j2.xml

!ENTRY com.st.stm32cube.ide.mcu.ide 1 1 2026-05-15 10:52:41.124
!MESSAGE Started RMI Server, listening on port 41337

!ENTRY com.st.stm32cube.ide.mpu.remote.serial 1 1 2026-05-15 10:53:19.192
!MESSAGE Executed PowerShell command powershell.exe -Command "Get-CimInstance -ClassName Win32_SerialPort | Select-Object -ExpandProperty DeviceID":
COM7
COM6
COM15
COM16
COM14
COM9
COM4
COM8
COM13
COM12
COM11
COM3


!ENTRY com.st.stm32cube.ide.mpu.remote.serial 1 1 2026-05-15 10:53:19.194
!MESSAGE port: COM7

!ENTRY com.st.stm32cube.ide.mpu.remote.serial 1 1 2026-05-15 10:53:19.194
!MESSAGE port: COM6

!ENTRY com.st.stm32cube.ide.mpu.remote.serial 1 1 2026-05-15 10:53:19.198
!MESSAGE port: COM15

!ENTRY com.st.stm32cube.ide.mpu.remote.serial 1 1 2026-05-15 10:53:19.200
!MESSAGE port: COM16

!ENTRY com.st.stm32cube.ide.mpu.remote.serial 1 1 2026-05-15 10:53:19.200
!MESSAGE port: COM14

!ENTRY com.st.stm32cube.ide.mpu.remote.serial 1 1 2026-05-15 10:53:19.202
!MESSAGE port: COM9

!ENTRY com.st.stm32cube.ide.mpu.remote.serial 1 1 2026-05-15 10:53:19.202
!MESSAGE port: COM4

!ENTRY com.st.stm32cube.ide.mpu.remote.serial 1 1 2026-05-15 10:53:19.204
!MESSAGE port: COM8

!ENTRY com.st.stm32cube.ide.mpu.remote.serial 1 1 2026-05-15 10:53:19.206
!MESSAGE port: COM13

!ENTRY com.st.stm32cube.ide.mpu.remote.serial 1 1 2026-05-15 10:53:19.206
!MESSAGE port: COM12

!ENTRY com.st.stm32cube.ide.mpu.remote.serial 1 1 2026-05-15 10:53:19.208
!MESSAGE port: COM11

!ENTRY com.st.stm32cube.ide.mpu.remote.serial 1 1 2026-05-15 10:53:19.208
!MESSAGE port: COM3
!SESSION 2026-05-15 11:02:06.322 -----------------------------------------------
eclipse.buildId=Version 2.1.1
java.version=21.0.9
java.vendor=Eclipse Adoptium
BootLoader constants: OS=win32, ARCH=x86_64, WS=win32, NL=es_AR
Command-line arguments:  -os win32 -ws win32 -arch x86_64

!ENTRY com.st.stm32cube.ide.mcu.informationcenter 1 1 2026-05-15 11:02:17.083
!MESSAGE Log4j2 initialized with config file C:\Users\franc\STM32CubeIDE\workspace_2.1.2\.metadata\.log4j2.xml

!ENTRY com.st.stm32cube.ide.mcu.ide 1 1 2026-05-15 11:02:33.051
!MESSAGE Started RMI Server, listening on port 41337

!ENTRY com.st.stm32cube.ide.mpu.remote.serial 1 1 2026-05-15 11:03:07.497
!MESSAGE Executed PowerShell command powershell.exe -Command "Get-CimInstance -ClassName Win32_SerialPort | Select-Object -ExpandProperty DeviceID":
COM7
COM6
COM15
COM16
COM14
COM9
COM4
COM8
COM13
COM12
COM11
COM3


!ENTRY com.st.stm32cube.ide.mpu.remote.serial 1 1 2026-05-15 11:03:07.498
!MESSAGE port: COM7

!ENTRY com.st.stm32cube.ide.mpu.remote.serial 1 1 2026-05-15 11:03:07.498
!MESSAGE port: COM6

!ENTRY com.st.stm32cube.ide.mpu.remote.serial 1 1 2026-05-15 11:03:07.499
!MESSAGE port: COM15

!ENTRY com.st.stm32cube.ide.mpu.remote.serial 1 1 2026-05-15 11:03:07.500
!MESSAGE port: COM16

!ENTRY com.st.stm32cube.ide.mpu.remote.serial 1 1 2026-05-15 11:03:07.501
!MESSAGE port: COM14

!ENTRY com.st.stm32cube.ide.mpu.remote.serial 1 1 2026-05-15 11:03:07.502
!MESSAGE port: COM9

!ENTRY com.st.stm32cube.ide.mpu.remote.serial 1 1 2026-05-15 11:03:07.503
!MESSAGE port: COM4

!ENTRY com.st.stm32cube.ide.mpu.remote.serial 1 1 2026-05-15 11:03:07.507
!MESSAGE port: COM8

!ENTRY com.st.stm32cube.ide.mpu.remote.serial 1 1 2026-05-15 11:03:07.510
!MESSAGE port: COM13

!ENTRY com.st.stm32cube.ide.mpu.remote.serial 1 1 2026-05-15 11:03:07.511
!MESSAGE port: COM12

!ENTRY com.st.stm32cube.ide.mpu.remote.serial 1 1 2026-05-15 11:03:07.512
!MESSAGE port: COM11

!ENTRY com.st.stm32cube.ide.mpu.remote.serial 1 1 2026-05-15 11:03:07.513
!MESSAGE port: COM3

!ENTRY org.eclipse.cdt.core 1 0 2026-05-15 11:08:49.225
!MESSAGE Indexed 'LED_STM32WL' (18 sources, 115 headers) in 6,51 sec: 11.021 declarations; 37.126 references; 1 unresolved inclusions; 76 syntax errors; 241 unresolved names (0,5 %)

!ENTRY org.eclipse.cdt.core 1 0 2026-05-15 12:14:45.697
!MESSAGE Indexed 'SubGHz_Phy_PingPong' (53 sources, 148 headers) in 5,83 sec: 13.107 declarations; 58.403 references; 0 unresolved inclusions; 1 syntax errors; 2 unresolved names (0,0028 %)

!ENTRY com.st.stm32cube.ide.mpu.remote.serial 1 1 2026-05-15 12:17:14.234
!MESSAGE Executed PowerShell command powershell.exe -Command "Get-CimInstance -ClassName Win32_SerialPort | Select-Object -ExpandProperty DeviceID":
COM7
COM6
COM15
COM16
COM14
COM9
COM4
COM8
COM13
COM12
COM11
COM3


!ENTRY com.st.stm32cube.ide.mpu.remote.serial 1 1 2026-05-15 12:17:14.235
!MESSAGE port: COM7

!ENTRY com.st.stm32cube.ide.mpu.remote.serial 1 1 2026-05-15 12:17:14.236
!MESSAGE port: COM6

!ENTRY com.st.stm32cube.ide.mpu.remote.serial 1 1 2026-05-15 12:17:14.242
!MESSAGE port: COM15

!ENTRY com.st.stm32cube.ide.mpu.remote.serial 1 1 2026-05-15 12:17:14.243
!MESSAGE port: COM16

!ENTRY com.st.stm32cube.ide.mpu.remote.serial 1 1 2026-05-15 12:17:14.244
!MESSAGE port: COM14

!ENTRY com.st.stm32cube.ide.mpu.remote.serial 1 1 2026-05-15 12:17:14.246
!MESSAGE port: COM9

!ENTRY com.st.stm32cube.ide.mpu.remote.serial 1 1 2026-05-15 12:17:14.246
!MESSAGE port: COM4

!ENTRY com.st.stm32cube.ide.mpu.remote.serial 1 1 2026-05-15 12:17:14.248
!MESSAGE port: COM8

!ENTRY com.st.stm32cube.ide.mpu.remote.serial 1 1 2026-05-15 12:17:14.249
!MESSAGE port: COM13

!ENTRY com.st.stm32cube.ide.mpu.remote.serial 1 1 2026-05-15 12:17:14.250
!MESSAGE port: COM12

!ENTRY com.st.stm32cube.ide.mpu.remote.serial 1 1 2026-05-15 12:17:14.251
!MESSAGE port: COM11

!ENTRY com.st.stm32cube.ide.mpu.remote.serial 1 1 2026-05-15 12:17:14.252
!MESSAGE port: COM3

!ENTRY com.st.stm32cube.ide.mpu.remote.serial 1 1 2026-05-15 12:17:50.663
!MESSAGE Executed PowerShell command powershell.exe -Command "Get-CimInstance -ClassName Win32_SerialPort | Select-Object -ExpandProperty DeviceID":
COM7
COM6
COM15
COM16
COM14
COM9
COM4
COM8
COM13
COM12
COM11
COM3


!ENTRY com.st.stm32cube.ide.mpu.remote.serial 1 1 2026-05-15 12:17:50.665
!MESSAGE port: COM7

!ENTRY com.st.stm32cube.ide.mpu.remote.serial 1 1 2026-05-15 12:17:50.667
!MESSAGE port: COM6

!ENTRY com.st.stm32cube.ide.mpu.remote.serial 1 1 2026-05-15 12:17:50.669
!MESSAGE port: COM15

!ENTRY com.st.stm32cube.ide.mpu.remote.serial 1 1 2026-05-15 12:17:50.671
!MESSAGE port: COM16

!ENTRY com.st.stm32cube.ide.mpu.remote.serial 1 1 2026-05-15 12:17:50.673
!MESSAGE port: COM14

!ENTRY com.st.stm32cube.ide.mpu.remote.serial 1 1 2026-05-15 12:17:50.674
!MESSAGE port: COM9

!ENTRY com.st.stm32cube.ide.mpu.remote.serial 1 1 2026-05-15 12:17:50.676
!MESSAGE port: COM4

!ENTRY com.st.stm32cube.ide.mpu.remote.serial 1 1 2026-05-15 12:17:50.678
!MESSAGE port: COM8

!ENTRY com.st.stm32cube.ide.mpu.remote.serial 1 1 2026-05-15 12:17:50.680
!MESSAGE port: COM13

!ENTRY com.st.stm32cube.ide.mpu.remote.serial 1 1 2026-05-15 12:17:50.682
!MESSAGE port: COM12

!ENTRY com.st.stm32cube.ide.mpu.remote.serial 1 1 2026-05-15 12:17:50.684
!MESSAGE port: COM11

!ENTRY com.st.stm32cube.ide.mpu.remote.serial 1 1 2026-05-15 12:17:50.686
!MESSAGE port: COM3

!ENTRY com.st.stm32cube.ide.mpu.remote.serial 1 1 2026-05-15 12:20:29.954
!MESSAGE Executed PowerShell command powershell.exe -Command "Get-CimInstance -ClassName Win32_SerialPort | Select-Object -ExpandProperty DeviceID":
COM7
COM6
COM15
COM16
COM14
COM9
COM4
COM8
COM13
COM12
COM11
COM3


!ENTRY com.st.stm32cube.ide.mpu.remote.serial 1 1 2026-05-15 12:20:29.955
!MESSAGE port: COM7

!ENTRY com.st.stm32cube.ide.mpu.remote.serial 1 1 2026-05-15 12:20:29.956
!MESSAGE port: COM6

!ENTRY com.st.stm32cube.ide.mpu.remote.serial 1 1 2026-05-15 12:20:29.957
!MESSAGE port: COM15

!ENTRY com.st.stm32cube.ide.mpu.remote.serial 1 1 2026-05-15 12:20:29.957
!MESSAGE port: COM16

!ENTRY com.st.stm32cube.ide.mpu.remote.serial 1 1 2026-05-15 12:20:29.958
!MESSAGE port: COM14

!ENTRY com.st.stm32cube.ide.mpu.remote.serial 1 1 2026-05-15 12:20:29.959
!MESSAGE port: COM9

!ENTRY com.st.stm32cube.ide.mpu.remote.serial 1 1 2026-05-15 12:20:29.960
!MESSAGE port: COM4

!ENTRY com.st.stm32cube.ide.mpu.remote.serial 1 1 2026-05-15 12:20:29.961
!MESSAGE port: COM8

!ENTRY com.st.stm32cube.ide.mpu.remote.serial 1 1 2026-05-15 12:20:29.961
!MESSAGE port: COM13

!ENTRY com.st.stm32cube.ide.mpu.remote.serial 1 1 2026-05-15 12:20:29.962
!MESSAGE port: COM12

!ENTRY com.st.stm32cube.ide.mpu.remote.serial 1 1 2026-05-15 12:20:29.963
!MESSAGE port: COM11

!ENTRY com.st.stm32cube.ide.mpu.remote.serial 1 1 2026-05-15 12:20:29.963
!MESSAGE port: COM3

!ENTRY com.st.stm32cube.ide.mpu.remote.serial 1 1 2026-05-15 12:21:03.598
!MESSAGE Executed PowerShell command powershell.exe -Command "Get-CimInstance -ClassName Win32_SerialPort | Select-Object -ExpandProperty DeviceID":
COM7
COM6
COM15
COM16
COM14
COM9
COM4
COM8
COM13
COM12
COM11
COM3


!ENTRY com.st.stm32cube.ide.mpu.remote.serial 1 1 2026-05-15 12:21:03.600
!MESSAGE port: COM7

!ENTRY com.st.stm32cube.ide.mpu.remote.serial 1 1 2026-05-15 12:21:03.600
!MESSAGE port: COM6

!ENTRY com.st.stm32cube.ide.mpu.remote.serial 1 1 2026-05-15 12:21:03.602
!MESSAGE port: COM15

!ENTRY com.st.stm32cube.ide.mpu.remote.serial 1 1 2026-05-15 12:21:03.602
!MESSAGE port: COM16

!ENTRY com.st.stm32cube.ide.mpu.remote.serial 1 1 2026-05-15 12:21:03.604
!MESSAGE port: COM14

!ENTRY com.st.stm32cube.ide.mpu.remote.serial 1 1 2026-05-15 12:21:03.606
!MESSAGE port: COM9

!ENTRY com.st.stm32cube.ide.mpu.remote.serial 1 1 2026-05-15 12:21:03.606
!MESSAGE port: COM4

!ENTRY com.st.stm32cube.ide.mpu.remote.serial 1 1 2026-05-15 12:21:03.608
!MESSAGE port: COM8

!ENTRY com.st.stm32cube.ide.mpu.remote.serial 1 1 2026-05-15 12:21:03.608
!MESSAGE port: COM13

!ENTRY com.st.stm32cube.ide.mpu.remote.serial 1 1 2026-05-15 12:21:03.610
!MESSAGE port: COM12

!ENTRY com.st.stm32cube.ide.mpu.remote.serial 1 1 2026-05-15 12:21:03.612
!MESSAGE port: COM11

!ENTRY com.st.stm32cube.ide.mpu.remote.serial 1 1 2026-05-15 12:21:03.614
!MESSAGE port: COM3
!SESSION 2026-05-18 09:38:42.197 -----------------------------------------------
eclipse.buildId=Version 2.1.1
java.version=21.0.9
java.vendor=Eclipse Adoptium
BootLoader constants: OS=win32, ARCH=x86_64, WS=win32, NL=es_AR
Command-line arguments:  -os win32 -ws win32 -arch x86_64

!ENTRY com.st.stm32cube.ide.mcu.informationcenter 1 1 2026-05-18 09:38:54.055
!MESSAGE Log4j2 initialized with config file C:\Users\franc\STM32CubeIDE\workspace_2.1.2\.metadata\.log4j2.xml

!ENTRY com.st.stm32cube.ide.mcu.ide 1 1 2026-05-18 09:39:10.251
!MESSAGE Started RMI Server, listening on port 41337

!ENTRY com.st.stm32cube.ide.mpu.remote.serial 1 1 2026-05-18 09:39:39.811
!MESSAGE Executed PowerShell command powershell.exe -Command "Get-CimInstance -ClassName Win32_SerialPort | Select-Object -ExpandProperty DeviceID":
COM7
COM6
COM15
COM16
COM14
COM11
COM4
COM8
COM13
COM12


!ENTRY com.st.stm32cube.ide.mpu.remote.serial 1 1 2026-05-18 09:39:39.813
!MESSAGE port: COM7

!ENTRY com.st.stm32cube.ide.mpu.remote.serial 1 1 2026-05-18 09:39:39.814
!MESSAGE port: COM6

!ENTRY com.st.stm32cube.ide.mpu.remote.serial 1 1 2026-05-18 09:39:39.815
!MESSAGE port: COM15

!ENTRY com.st.stm32cube.ide.mpu.remote.serial 1 1 2026-05-18 09:39:39.816
!MESSAGE port: COM16

!ENTRY com.st.stm32cube.ide.mpu.remote.serial 1 1 2026-05-18 09:39:39.817
!MESSAGE port: COM14

!ENTRY com.st.stm32cube.ide.mpu.remote.serial 1 1 2026-05-18 09:39:39.818
!MESSAGE port: COM11

!ENTRY com.st.stm32cube.ide.mpu.remote.serial 1 1 2026-05-18 09:39:39.819
!MESSAGE port: COM4

!ENTRY com.st.stm32cube.ide.mpu.remote.serial 1 1 2026-05-18 09:39:39.820
!MESSAGE port: COM8

!ENTRY com.st.stm32cube.ide.mpu.remote.serial 1 1 2026-05-18 09:39:39.820
!MESSAGE port: COM13

!ENTRY com.st.stm32cube.ide.mpu.remote.serial 1 1 2026-05-18 09:39:39.821
!MESSAGE port: COM12

!ENTRY com.st.stm32cube.ide.mpu.remote.serial 1 1 2026-05-18 09:46:47.374
!MESSAGE Executed PowerShell command powershell.exe -Command "Get-CimInstance -ClassName Win32_SerialPort | Select-Object -ExpandProperty DeviceID":
COM7
COM6
COM15
COM16
COM14
COM11
COM4
COM8
COM13
COM12


!ENTRY com.st.stm32cube.ide.mpu.remote.serial 1 1 2026-05-18 09:46:47.375
!MESSAGE port: COM7

!ENTRY com.st.stm32cube.ide.mpu.remote.serial 1 1 2026-05-18 09:46:47.376
!MESSAGE port: COM6

!ENTRY com.st.stm32cube.ide.mpu.remote.serial 1 1 2026-05-18 09:46:47.377
!MESSAGE port: COM15

!ENTRY com.st.stm32cube.ide.mpu.remote.serial 1 1 2026-05-18 09:46:47.378
!MESSAGE port: COM16

!ENTRY com.st.stm32cube.ide.mpu.remote.serial 1 1 2026-05-18 09:46:47.379
!MESSAGE port: COM14

!ENTRY com.st.stm32cube.ide.mpu.remote.serial 1 1 2026-05-18 09:46:47.379
!MESSAGE port: COM11

!ENTRY com.st.stm32cube.ide.mpu.remote.serial 1 1 2026-05-18 09:46:47.380
!MESSAGE port: COM4

!ENTRY com.st.stm32cube.ide.mpu.remote.serial 1 1 2026-05-18 09:46:47.381
!MESSAGE port: COM8

!ENTRY com.st.stm32cube.ide.mpu.remote.serial 1 1 2026-05-18 09:46:47.382
!MESSAGE port: COM13

!ENTRY com.st.stm32cube.ide.mpu.remote.serial 1 1 2026-05-18 09:46:47.382
!MESSAGE port: COM12

!ENTRY com.st.stm32cube.ide.mpu.remote.serial 1 1 2026-05-18 09:53:03.953
!MESSAGE Executed PowerShell command powershell.exe -Command "Get-CimInstance -ClassName Win32_SerialPort | Select-Object -ExpandProperty DeviceID":
COM7
COM6
COM15
COM16
COM14
COM11
COM4
COM8
COM13
COM12


!ENTRY com.st.stm32cube.ide.mpu.remote.serial 1 1 2026-05-18 09:53:03.955
!MESSAGE port: COM7

!ENTRY com.st.stm32cube.ide.mpu.remote.serial 1 1 2026-05-18 09:53:03.956
!MESSAGE port: COM6

!ENTRY com.st.stm32cube.ide.mpu.remote.serial 1 1 2026-05-18 09:53:03.956
!MESSAGE port: COM15

!ENTRY com.st.stm32cube.ide.mpu.remote.serial 1 1 2026-05-18 09:53:03.958
!MESSAGE port: COM16

!ENTRY com.st.stm32cube.ide.mpu.remote.serial 1 1 2026-05-18 09:53:03.958
!MESSAGE port: COM14

!ENTRY com.st.stm32cube.ide.mpu.remote.serial 1 1 2026-05-18 09:53:03.959
!MESSAGE port: COM11

!ENTRY com.st.stm32cube.ide.mpu.remote.serial 1 1 2026-05-18 09:53:03.960
!MESSAGE port: COM4

!ENTRY com.st.stm32cube.ide.mpu.remote.serial 1 1 2026-05-18 09:53:03.960
!MESSAGE port: COM8

!ENTRY com.st.stm32cube.ide.mpu.remote.serial 1 1 2026-05-18 09:53:03.961
!MESSAGE port: COM13

!ENTRY com.st.stm32cube.ide.mpu.remote.serial 1 1 2026-05-18 09:53:03.962
!MESSAGE port: COM12

!ENTRY com.st.stm32cube.ide.mpu.remote.serial 1 1 2026-05-18 09:53:32.138
!MESSAGE Executed PowerShell command powershell.exe -Command "Get-CimInstance -ClassName Win32_SerialPort | Select-Object -ExpandProperty DeviceID":
COM7
COM6
COM15
COM16
COM14
COM11
COM4
COM8
COM13
COM12


!ENTRY com.st.stm32cube.ide.mpu.remote.serial 1 1 2026-05-18 09:53:32.139
!MESSAGE port: COM7

!ENTRY com.st.stm32cube.ide.mpu.remote.serial 1 1 2026-05-18 09:53:32.140
!MESSAGE port: COM6

!ENTRY com.st.stm32cube.ide.mpu.remote.serial 1 1 2026-05-18 09:53:32.141
!MESSAGE port: COM15

!ENTRY com.st.stm32cube.ide.mpu.remote.serial 1 1 2026-05-18 09:53:32.141
!MESSAGE port: COM16

!ENTRY com.st.stm32cube.ide.mpu.remote.serial 1 1 2026-05-18 09:53:32.142
!MESSAGE port: COM14

!ENTRY com.st.stm32cube.ide.mpu.remote.serial 1 1 2026-05-18 09:53:32.143
!MESSAGE port: COM11

!ENTRY com.st.stm32cube.ide.mpu.remote.serial 1 1 2026-05-18 09:53:32.144
!MESSAGE port: COM4

!ENTRY com.st.stm32cube.ide.mpu.remote.serial 1 1 2026-05-18 09:53:32.145
!MESSAGE port: COM8

!ENTRY com.st.stm32cube.ide.mpu.remote.serial 1 1 2026-05-18 09:53:32.146
!MESSAGE port: COM13

!ENTRY com.st.stm32cube.ide.mpu.remote.serial 1 1 2026-05-18 09:53:32.147
!MESSAGE port: COM12

!ENTRY com.st.stm32cube.ide.mpu.remote.serial 1 1 2026-05-18 10:05:45.250
!MESSAGE Executed PowerShell command powershell.exe -Command "Get-CimInstance -ClassName Win32_SerialPort | Select-Object -ExpandProperty DeviceID":
COM7
COM6
COM15
COM16
COM14
COM11
COM4
COM8
COM13
COM12


!ENTRY com.st.stm32cube.ide.mpu.remote.serial 1 1 2026-05-18 10:05:45.250
!MESSAGE port: COM7

!ENTRY com.st.stm32cube.ide.mpu.remote.serial 1 1 2026-05-18 10:05:45.250
!MESSAGE port: COM6

!ENTRY com.st.stm32cube.ide.mpu.remote.serial 1 1 2026-05-18 10:05:45.250
!MESSAGE port: COM15

!ENTRY com.st.stm32cube.ide.mpu.remote.serial 1 1 2026-05-18 10:05:45.250
!MESSAGE port: COM16

!ENTRY com.st.stm32cube.ide.mpu.remote.serial 1 1 2026-05-18 10:05:45.250
!MESSAGE port: COM14

!ENTRY com.st.stm32cube.ide.mpu.remote.serial 1 1 2026-05-18 10:05:45.250
!MESSAGE port: COM11

!ENTRY com.st.stm32cube.ide.mpu.remote.serial 1 1 2026-05-18 10:05:45.250
!MESSAGE port: COM4

!ENTRY com.st.stm32cube.ide.mpu.remote.serial 1 1 2026-05-18 10:05:45.250
!MESSAGE port: COM8

!ENTRY com.st.stm32cube.ide.mpu.remote.serial 1 1 2026-05-18 10:05:45.260
!MESSAGE port: COM13

!ENTRY com.st.stm32cube.ide.mpu.remote.serial 1 1 2026-05-18 10:05:45.260
!MESSAGE port: COM12

!ENTRY com.st.stm32cube.ide.mpu.remote.serial 1 1 2026-05-18 10:06:13.629
!MESSAGE Executed PowerShell command powershell.exe -Command "Get-CimInstance -ClassName Win32_SerialPort | Select-Object -ExpandProperty DeviceID":
COM7
COM6
COM15
COM16
COM14
COM11
COM4
COM8
COM13
COM12


!ENTRY com.st.stm32cube.ide.mpu.remote.serial 1 1 2026-05-18 10:06:13.629
!MESSAGE port: COM7

!ENTRY com.st.stm32cube.ide.mpu.remote.serial 1 1 2026-05-18 10:06:13.629
!MESSAGE port: COM6

!ENTRY com.st.stm32cube.ide.mpu.remote.serial 1 1 2026-05-18 10:06:13.629
!MESSAGE port: COM15

!ENTRY com.st.stm32cube.ide.mpu.remote.serial 1 1 2026-05-18 10:06:13.629
!MESSAGE port: COM16

!ENTRY com.st.stm32cube.ide.mpu.remote.serial 1 1 2026-05-18 10:06:13.629
!MESSAGE port: COM14

!ENTRY com.st.stm32cube.ide.mpu.remote.serial 1 1 2026-05-18 10:06:13.629
!MESSAGE port: COM11

!ENTRY com.st.stm32cube.ide.mpu.remote.serial 1 1 2026-05-18 10:06:13.629
!MESSAGE port: COM4

!ENTRY com.st.stm32cube.ide.mpu.remote.serial 1 1 2026-05-18 10:06:13.629
!MESSAGE port: COM8

!ENTRY com.st.stm32cube.ide.mpu.remote.serial 1 1 2026-05-18 10:06:13.639
!MESSAGE port: COM13

!ENTRY com.st.stm32cube.ide.mpu.remote.serial 1 1 2026-05-18 10:06:13.639
!MESSAGE port: COM12

!ENTRY org.eclipse.cdt.core 1 0 2026-05-18 10:13:06.244
!MESSAGE Indexed 'LED_STM32WL' (20 sources, 119 headers) in 5,71 sec: 12.739 declarations; 50.340 references; 1 unresolved inclusions; 76 syntax errors; 240 unresolved names (0,38 %)

!ENTRY org.eclipse.cdt.core 1 0 2026-05-18 10:30:06.501
!MESSAGE Indexed 'LED_STM32WL' (20 sources, 119 headers) in 3,16 sec: 12.735 declarations; 50.332 references; 1 unresolved inclusions; 76 syntax errors; 241 unresolved names (0,38 %)

!ENTRY com.st.stm32cube.ide.mpu.remote.serial 1 1 2026-05-18 10:35:03.539
!MESSAGE Executed PowerShell command powershell.exe -Command "Get-CimInstance -ClassName Win32_SerialPort | Select-Object -ExpandProperty DeviceID":
COM7
COM6
COM15
COM16
COM14
COM11
COM4
COM8
COM13
COM12


!ENTRY com.st.stm32cube.ide.mpu.remote.serial 1 1 2026-05-18 10:35:03.541
!MESSAGE port: COM7

!ENTRY com.st.stm32cube.ide.mpu.remote.serial 1 1 2026-05-18 10:35:03.541
!MESSAGE port: COM6

!ENTRY com.st.stm32cube.ide.mpu.remote.serial 1 1 2026-05-18 10:35:03.542
!MESSAGE port: COM15

!ENTRY com.st.stm32cube.ide.mpu.remote.serial 1 1 2026-05-18 10:35:03.543
!MESSAGE port: COM16

!ENTRY com.st.stm32cube.ide.mpu.remote.serial 1 1 2026-05-18 10:35:03.544
!MESSAGE port: COM14

!ENTRY com.st.stm32cube.ide.mpu.remote.serial 1 1 2026-05-18 10:35:03.545
!MESSAGE port: COM11

!ENTRY com.st.stm32cube.ide.mpu.remote.serial 1 1 2026-05-18 10:35:03.546
!MESSAGE port: COM4

!ENTRY com.st.stm32cube.ide.mpu.remote.serial 1 1 2026-05-18 10:35:03.547
!MESSAGE port: COM8

!ENTRY com.st.stm32cube.ide.mpu.remote.serial 1 1 2026-05-18 10:35:03.548
!MESSAGE port: COM13

!ENTRY com.st.stm32cube.ide.mpu.remote.serial 1 1 2026-05-18 10:35:03.548
!MESSAGE port: COM12

!ENTRY com.st.stm32cube.ide.mpu.remote.serial 1 1 2026-05-18 10:35:31.849
!MESSAGE Executed PowerShell command powershell.exe -Command "Get-CimInstance -ClassName Win32_SerialPort | Select-Object -ExpandProperty DeviceID":
COM7
COM6
COM15
COM16
COM14
COM11
COM4
COM8
COM13
COM12


!ENTRY com.st.stm32cube.ide.mpu.remote.serial 1 1 2026-05-18 10:35:31.851
!MESSAGE port: COM7

!ENTRY com.st.stm32cube.ide.mpu.remote.serial 1 1 2026-05-18 10:35:31.851
!MESSAGE port: COM6

!ENTRY com.st.stm32cube.ide.mpu.remote.serial 1 1 2026-05-18 10:35:31.853
!MESSAGE port: COM15

!ENTRY com.st.stm32cube.ide.mpu.remote.serial 1 1 2026-05-18 10:35:31.853
!MESSAGE port: COM16

!ENTRY com.st.stm32cube.ide.mpu.remote.serial 1 1 2026-05-18 10:35:31.854
!MESSAGE port: COM14

!ENTRY com.st.stm32cube.ide.mpu.remote.serial 1 1 2026-05-18 10:35:31.855
!MESSAGE port: COM11

!ENTRY com.st.stm32cube.ide.mpu.remote.serial 1 1 2026-05-18 10:35:31.856
!MESSAGE port: COM4

!ENTRY com.st.stm32cube.ide.mpu.remote.serial 1 1 2026-05-18 10:35:31.856
!MESSAGE port: COM8

!ENTRY com.st.stm32cube.ide.mpu.remote.serial 1 1 2026-05-18 10:35:31.857
!MESSAGE port: COM13

!ENTRY com.st.stm32cube.ide.mpu.remote.serial 1 1 2026-05-18 10:35:31.858
!MESSAGE port: COM12

!ENTRY com.st.stm32cube.ide.mpu.remote.serial 1 1 2026-05-18 10:36:00.350
!MESSAGE Executed PowerShell command powershell.exe -Command "Get-CimInstance -ClassName Win32_SerialPort | Select-Object -ExpandProperty DeviceID":
COM7
COM6
COM15
COM16
COM14
COM11
COM4
COM8
COM13
COM12


!ENTRY com.st.stm32cube.ide.mpu.remote.serial 1 1 2026-05-18 10:36:00.351
!MESSAGE port: COM7

!ENTRY com.st.stm32cube.ide.mpu.remote.serial 1 1 2026-05-18 10:36:00.351
!MESSAGE port: COM6

!ENTRY com.st.stm32cube.ide.mpu.remote.serial 1 1 2026-05-18 10:36:00.352
!MESSAGE port: COM15

!ENTRY com.st.stm32cube.ide.mpu.remote.serial 1 1 2026-05-18 10:36:00.353
!MESSAGE port: COM16

!ENTRY com.st.stm32cube.ide.mpu.remote.serial 1 1 2026-05-18 10:36:00.354
!MESSAGE port: COM14

!ENTRY com.st.stm32cube.ide.mpu.remote.serial 1 1 2026-05-18 10:36:00.354
!MESSAGE port: COM11

!ENTRY com.st.stm32cube.ide.mpu.remote.serial 1 1 2026-05-18 10:36:00.355
!MESSAGE port: COM4

!ENTRY com.st.stm32cube.ide.mpu.remote.serial 1 1 2026-05-18 10:36:00.355
!MESSAGE port: COM8

!ENTRY com.st.stm32cube.ide.mpu.remote.serial 1 1 2026-05-18 10:36:00.356
!MESSAGE port: COM13

!ENTRY com.st.stm32cube.ide.mpu.remote.serial 1 1 2026-05-18 10:36:00.357
!MESSAGE port: COM12

!ENTRY com.st.stm32cube.ide.mpu.remote.serial 1 1 2026-05-18 10:36:28.706
!MESSAGE Executed PowerShell command powershell.exe -Command "Get-CimInstance -ClassName Win32_SerialPort | Select-Object -ExpandProperty DeviceID":
COM7
COM6
COM15
COM16
COM14
COM11
COM4
COM8
COM13
COM12


!ENTRY com.st.stm32cube.ide.mpu.remote.serial 1 1 2026-05-18 10:36:28.707
!MESSAGE port: COM7

!ENTRY com.st.stm32cube.ide.mpu.remote.serial 1 1 2026-05-18 10:36:28.708
!MESSAGE port: COM6

!ENTRY com.st.stm32cube.ide.mpu.remote.serial 1 1 2026-05-18 10:36:28.709
!MESSAGE port: COM15

!ENTRY com.st.stm32cube.ide.mpu.remote.serial 1 1 2026-05-18 10:36:28.710
!MESSAGE port: COM16

!ENTRY com.st.stm32cube.ide.mpu.remote.serial 1 1 2026-05-18 10:36:28.711
!MESSAGE port: COM14

!ENTRY com.st.stm32cube.ide.mpu.remote.serial 1 1 2026-05-18 10:36:28.712
!MESSAGE port: COM11

!ENTRY com.st.stm32cube.ide.mpu.remote.serial 1 1 2026-05-18 10:36:28.712
!MESSAGE port: COM4

!ENTRY com.st.stm32cube.ide.mpu.remote.serial 1 1 2026-05-18 10:36:28.713
!MESSAGE port: COM8

!ENTRY com.st.stm32cube.ide.mpu.remote.serial 1 1 2026-05-18 10:36:28.714
!MESSAGE port: COM13

!ENTRY com.st.stm32cube.ide.mpu.remote.serial 1 1 2026-05-18 10:36:28.715
!MESSAGE port: COM12

!ENTRY org.eclipse.cdt.core 1 0 2026-05-18 10:36:41.584
!MESSAGE Indexed 'LED_STM32WL' (20 sources, 119 headers) in 3,73 sec: 12.735 declarations; 50.338 references; 1 unresolved inclusions; 76 syntax errors; 241 unresolved names (0,38 %)

!ENTRY com.st.stm32cube.ide.mpu.remote.serial 1 1 2026-05-18 10:39:35.440
!MESSAGE Executed PowerShell command powershell.exe -Command "Get-CimInstance -ClassName Win32_SerialPort | Select-Object -ExpandProperty DeviceID":
COM7
COM6
COM15
COM16
COM14
COM11
COM4
COM8
COM13
COM12


!ENTRY com.st.stm32cube.ide.mpu.remote.serial 1 1 2026-05-18 10:39:35.441
!MESSAGE port: COM7

!ENTRY com.st.stm32cube.ide.mpu.remote.serial 1 1 2026-05-18 10:39:35.441
!MESSAGE port: COM6

!ENTRY com.st.stm32cube.ide.mpu.remote.serial 1 1 2026-05-18 10:39:35.443
!MESSAGE port: COM15

!ENTRY com.st.stm32cube.ide.mpu.remote.serial 1 1 2026-05-18 10:39:35.444
!MESSAGE port: COM16

!ENTRY com.st.stm32cube.ide.mpu.remote.serial 1 1 2026-05-18 10:39:35.445
!MESSAGE port: COM14

!ENTRY com.st.stm32cube.ide.mpu.remote.serial 1 1 2026-05-18 10:39:35.445
!MESSAGE port: COM11

!ENTRY com.st.stm32cube.ide.mpu.remote.serial 1 1 2026-05-18 10:39:35.446
!MESSAGE port: COM4

!ENTRY com.st.stm32cube.ide.mpu.remote.serial 1 1 2026-05-18 10:39:35.447
!MESSAGE port: COM8

!ENTRY com.st.stm32cube.ide.mpu.remote.serial 1 1 2026-05-18 10:39:35.448
!MESSAGE port: COM13

!ENTRY com.st.stm32cube.ide.mpu.remote.serial 1 1 2026-05-18 10:39:35.449
!MESSAGE port: COM12

!ENTRY com.st.stm32cube.ide.mpu.remote.serial 1 1 2026-05-18 10:40:03.958
!MESSAGE Executed PowerShell command powershell.exe -Command "Get-CimInstance -ClassName Win32_SerialPort | Select-Object -ExpandProperty DeviceID":
COM7
COM6
COM15
COM16
COM14
COM11
COM4
COM8
COM13
COM12


!ENTRY com.st.stm32cube.ide.mpu.remote.serial 1 1 2026-05-18 10:40:03.959
!MESSAGE port: COM7

!ENTRY com.st.stm32cube.ide.mpu.remote.serial 1 1 2026-05-18 10:40:03.960
!MESSAGE port: COM6

!ENTRY com.st.stm32cube.ide.mpu.remote.serial 1 1 2026-05-18 10:40:03.961
!MESSAGE port: COM15

!ENTRY com.st.stm32cube.ide.mpu.remote.serial 1 1 2026-05-18 10:40:03.962
!MESSAGE port: COM16

!ENTRY com.st.stm32cube.ide.mpu.remote.serial 1 1 2026-05-18 10:40:03.963
!MESSAGE port: COM14

!ENTRY com.st.stm32cube.ide.mpu.remote.serial 1 1 2026-05-18 10:40:03.964
!MESSAGE port: COM11

!ENTRY com.st.stm32cube.ide.mpu.remote.serial 1 1 2026-05-18 10:40:03.965
!MESSAGE port: COM4

!ENTRY com.st.stm32cube.ide.mpu.remote.serial 1 1 2026-05-18 10:40:03.965
!MESSAGE port: COM8

!ENTRY com.st.stm32cube.ide.mpu.remote.serial 1 1 2026-05-18 10:40:03.966
!MESSAGE port: COM13

!ENTRY com.st.stm32cube.ide.mpu.remote.serial 1 1 2026-05-18 10:40:03.967
!MESSAGE port: COM12

!ENTRY org.eclipse.cdt.core 1 0 2026-05-18 10:45:20.868
!MESSAGE Indexed 'LED_STM32WL' (20 sources, 119 headers) in 3,13 sec: 12.735 declarations; 50.343 references; 1 unresolved inclusions; 76 syntax errors; 240 unresolved names (0,38 %)

!ENTRY com.st.stm32cube.ide.mpu.remote.serial 1 1 2026-05-18 11:04:39.903
!MESSAGE Executed PowerShell command powershell.exe -Command "Get-CimInstance -ClassName Win32_SerialPort | Select-Object -ExpandProperty DeviceID":
COM7
COM6
COM15
COM16
COM14
COM11
COM4
COM8
COM13
COM12


!ENTRY com.st.stm32cube.ide.mpu.remote.serial 1 1 2026-05-18 11:04:39.903
!MESSAGE port: COM7

!ENTRY com.st.stm32cube.ide.mpu.remote.serial 1 1 2026-05-18 11:04:39.903
!MESSAGE port: COM6

!ENTRY com.st.stm32cube.ide.mpu.remote.serial 1 1 2026-05-18 11:04:39.903
!MESSAGE port: COM15

!ENTRY com.st.stm32cube.ide.mpu.remote.serial 1 1 2026-05-18 11:04:39.912
!MESSAGE port: COM16

!ENTRY com.st.stm32cube.ide.mpu.remote.serial 1 1 2026-05-18 11:04:39.914
!MESSAGE port: COM14

!ENTRY com.st.stm32cube.ide.mpu.remote.serial 1 1 2026-05-18 11:04:39.914
!MESSAGE port: COM11

!ENTRY com.st.stm32cube.ide.mpu.remote.serial 1 1 2026-05-18 11:04:39.916
!MESSAGE port: COM4

!ENTRY com.st.stm32cube.ide.mpu.remote.serial 1 1 2026-05-18 11:04:39.918
!MESSAGE port: COM8

!ENTRY com.st.stm32cube.ide.mpu.remote.serial 1 1 2026-05-18 11:04:39.918
!MESSAGE port: COM13

!ENTRY com.st.stm32cube.ide.mpu.remote.serial 1 1 2026-05-18 11:04:39.921
!MESSAGE port: COM12

!ENTRY com.st.stm32cube.ide.mpu.remote.serial 1 1 2026-05-18 11:12:12.821
!MESSAGE Executed PowerShell command powershell.exe -Command "Get-CimInstance -ClassName Win32_SerialPort | Select-Object -ExpandProperty DeviceID":
COM7
COM6
COM15
COM16
COM14
COM11
COM4
COM8
COM13
COM12


!ENTRY com.st.stm32cube.ide.mpu.remote.serial 1 1 2026-05-18 11:12:12.823
!MESSAGE port: COM7

!ENTRY com.st.stm32cube.ide.mpu.remote.serial 1 1 2026-05-18 11:12:12.824
!MESSAGE port: COM6

!ENTRY com.st.stm32cube.ide.mpu.remote.serial 1 1 2026-05-18 11:12:12.825
!MESSAGE port: COM15

!ENTRY com.st.stm32cube.ide.mpu.remote.serial 1 1 2026-05-18 11:12:12.826
!MESSAGE port: COM16

!ENTRY com.st.stm32cube.ide.mpu.remote.serial 1 1 2026-05-18 11:12:12.827
!MESSAGE port: COM14

!ENTRY com.st.stm32cube.ide.mpu.remote.serial 1 1 2026-05-18 11:12:12.828
!MESSAGE port: COM11

!ENTRY com.st.stm32cube.ide.mpu.remote.serial 1 1 2026-05-18 11:12:12.829
!MESSAGE port: COM4

!ENTRY com.st.stm32cube.ide.mpu.remote.serial 1 1 2026-05-18 11:12:12.831
!MESSAGE port: COM8

!ENTRY com.st.stm32cube.ide.mpu.remote.serial 1 1 2026-05-18 11:12:12.832
!MESSAGE port: COM13

!ENTRY com.st.stm32cube.ide.mpu.remote.serial 1 1 2026-05-18 11:12:12.833
!MESSAGE port: COM12

!ENTRY com.st.stm32cube.ide.mpu.remote.serial 1 1 2026-05-18 11:12:43.487
!MESSAGE Executed PowerShell command powershell.exe -Command "Get-CimInstance -ClassName Win32_SerialPort | Select-Object -ExpandProperty DeviceID":
COM7
COM6
COM15
COM16
COM14
COM11
COM4
COM8
COM13
COM12


!ENTRY com.st.stm32cube.ide.mpu.remote.serial 1 1 2026-05-18 11:12:43.489
!MESSAGE port: COM7

!ENTRY com.st.stm32cube.ide.mpu.remote.serial 1 1 2026-05-18 11:12:43.491
!MESSAGE port: COM6

!ENTRY com.st.stm32cube.ide.mpu.remote.serial 1 1 2026-05-18 11:12:43.492
!MESSAGE port: COM15

!ENTRY com.st.stm32cube.ide.mpu.remote.serial 1 1 2026-05-18 11:12:43.494
!MESSAGE port: COM16

!ENTRY com.st.stm32cube.ide.mpu.remote.serial 1 1 2026-05-18 11:12:43.496
!MESSAGE port: COM14

!ENTRY com.st.stm32cube.ide.mpu.remote.serial 1 1 2026-05-18 11:12:43.497
!MESSAGE port: COM11

!ENTRY com.st.stm32cube.ide.mpu.remote.serial 1 1 2026-05-18 11:12:43.499
!MESSAGE port: COM4

!ENTRY com.st.stm32cube.ide.mpu.remote.serial 1 1 2026-05-18 11:12:43.500
!MESSAGE port: COM8

!ENTRY com.st.stm32cube.ide.mpu.remote.serial 1 1 2026-05-18 11:12:43.502
!MESSAGE port: COM13

!ENTRY com.st.stm32cube.ide.mpu.remote.serial 1 1 2026-05-18 11:12:43.503
!MESSAGE port: COM12

!ENTRY com.st.stm32cube.ide.mpu.remote.serial 1 1 2026-05-18 11:13:11.936
!MESSAGE Executed PowerShell command powershell.exe -Command "Get-CimInstance -ClassName Win32_SerialPort | Select-Object -ExpandProperty DeviceID":
COM7
COM6
COM15
COM16
COM14
COM11
COM4
COM8
COM13
COM12


!ENTRY com.st.stm32cube.ide.mpu.remote.serial 1 1 2026-05-18 11:13:11.937
!MESSAGE port: COM7

!ENTRY com.st.stm32cube.ide.mpu.remote.serial 1 1 2026-05-18 11:13:11.938
!MESSAGE port: COM6

!ENTRY com.st.stm32cube.ide.mpu.remote.serial 1 1 2026-05-18 11:13:11.939
!MESSAGE port: COM15

!ENTRY com.st.stm32cube.ide.mpu.remote.serial 1 1 2026-05-18 11:13:11.939
!MESSAGE port: COM16

!ENTRY com.st.stm32cube.ide.mpu.remote.serial 1 1 2026-05-18 11:13:11.940
!MESSAGE port: COM14

!ENTRY com.st.stm32cube.ide.mpu.remote.serial 1 1 2026-05-18 11:13:11.941
!MESSAGE port: COM11

!ENTRY com.st.stm32cube.ide.mpu.remote.serial 1 1 2026-05-18 11:13:11.942
!MESSAGE port: COM4

!ENTRY com.st.stm32cube.ide.mpu.remote.serial 1 1 2026-05-18 11:13:11.943
!MESSAGE port: COM8

!ENTRY com.st.stm32cube.ide.mpu.remote.serial 1 1 2026-05-18 11:13:11.943
!MESSAGE port: COM13

!ENTRY com.st.stm32cube.ide.mpu.remote.serial 1 1 2026-05-18 11:13:11.944
!MESSAGE port: COM12

!ENTRY com.st.stm32cube.ide.mpu.remote.serial 1 1 2026-05-18 11:14:40.217
!MESSAGE Executed PowerShell command powershell.exe -Command "Get-CimInstance -ClassName Win32_SerialPort | Select-Object -ExpandProperty DeviceID":
COM7
COM6
COM15
COM16
COM14
COM11
COM4
COM8
COM13
COM12


!ENTRY com.st.stm32cube.ide.mpu.remote.serial 1 1 2026-05-18 11:14:40.219
!MESSAGE port: COM7

!ENTRY com.st.stm32cube.ide.mpu.remote.serial 1 1 2026-05-18 11:14:40.221
!MESSAGE port: COM6

!ENTRY com.st.stm32cube.ide.mpu.remote.serial 1 1 2026-05-18 11:14:40.222
!MESSAGE port: COM15

!ENTRY com.st.stm32cube.ide.mpu.remote.serial 1 1 2026-05-18 11:14:40.224
!MESSAGE port: COM16

!ENTRY com.st.stm32cube.ide.mpu.remote.serial 1 1 2026-05-18 11:14:40.225
!MESSAGE port: COM14

!ENTRY com.st.stm32cube.ide.mpu.remote.serial 1 1 2026-05-18 11:14:40.227
!MESSAGE port: COM11

!ENTRY com.st.stm32cube.ide.mpu.remote.serial 1 1 2026-05-18 11:14:40.228
!MESSAGE port: COM4

!ENTRY com.st.stm32cube.ide.mpu.remote.serial 1 1 2026-05-18 11:14:40.230
!MESSAGE port: COM8

!ENTRY com.st.stm32cube.ide.mpu.remote.serial 1 1 2026-05-18 11:14:40.231
!MESSAGE port: COM13

!ENTRY com.st.stm32cube.ide.mpu.remote.serial 1 1 2026-05-18 11:14:40.233
!MESSAGE port: COM12

!ENTRY com.st.stm32cube.ide.mpu.remote.serial 1 1 2026-05-18 11:15:08.666
!MESSAGE Executed PowerShell command powershell.exe -Command "Get-CimInstance -ClassName Win32_SerialPort | Select-Object -ExpandProperty DeviceID":
COM7
COM6
COM15
COM16
COM14
COM11
COM4
COM8
COM13
COM12


!ENTRY com.st.stm32cube.ide.mpu.remote.serial 1 1 2026-05-18 11:15:08.668
!MESSAGE port: COM7

!ENTRY com.st.stm32cube.ide.mpu.remote.serial 1 1 2026-05-18 11:15:08.670
!MESSAGE port: COM6

!ENTRY com.st.stm32cube.ide.mpu.remote.serial 1 1 2026-05-18 11:15:08.673
!MESSAGE port: COM15

!ENTRY com.st.stm32cube.ide.mpu.remote.serial 1 1 2026-05-18 11:15:08.675
!MESSAGE port: COM16

!ENTRY com.st.stm32cube.ide.mpu.remote.serial 1 1 2026-05-18 11:15:08.676
!MESSAGE port: COM14

!ENTRY com.st.stm32cube.ide.mpu.remote.serial 1 1 2026-05-18 11:15:08.677
!MESSAGE port: COM11

!ENTRY com.st.stm32cube.ide.mpu.remote.serial 1 1 2026-05-18 11:15:08.679
!MESSAGE port: COM4

!ENTRY com.st.stm32cube.ide.mpu.remote.serial 1 1 2026-05-18 11:15:08.681
!MESSAGE port: COM8

!ENTRY com.st.stm32cube.ide.mpu.remote.serial 1 1 2026-05-18 11:15:08.682
!MESSAGE port: COM13

!ENTRY com.st.stm32cube.ide.mpu.remote.serial 1 1 2026-05-18 11:15:08.684
!MESSAGE port: COM12

!ENTRY com.st.stm32cube.ide.mpu.remote.serial 1 1 2026-05-18 11:15:37.140
!MESSAGE Executed PowerShell command powershell.exe -Command "Get-CimInstance -ClassName Win32_SerialPort | Select-Object -ExpandProperty DeviceID":
COM7
COM6
COM15
COM16
COM14
COM11
COM4
COM8
COM13
COM12


!ENTRY com.st.stm32cube.ide.mpu.remote.serial 1 1 2026-05-18 11:15:37.141
!MESSAGE port: COM7

!ENTRY com.st.stm32cube.ide.mpu.remote.serial 1 1 2026-05-18 11:15:37.141
!MESSAGE port: COM6

!ENTRY com.st.stm32cube.ide.mpu.remote.serial 1 1 2026-05-18 11:15:37.142
!MESSAGE port: COM15

!ENTRY com.st.stm32cube.ide.mpu.remote.serial 1 1 2026-05-18 11:15:37.143
!MESSAGE port: COM16

!ENTRY com.st.stm32cube.ide.mpu.remote.serial 1 1 2026-05-18 11:15:37.143
!MESSAGE port: COM14

!ENTRY com.st.stm32cube.ide.mpu.remote.serial 1 1 2026-05-18 11:15:37.145
!MESSAGE port: COM11

!ENTRY com.st.stm32cube.ide.mpu.remote.serial 1 1 2026-05-18 11:15:37.145
!MESSAGE port: COM4

!ENTRY com.st.stm32cube.ide.mpu.remote.serial 1 1 2026-05-18 11:15:37.145
!MESSAGE port: COM8

!ENTRY com.st.stm32cube.ide.mpu.remote.serial 1 1 2026-05-18 11:15:37.146
!MESSAGE port: COM13

!ENTRY com.st.stm32cube.ide.mpu.remote.serial 1 1 2026-05-18 11:15:37.147
!MESSAGE port: COM12

!ENTRY com.st.stm32cube.ide.mpu.remote.serial 1 1 2026-05-18 11:16:05.349
!MESSAGE Executed PowerShell command powershell.exe -Command "Get-CimInstance -ClassName Win32_SerialPort | Select-Object -ExpandProperty DeviceID":
COM7
COM6
COM15
COM16
COM14
COM11
COM4
COM8
COM13
COM12


!ENTRY com.st.stm32cube.ide.mpu.remote.serial 1 1 2026-05-18 11:16:05.349
!MESSAGE port: COM7

!ENTRY com.st.stm32cube.ide.mpu.remote.serial 1 1 2026-05-18 11:16:05.350
!MESSAGE port: COM6

!ENTRY com.st.stm32cube.ide.mpu.remote.serial 1 1 2026-05-18 11:16:05.351
!MESSAGE port: COM15

!ENTRY com.st.stm32cube.ide.mpu.remote.serial 1 1 2026-05-18 11:16:05.352
!MESSAGE port: COM16

!ENTRY com.st.stm32cube.ide.mpu.remote.serial 1 1 2026-05-18 11:16:05.353
!MESSAGE port: COM14

!ENTRY com.st.stm32cube.ide.mpu.remote.serial 1 1 2026-05-18 11:16:05.353
!MESSAGE port: COM11

!ENTRY com.st.stm32cube.ide.mpu.remote.serial 1 1 2026-05-18 11:16:05.354
!MESSAGE port: COM4

!ENTRY com.st.stm32cube.ide.mpu.remote.serial 1 1 2026-05-18 11:16:05.355
!MESSAGE port: COM8

!ENTRY com.st.stm32cube.ide.mpu.remote.serial 1 1 2026-05-18 11:16:05.355
!MESSAGE port: COM13

!ENTRY com.st.stm32cube.ide.mpu.remote.serial 1 1 2026-05-18 11:16:05.356
!MESSAGE port: COM12

!ENTRY com.st.stm32cube.ide.mpu.remote.serial 1 1 2026-05-18 11:17:05.527
!MESSAGE Executed PowerShell command powershell.exe -Command "Get-CimInstance -ClassName Win32_SerialPort | Select-Object -ExpandProperty DeviceID":
COM7
COM6
COM15
COM16
COM14
COM11
COM4
COM8
COM13
COM12


!ENTRY com.st.stm32cube.ide.mpu.remote.serial 1 1 2026-05-18 11:17:05.529
!MESSAGE port: COM7

!ENTRY com.st.stm32cube.ide.mpu.remote.serial 1 1 2026-05-18 11:17:05.531
!MESSAGE port: COM6

!ENTRY com.st.stm32cube.ide.mpu.remote.serial 1 1 2026-05-18 11:17:05.533
!MESSAGE port: COM15

!ENTRY com.st.stm32cube.ide.mpu.remote.serial 1 1 2026-05-18 11:17:05.534
!MESSAGE port: COM16

!ENTRY com.st.stm32cube.ide.mpu.remote.serial 1 1 2026-05-18 11:17:05.535
!MESSAGE port: COM14

!ENTRY com.st.stm32cube.ide.mpu.remote.serial 1 1 2026-05-18 11:17:05.537
!MESSAGE port: COM11

!ENTRY com.st.stm32cube.ide.mpu.remote.serial 1 1 2026-05-18 11:17:05.540
!MESSAGE port: COM4

!ENTRY com.st.stm32cube.ide.mpu.remote.serial 1 1 2026-05-18 11:17:05.542
!MESSAGE port: COM8

!ENTRY com.st.stm32cube.ide.mpu.remote.serial 1 1 2026-05-18 11:17:05.544
!MESSAGE port: COM13

!ENTRY com.st.stm32cube.ide.mpu.remote.serial 1 1 2026-05-18 11:17:05.546
!MESSAGE port: COM12

!ENTRY com.st.stm32cube.ide.mpu.remote.serial 1 1 2026-05-18 11:17:34.292
!MESSAGE Executed PowerShell command powershell.exe -Command "Get-CimInstance -ClassName Win32_SerialPort | Select-Object -ExpandProperty DeviceID":
COM7
COM6
COM15
COM16
COM14
COM11
COM4
COM8
COM13
COM12


!ENTRY com.st.stm32cube.ide.mpu.remote.serial 1 1 2026-05-18 11:17:34.294
!MESSAGE port: COM7

!ENTRY com.st.stm32cube.ide.mpu.remote.serial 1 1 2026-05-18 11:17:34.296
!MESSAGE port: COM6

!ENTRY com.st.stm32cube.ide.mpu.remote.serial 1 1 2026-05-18 11:17:34.297
!MESSAGE port: COM15

!ENTRY com.st.stm32cube.ide.mpu.remote.serial 1 1 2026-05-18 11:17:34.299
!MESSAGE port: COM16

!ENTRY com.st.stm32cube.ide.mpu.remote.serial 1 1 2026-05-18 11:17:34.301
!MESSAGE port: COM14

!ENTRY com.st.stm32cube.ide.mpu.remote.serial 1 1 2026-05-18 11:17:34.303
!MESSAGE port: COM11

!ENTRY com.st.stm32cube.ide.mpu.remote.serial 1 1 2026-05-18 11:17:34.304
!MESSAGE port: COM4

!ENTRY com.st.stm32cube.ide.mpu.remote.serial 1 1 2026-05-18 11:17:34.306
!MESSAGE port: COM8

!ENTRY com.st.stm32cube.ide.mpu.remote.serial 1 1 2026-05-18 11:17:34.307
!MESSAGE port: COM13

!ENTRY com.st.stm32cube.ide.mpu.remote.serial 1 1 2026-05-18 11:17:34.309
!MESSAGE port: COM12

!ENTRY com.st.stm32cube.ide.mpu.remote.serial 1 1 2026-05-18 11:18:16.529
!MESSAGE Executed PowerShell command powershell.exe -Command "Get-CimInstance -ClassName Win32_SerialPort | Select-Object -ExpandProperty DeviceID":
COM7
COM6
COM15
COM16
COM14
COM11
COM4
COM8
COM13
COM12


!ENTRY com.st.stm32cube.ide.mpu.remote.serial 1 1 2026-05-18 11:18:16.531
!MESSAGE port: COM7

!ENTRY com.st.stm32cube.ide.mpu.remote.serial 1 1 2026-05-18 11:18:16.534
!MESSAGE port: COM6

!ENTRY com.st.stm32cube.ide.mpu.remote.serial 1 1 2026-05-18 11:18:16.535
!MESSAGE port: COM15

!ENTRY com.st.stm32cube.ide.mpu.remote.serial 1 1 2026-05-18 11:18:16.537
!MESSAGE port: COM16

!ENTRY com.st.stm32cube.ide.mpu.remote.serial 1 1 2026-05-18 11:18:16.539
!MESSAGE port: COM14

!ENTRY com.st.stm32cube.ide.mpu.remote.serial 1 1 2026-05-18 11:18:16.541
!MESSAGE port: COM11

!ENTRY com.st.stm32cube.ide.mpu.remote.serial 1 1 2026-05-18 11:18:16.543
!MESSAGE port: COM4

!ENTRY com.st.stm32cube.ide.mpu.remote.serial 1 1 2026-05-18 11:18:16.544
!MESSAGE port: COM8

!ENTRY com.st.stm32cube.ide.mpu.remote.serial 1 1 2026-05-18 11:18:16.546
!MESSAGE port: COM13

!ENTRY com.st.stm32cube.ide.mpu.remote.serial 1 1 2026-05-18 11:18:16.547
!MESSAGE port: COM12

!ENTRY com.st.stm32cube.ide.mpu.remote.serial 1 1 2026-05-18 11:22:56.675
!MESSAGE Executed PowerShell command powershell.exe -Command "Get-CimInstance -ClassName Win32_SerialPort | Select-Object -ExpandProperty DeviceID":
COM7
COM6
COM15
COM16
COM14
COM11
COM4
COM8
COM13
COM12


!ENTRY com.st.stm32cube.ide.mpu.remote.serial 1 1 2026-05-18 11:22:56.677
!MESSAGE port: COM7

!ENTRY com.st.stm32cube.ide.mpu.remote.serial 1 1 2026-05-18 11:22:56.677
!MESSAGE port: COM6

!ENTRY com.st.stm32cube.ide.mpu.remote.serial 1 1 2026-05-18 11:22:56.678
!MESSAGE port: COM15

!ENTRY com.st.stm32cube.ide.mpu.remote.serial 1 1 2026-05-18 11:22:56.679
!MESSAGE port: COM16

!ENTRY com.st.stm32cube.ide.mpu.remote.serial 1 1 2026-05-18 11:22:56.680
!MESSAGE port: COM14

!ENTRY com.st.stm32cube.ide.mpu.remote.serial 1 1 2026-05-18 11:22:56.680
!MESSAGE port: COM11

!ENTRY com.st.stm32cube.ide.mpu.remote.serial 1 1 2026-05-18 11:22:56.681
!MESSAGE port: COM4

!ENTRY com.st.stm32cube.ide.mpu.remote.serial 1 1 2026-05-18 11:22:56.682
!MESSAGE port: COM8

!ENTRY com.st.stm32cube.ide.mpu.remote.serial 1 1 2026-05-18 11:22:56.683
!MESSAGE port: COM13

!ENTRY com.st.stm32cube.ide.mpu.remote.serial 1 1 2026-05-18 11:22:56.683
!MESSAGE port: COM12

!ENTRY com.st.stm32cube.ide.mpu.remote.serial 1 1 2026-05-18 11:24:01.119
!MESSAGE Executed PowerShell command powershell.exe -Command "Get-CimInstance -ClassName Win32_SerialPort | Select-Object -ExpandProperty DeviceID":
COM7
COM6
COM15
COM16
COM14
COM11
COM4
COM8
COM13
COM12


!ENTRY com.st.stm32cube.ide.mpu.remote.serial 1 1 2026-05-18 11:24:01.121
!MESSAGE port: COM7

!ENTRY com.st.stm32cube.ide.mpu.remote.serial 1 1 2026-05-18 11:24:01.123
!MESSAGE port: COM6

!ENTRY com.st.stm32cube.ide.mpu.remote.serial 1 1 2026-05-18 11:24:01.124
!MESSAGE port: COM15

!ENTRY com.st.stm32cube.ide.mpu.remote.serial 1 1 2026-05-18 11:24:01.126
!MESSAGE port: COM16

!ENTRY com.st.stm32cube.ide.mpu.remote.serial 1 1 2026-05-18 11:24:01.128
!MESSAGE port: COM14

!ENTRY com.st.stm32cube.ide.mpu.remote.serial 1 1 2026-05-18 11:24:01.129
!MESSAGE port: COM11

!ENTRY com.st.stm32cube.ide.mpu.remote.serial 1 1 2026-05-18 11:24:01.131
!MESSAGE port: COM4

!ENTRY com.st.stm32cube.ide.mpu.remote.serial 1 1 2026-05-18 11:24:01.133
!MESSAGE port: COM8

!ENTRY com.st.stm32cube.ide.mpu.remote.serial 1 1 2026-05-18 11:24:01.134
!MESSAGE port: COM13

!ENTRY com.st.stm32cube.ide.mpu.remote.serial 1 1 2026-05-18 11:24:01.135
!MESSAGE port: COM12

!ENTRY com.st.stm32cube.ide.mpu.remote.serial 1 1 2026-05-18 11:24:29.610
!MESSAGE Executed PowerShell command powershell.exe -Command "Get-CimInstance -ClassName Win32_SerialPort | Select-Object -ExpandProperty DeviceID":
COM7
COM6
COM15
COM16
COM14
COM11
COM4
COM8
COM13
COM12


!ENTRY com.st.stm32cube.ide.mpu.remote.serial 1 1 2026-05-18 11:24:29.611
!MESSAGE port: COM7

!ENTRY com.st.stm32cube.ide.mpu.remote.serial 1 1 2026-05-18 11:24:29.611
!MESSAGE port: COM6

!ENTRY com.st.stm32cube.ide.mpu.remote.serial 1 1 2026-05-18 11:24:29.612
!MESSAGE port: COM15

!ENTRY com.st.stm32cube.ide.mpu.remote.serial 1 1 2026-05-18 11:24:29.613
!MESSAGE port: COM16

!ENTRY com.st.stm32cube.ide.mpu.remote.serial 1 1 2026-05-18 11:24:29.614
!MESSAGE port: COM14

!ENTRY com.st.stm32cube.ide.mpu.remote.serial 1 1 2026-05-18 11:24:29.614
!MESSAGE port: COM11

!ENTRY com.st.stm32cube.ide.mpu.remote.serial 1 1 2026-05-18 11:24:29.615
!MESSAGE port: COM4

!ENTRY com.st.stm32cube.ide.mpu.remote.serial 1 1 2026-05-18 11:24:29.615
!MESSAGE port: COM8

!ENTRY com.st.stm32cube.ide.mpu.remote.serial 1 1 2026-05-18 11:24:29.616
!MESSAGE port: COM13

!ENTRY com.st.stm32cube.ide.mpu.remote.serial 1 1 2026-05-18 11:24:29.617
!MESSAGE port: COM12

!ENTRY com.st.stm32cube.ide.mpu.remote.serial 1 1 2026-05-18 11:25:01.316
!MESSAGE Executed PowerShell command powershell.exe -Command "Get-CimInstance -ClassName Win32_SerialPort | Select-Object -ExpandProperty DeviceID":
COM7
COM6
COM15
COM16
COM14
COM11
COM4
COM8
COM13
COM12


!ENTRY com.st.stm32cube.ide.mpu.remote.serial 1 1 2026-05-18 11:25:01.318
!MESSAGE port: COM7

!ENTRY com.st.stm32cube.ide.mpu.remote.serial 1 1 2026-05-18 11:25:01.320
!MESSAGE port: COM6

!ENTRY com.st.stm32cube.ide.mpu.remote.serial 1 1 2026-05-18 11:25:01.322
!MESSAGE port: COM15

!ENTRY com.st.stm32cube.ide.mpu.remote.serial 1 1 2026-05-18 11:25:01.323
!MESSAGE port: COM16

!ENTRY com.st.stm32cube.ide.mpu.remote.serial 1 1 2026-05-18 11:25:01.325
!MESSAGE port: COM14

!ENTRY com.st.stm32cube.ide.mpu.remote.serial 1 1 2026-05-18 11:25:01.327
!MESSAGE port: COM11

!ENTRY com.st.stm32cube.ide.mpu.remote.serial 1 1 2026-05-18 11:25:01.329
!MESSAGE port: COM4

!ENTRY com.st.stm32cube.ide.mpu.remote.serial 1 1 2026-05-18 11:25:01.330
!MESSAGE port: COM8

!ENTRY com.st.stm32cube.ide.mpu.remote.serial 1 1 2026-05-18 11:25:01.332
!MESSAGE port: COM13

!ENTRY com.st.stm32cube.ide.mpu.remote.serial 1 1 2026-05-18 11:25:01.334
!MESSAGE port: COM12

!ENTRY com.st.stm32cube.ide.mpu.remote.serial 1 1 2026-05-18 11:26:24.368
!MESSAGE Executed PowerShell command powershell.exe -Command "Get-CimInstance -ClassName Win32_SerialPort | Select-Object -ExpandProperty DeviceID":
COM7
COM6
COM15
COM16
COM14
COM11
COM4
COM8
COM13
COM12


!ENTRY com.st.stm32cube.ide.mpu.remote.serial 1 1 2026-05-18 11:26:24.370
!MESSAGE port: COM7

!ENTRY com.st.stm32cube.ide.mpu.remote.serial 1 1 2026-05-18 11:26:24.372
!MESSAGE port: COM6

!ENTRY com.st.stm32cube.ide.mpu.remote.serial 1 1 2026-05-18 11:26:24.376
!MESSAGE port: COM15

!ENTRY com.st.stm32cube.ide.mpu.remote.serial 1 1 2026-05-18 11:26:24.380
!MESSAGE port: COM16

!ENTRY com.st.stm32cube.ide.mpu.remote.serial 1 1 2026-05-18 11:26:24.380
!MESSAGE port: COM14

!ENTRY com.st.stm32cube.ide.mpu.remote.serial 1 1 2026-05-18 11:26:24.380
!MESSAGE port: COM11

!ENTRY com.st.stm32cube.ide.mpu.remote.serial 1 1 2026-05-18 11:26:24.380
!MESSAGE port: COM4

!ENTRY com.st.stm32cube.ide.mpu.remote.serial 1 1 2026-05-18 11:26:24.385
!MESSAGE port: COM8

!ENTRY com.st.stm32cube.ide.mpu.remote.serial 1 1 2026-05-18 11:26:24.386
!MESSAGE port: COM13

!ENTRY com.st.stm32cube.ide.mpu.remote.serial 1 1 2026-05-18 11:26:24.386
!MESSAGE port: COM12

!ENTRY com.st.stm32cube.ide.mpu.remote.serial 1 1 2026-05-18 11:26:53.356
!MESSAGE Executed PowerShell command powershell.exe -Command "Get-CimInstance -ClassName Win32_SerialPort | Select-Object -ExpandProperty DeviceID":
COM7
COM6
COM15
COM16
COM14
COM11
COM4
COM8
COM13
COM12


!ENTRY com.st.stm32cube.ide.mpu.remote.serial 1 1 2026-05-18 11:26:53.358
!MESSAGE port: COM7

!ENTRY com.st.stm32cube.ide.mpu.remote.serial 1 1 2026-05-18 11:26:53.359
!MESSAGE port: COM6

!ENTRY com.st.stm32cube.ide.mpu.remote.serial 1 1 2026-05-18 11:26:53.359
!MESSAGE port: COM15

!ENTRY com.st.stm32cube.ide.mpu.remote.serial 1 1 2026-05-18 11:26:53.361
!MESSAGE port: COM16

!ENTRY com.st.stm32cube.ide.mpu.remote.serial 1 1 2026-05-18 11:26:53.361
!MESSAGE port: COM14

!ENTRY com.st.stm32cube.ide.mpu.remote.serial 1 1 2026-05-18 11:26:53.362
!MESSAGE port: COM11

!ENTRY com.st.stm32cube.ide.mpu.remote.serial 1 1 2026-05-18 11:26:53.362
!MESSAGE port: COM4

!ENTRY com.st.stm32cube.ide.mpu.remote.serial 1 1 2026-05-18 11:26:53.364
!MESSAGE port: COM8

!ENTRY com.st.stm32cube.ide.mpu.remote.serial 1 1 2026-05-18 11:26:53.364
!MESSAGE port: COM13

!ENTRY com.st.stm32cube.ide.mpu.remote.serial 1 1 2026-05-18 11:26:53.366
!MESSAGE port: COM12

!ENTRY com.st.stm32cube.ide.mpu.remote.serial 1 1 2026-05-18 11:30:00.649
!MESSAGE Executed PowerShell command powershell.exe -Command "Get-CimInstance -ClassName Win32_SerialPort | Select-Object -ExpandProperty DeviceID":
COM7
COM6
COM15
COM16
COM14
COM11
COM4
COM8
COM13
COM12


!ENTRY com.st.stm32cube.ide.mpu.remote.serial 1 1 2026-05-18 11:30:00.651
!MESSAGE port: COM7

!ENTRY com.st.stm32cube.ide.mpu.remote.serial 1 1 2026-05-18 11:30:00.653
!MESSAGE port: COM6

!ENTRY com.st.stm32cube.ide.mpu.remote.serial 1 1 2026-05-18 11:30:00.655
!MESSAGE port: COM15

!ENTRY com.st.stm32cube.ide.mpu.remote.serial 1 1 2026-05-18 11:30:00.657
!MESSAGE port: COM16

!ENTRY com.st.stm32cube.ide.mpu.remote.serial 1 1 2026-05-18 11:30:00.659
!MESSAGE port: COM14

!ENTRY com.st.stm32cube.ide.mpu.remote.serial 1 1 2026-05-18 11:30:00.661
!MESSAGE port: COM11

!ENTRY com.st.stm32cube.ide.mpu.remote.serial 1 1 2026-05-18 11:30:00.662
!MESSAGE port: COM4

!ENTRY com.st.stm32cube.ide.mpu.remote.serial 1 1 2026-05-18 11:30:00.664
!MESSAGE port: COM8

!ENTRY com.st.stm32cube.ide.mpu.remote.serial 1 1 2026-05-18 11:30:00.665
!MESSAGE port: COM13

!ENTRY com.st.stm32cube.ide.mpu.remote.serial 1 1 2026-05-18 11:30:00.666
!MESSAGE port: COM12

!ENTRY com.st.stm32cube.ide.mpu.remote.serial 1 1 2026-05-18 11:31:45.839
!MESSAGE Executed PowerShell command powershell.exe -Command "Get-CimInstance -ClassName Win32_SerialPort | Select-Object -ExpandProperty DeviceID":
COM7
COM6
COM15
COM16
COM14
COM11
COM4
COM8
COM13
COM12


!ENTRY com.st.stm32cube.ide.mpu.remote.serial 1 1 2026-05-18 11:31:45.842
!MESSAGE port: COM7

!ENTRY com.st.stm32cube.ide.mpu.remote.serial 1 1 2026-05-18 11:31:45.843
!MESSAGE port: COM6

!ENTRY com.st.stm32cube.ide.mpu.remote.serial 1 1 2026-05-18 11:31:45.845
!MESSAGE port: COM15

!ENTRY com.st.stm32cube.ide.mpu.remote.serial 1 1 2026-05-18 11:31:45.847
!MESSAGE port: COM16

!ENTRY com.st.stm32cube.ide.mpu.remote.serial 1 1 2026-05-18 11:31:45.848
!MESSAGE port: COM14

!ENTRY com.st.stm32cube.ide.mpu.remote.serial 1 1 2026-05-18 11:31:45.850
!MESSAGE port: COM11

!ENTRY com.st.stm32cube.ide.mpu.remote.serial 1 1 2026-05-18 11:31:45.851
!MESSAGE port: COM4

!ENTRY com.st.stm32cube.ide.mpu.remote.serial 1 1 2026-05-18 11:31:45.853
!MESSAGE port: COM8

!ENTRY com.st.stm32cube.ide.mpu.remote.serial 1 1 2026-05-18 11:31:45.854
!MESSAGE port: COM13

!ENTRY com.st.stm32cube.ide.mpu.remote.serial 1 1 2026-05-18 11:31:45.856
!MESSAGE port: COM12

!ENTRY com.st.stm32cube.ide.mpu.remote.serial 1 1 2026-05-18 11:32:14.447
!MESSAGE Executed PowerShell command powershell.exe -Command "Get-CimInstance -ClassName Win32_SerialPort | Select-Object -ExpandProperty DeviceID":
COM7
COM6
COM15
COM16
COM14
COM11
COM4
COM8
COM13
COM12


!ENTRY com.st.stm32cube.ide.mpu.remote.serial 1 1 2026-05-18 11:32:14.450
!MESSAGE port: COM7

!ENTRY com.st.stm32cube.ide.mpu.remote.serial 1 1 2026-05-18 11:32:14.451
!MESSAGE port: COM6

!ENTRY com.st.stm32cube.ide.mpu.remote.serial 1 1 2026-05-18 11:32:14.453
!MESSAGE port: COM15

!ENTRY com.st.stm32cube.ide.mpu.remote.serial 1 1 2026-05-18 11:32:14.455
!MESSAGE port: COM16

!ENTRY com.st.stm32cube.ide.mpu.remote.serial 1 1 2026-05-18 11:32:14.457
!MESSAGE port: COM14

!ENTRY com.st.stm32cube.ide.mpu.remote.serial 1 1 2026-05-18 11:32:14.459
!MESSAGE port: COM11

!ENTRY com.st.stm32cube.ide.mpu.remote.serial 1 1 2026-05-18 11:32:14.460
!MESSAGE port: COM4

!ENTRY com.st.stm32cube.ide.mpu.remote.serial 1 1 2026-05-18 11:32:14.462
!MESSAGE port: COM8

!ENTRY com.st.stm32cube.ide.mpu.remote.serial 1 1 2026-05-18 11:32:14.464
!MESSAGE port: COM13

!ENTRY com.st.stm32cube.ide.mpu.remote.serial 1 1 2026-05-18 11:32:14.465
!MESSAGE port: COM12

!ENTRY com.st.stm32cube.ide.mpu.remote.serial 1 1 2026-05-18 11:33:02.879
!MESSAGE Executed PowerShell command powershell.exe -Command "Get-CimInstance -ClassName Win32_SerialPort | Select-Object -ExpandProperty DeviceID":
COM7
COM6
COM15
COM16
COM14
COM11
COM4
COM8
COM13
COM12


!ENTRY com.st.stm32cube.ide.mpu.remote.serial 1 1 2026-05-18 11:33:02.881
!MESSAGE port: COM7

!ENTRY com.st.stm32cube.ide.mpu.remote.serial 1 1 2026-05-18 11:33:02.883
!MESSAGE port: COM6

!ENTRY com.st.stm32cube.ide.mpu.remote.serial 1 1 2026-05-18 11:33:02.884
!MESSAGE port: COM15

!ENTRY com.st.stm32cube.ide.mpu.remote.serial 1 1 2026-05-18 11:33:02.886
!MESSAGE port: COM16

!ENTRY com.st.stm32cube.ide.mpu.remote.serial 1 1 2026-05-18 11:33:02.887
!MESSAGE port: COM14

!ENTRY com.st.stm32cube.ide.mpu.remote.serial 1 1 2026-05-18 11:33:02.889
!MESSAGE port: COM11

!ENTRY com.st.stm32cube.ide.mpu.remote.serial 1 1 2026-05-18 11:33:02.891
!MESSAGE port: COM4

!ENTRY com.st.stm32cube.ide.mpu.remote.serial 1 1 2026-05-18 11:33:02.892
!MESSAGE port: COM8

!ENTRY com.st.stm32cube.ide.mpu.remote.serial 1 1 2026-05-18 11:33:02.894
!MESSAGE port: COM13

!ENTRY com.st.stm32cube.ide.mpu.remote.serial 1 1 2026-05-18 11:33:02.895
!MESSAGE port: COM12

!ENTRY com.st.stm32cube.ide.mpu.remote.serial 1 1 2026-05-18 11:33:31.535
!MESSAGE Executed PowerShell command powershell.exe -Command "Get-CimInstance -ClassName Win32_SerialPort | Select-Object -ExpandProperty DeviceID":
COM7
COM6
COM15
COM16
COM14
COM11
COM4
COM8
COM13
COM12


!ENTRY com.st.stm32cube.ide.mpu.remote.serial 1 1 2026-05-18 11:33:31.537
!MESSAGE port: COM7

!ENTRY com.st.stm32cube.ide.mpu.remote.serial 1 1 2026-05-18 11:33:31.539
!MESSAGE port: COM6

!ENTRY com.st.stm32cube.ide.mpu.remote.serial 1 1 2026-05-18 11:33:31.540
!MESSAGE port: COM15

!ENTRY com.st.stm32cube.ide.mpu.remote.serial 1 1 2026-05-18 11:33:31.542
!MESSAGE port: COM16

!ENTRY com.st.stm32cube.ide.mpu.remote.serial 1 1 2026-05-18 11:33:31.543
!MESSAGE port: COM14

!ENTRY com.st.stm32cube.ide.mpu.remote.serial 1 1 2026-05-18 11:33:31.544
!MESSAGE port: COM11

!ENTRY com.st.stm32cube.ide.mpu.remote.serial 1 1 2026-05-18 11:33:31.546
!MESSAGE port: COM4

!ENTRY com.st.stm32cube.ide.mpu.remote.serial 1 1 2026-05-18 11:33:31.547
!MESSAGE port: COM8

!ENTRY com.st.stm32cube.ide.mpu.remote.serial 1 1 2026-05-18 11:33:31.548
!MESSAGE port: COM13

!ENTRY com.st.stm32cube.ide.mpu.remote.serial 1 1 2026-05-18 11:33:31.550
!MESSAGE port: COM12

!ENTRY com.st.stm32cube.ide.mpu.remote.serial 1 1 2026-05-18 11:33:59.978
!MESSAGE Executed PowerShell command powershell.exe -Command "Get-CimInstance -ClassName Win32_SerialPort | Select-Object -ExpandProperty DeviceID":
COM7
COM6
COM15
COM16
COM14
COM11
COM4
COM8
COM13
COM12


!ENTRY com.st.stm32cube.ide.mpu.remote.serial 1 1 2026-05-18 11:33:59.979
!MESSAGE port: COM7

!ENTRY com.st.stm32cube.ide.mpu.remote.serial 1 1 2026-05-18 11:33:59.980
!MESSAGE port: COM6

!ENTRY com.st.stm32cube.ide.mpu.remote.serial 1 1 2026-05-18 11:33:59.981
!MESSAGE port: COM15

!ENTRY com.st.stm32cube.ide.mpu.remote.serial 1 1 2026-05-18 11:33:59.982
!MESSAGE port: COM16

!ENTRY com.st.stm32cube.ide.mpu.remote.serial 1 1 2026-05-18 11:33:59.983
!MESSAGE port: COM14

!ENTRY com.st.stm32cube.ide.mpu.remote.serial 1 1 2026-05-18 11:33:59.984
!MESSAGE port: COM11

!ENTRY com.st.stm32cube.ide.mpu.remote.serial 1 1 2026-05-18 11:33:59.984
!MESSAGE port: COM4

!ENTRY com.st.stm32cube.ide.mpu.remote.serial 1 1 2026-05-18 11:33:59.985
!MESSAGE port: COM8

!ENTRY com.st.stm32cube.ide.mpu.remote.serial 1 1 2026-05-18 11:33:59.986
!MESSAGE port: COM13

!ENTRY com.st.stm32cube.ide.mpu.remote.serial 1 1 2026-05-18 11:33:59.987
!MESSAGE port: COM12

!ENTRY com.st.stm32cube.ide.mpu.remote.serial 1 1 2026-05-18 11:34:35.776
!MESSAGE Executed PowerShell command powershell.exe -Command "Get-CimInstance -ClassName Win32_SerialPort | Select-Object -ExpandProperty DeviceID":
COM7
COM6
COM15
COM16
COM14
COM11
COM4
COM8
COM13
COM12


!ENTRY com.st.stm32cube.ide.mpu.remote.serial 1 1 2026-05-18 11:34:35.778
!MESSAGE port: COM7

!ENTRY com.st.stm32cube.ide.mpu.remote.serial 1 1 2026-05-18 11:34:35.780
!MESSAGE port: COM6

!ENTRY com.st.stm32cube.ide.mpu.remote.serial 1 1 2026-05-18 11:34:35.783
!MESSAGE port: COM15

!ENTRY com.st.stm32cube.ide.mpu.remote.serial 1 1 2026-05-18 11:34:35.784
!MESSAGE port: COM16

!ENTRY com.st.stm32cube.ide.mpu.remote.serial 1 1 2026-05-18 11:34:35.786
!MESSAGE port: COM14

!ENTRY com.st.stm32cube.ide.mpu.remote.serial 1 1 2026-05-18 11:34:35.788
!MESSAGE port: COM11

!ENTRY com.st.stm32cube.ide.mpu.remote.serial 1 1 2026-05-18 11:34:35.790
!MESSAGE port: COM4

!ENTRY com.st.stm32cube.ide.mpu.remote.serial 1 1 2026-05-18 11:34:35.792
!MESSAGE port: COM8

!ENTRY com.st.stm32cube.ide.mpu.remote.serial 1 1 2026-05-18 11:34:35.794
!MESSAGE port: COM13

!ENTRY com.st.stm32cube.ide.mpu.remote.serial 1 1 2026-05-18 11:34:35.796
!MESSAGE port: COM12

!ENTRY com.st.stm32cube.ide.mpu.remote.serial 1 1 2026-05-18 11:35:04.235
!MESSAGE Executed PowerShell command powershell.exe -Command "Get-CimInstance -ClassName Win32_SerialPort | Select-Object -ExpandProperty DeviceID":
COM7
COM6
COM15
COM16
COM14
COM11
COM4
COM8
COM13
COM12


!ENTRY com.st.stm32cube.ide.mpu.remote.serial 1 1 2026-05-18 11:35:04.236
!MESSAGE port: COM7

!ENTRY com.st.stm32cube.ide.mpu.remote.serial 1 1 2026-05-18 11:35:04.237
!MESSAGE port: COM6

!ENTRY com.st.stm32cube.ide.mpu.remote.serial 1 1 2026-05-18 11:35:04.238
!MESSAGE port: COM15

!ENTRY com.st.stm32cube.ide.mpu.remote.serial 1 1 2026-05-18 11:35:04.238
!MESSAGE port: COM16

!ENTRY com.st.stm32cube.ide.mpu.remote.serial 1 1 2026-05-18 11:35:04.239
!MESSAGE port: COM14

!ENTRY com.st.stm32cube.ide.mpu.remote.serial 1 1 2026-05-18 11:35:04.240
!MESSAGE port: COM11

!ENTRY com.st.stm32cube.ide.mpu.remote.serial 1 1 2026-05-18 11:35:04.240
!MESSAGE port: COM4

!ENTRY com.st.stm32cube.ide.mpu.remote.serial 1 1 2026-05-18 11:35:04.241
!MESSAGE port: COM8

!ENTRY com.st.stm32cube.ide.mpu.remote.serial 1 1 2026-05-18 11:35:04.241
!MESSAGE port: COM13

!ENTRY com.st.stm32cube.ide.mpu.remote.serial 1 1 2026-05-18 11:35:04.242
!MESSAGE port: COM12
!SESSION 2026-05-18 11:40:24.264 -----------------------------------------------
eclipse.buildId=Version 2.1.1
java.version=21.0.9
java.vendor=Eclipse Adoptium
BootLoader constants: OS=win32, ARCH=x86_64, WS=win32, NL=es_AR
Command-line arguments:  -os win32 -ws win32 -arch x86_64

!ENTRY com.st.stm32cube.ide.mcu.informationcenter 1 1 2026-05-18 11:40:40.951
!MESSAGE Log4j2 initialized with config file C:\Users\franc\STM32CubeIDE\workspace_2.1.2\.metadata\.log4j2.xml

!ENTRY com.st.stm32cube.ide.mcu.ide 1 1 2026-05-18 11:41:01.444
!MESSAGE Started RMI Server, listening on port 41337

!ENTRY com.st.stm32cube.ide.mpu.remote.serial 1 1 2026-05-18 11:41:32.213
!MESSAGE Executed PowerShell command powershell.exe -Command "Get-CimInstance -ClassName Win32_SerialPort | Select-Object -ExpandProperty DeviceID":
COM7
COM6
COM15
COM16
COM14
COM11
COM4
COM8
COM13
COM12


!ENTRY com.st.stm32cube.ide.mpu.remote.serial 1 1 2026-05-18 11:41:32.214
!MESSAGE port: COM7

!ENTRY com.st.stm32cube.ide.mpu.remote.serial 1 1 2026-05-18 11:41:32.215
!MESSAGE port: COM6

!ENTRY com.st.stm32cube.ide.mpu.remote.serial 1 1 2026-05-18 11:41:32.217
!MESSAGE port: COM15

!ENTRY com.st.stm32cube.ide.mpu.remote.serial 1 1 2026-05-18 11:41:32.218
!MESSAGE port: COM16

!ENTRY com.st.stm32cube.ide.mpu.remote.serial 1 1 2026-05-18 11:41:32.219
!MESSAGE port: COM14

!ENTRY com.st.stm32cube.ide.mpu.remote.serial 1 1 2026-05-18 11:41:32.220
!MESSAGE port: COM11

!ENTRY com.st.stm32cube.ide.mpu.remote.serial 1 1 2026-05-18 11:41:32.221
!MESSAGE port: COM4

!ENTRY com.st.stm32cube.ide.mpu.remote.serial 1 1 2026-05-18 11:41:32.222
!MESSAGE port: COM8

!ENTRY com.st.stm32cube.ide.mpu.remote.serial 1 1 2026-05-18 11:41:32.223
!MESSAGE port: COM13

!ENTRY com.st.stm32cube.ide.mpu.remote.serial 1 1 2026-05-18 11:41:32.224
!MESSAGE port: COM12

!ENTRY org.eclipse.cdt.core 1 0 2026-05-18 11:42:04.188
!MESSAGE Indexed 'Ch2i_RAK3172_Phy_PingPong' (52 sources, 173 headers) in 11,6 sec: 17.705 declarations; 70.052 references; 3 unresolved inclusions; 33 syntax errors; 171 unresolved names (0,19 %)

!ENTRY com.st.stm32cube.ide.mpu.remote.serial 1 1 2026-05-18 11:43:34.873
!MESSAGE Executed PowerShell command powershell.exe -Command "Get-CimInstance -ClassName Win32_SerialPort | Select-Object -ExpandProperty DeviceID":
COM7
COM6
COM15
COM16
COM14
COM11
COM4
COM8
COM13
COM12


!ENTRY com.st.stm32cube.ide.mpu.remote.serial 1 1 2026-05-18 11:43:34.875
!MESSAGE port: COM7

!ENTRY com.st.stm32cube.ide.mpu.remote.serial 1 1 2026-05-18 11:43:34.878
!MESSAGE port: COM6

!ENTRY com.st.stm32cube.ide.mpu.remote.serial 1 1 2026-05-18 11:43:34.880
!MESSAGE port: COM15

!ENTRY com.st.stm32cube.ide.mpu.remote.serial 1 1 2026-05-18 11:43:34.882
!MESSAGE port: COM16

!ENTRY com.st.stm32cube.ide.mpu.remote.serial 1 1 2026-05-18 11:43:34.883
!MESSAGE port: COM14

!ENTRY com.st.stm32cube.ide.mpu.remote.serial 1 1 2026-05-18 11:43:34.887
!MESSAGE port: COM11

!ENTRY com.st.stm32cube.ide.mpu.remote.serial 1 1 2026-05-18 11:43:34.889
!MESSAGE port: COM4

!ENTRY com.st.stm32cube.ide.mpu.remote.serial 1 1 2026-05-18 11:43:34.890
!MESSAGE port: COM8

!ENTRY com.st.stm32cube.ide.mpu.remote.serial 1 1 2026-05-18 11:43:34.892
!MESSAGE port: COM13

!ENTRY com.st.stm32cube.ide.mpu.remote.serial 1 1 2026-05-18 11:43:34.895
!MESSAGE port: COM12

!ENTRY com.st.stm32cube.ide.mpu.remote.serial 1 1 2026-05-18 11:44:03.463
!MESSAGE Executed PowerShell command powershell.exe -Command "Get-CimInstance -ClassName Win32_SerialPort | Select-Object -ExpandProperty DeviceID":
COM7
COM6
COM15
COM16
COM14
COM11
COM4
COM8
COM13
COM12


!ENTRY com.st.stm32cube.ide.mpu.remote.serial 1 1 2026-05-18 11:44:03.466
!MESSAGE port: COM7

!ENTRY com.st.stm32cube.ide.mpu.remote.serial 1 1 2026-05-18 11:44:03.468
!MESSAGE port: COM6

!ENTRY com.st.stm32cube.ide.mpu.remote.serial 1 1 2026-05-18 11:44:03.470
!MESSAGE port: COM15

!ENTRY com.st.stm32cube.ide.mpu.remote.serial 1 1 2026-05-18 11:44:03.472
!MESSAGE port: COM16

!ENTRY com.st.stm32cube.ide.mpu.remote.serial 1 1 2026-05-18 11:44:03.474
!MESSAGE port: COM14

!ENTRY com.st.stm32cube.ide.mpu.remote.serial 1 1 2026-05-18 11:44:03.476
!MESSAGE port: COM11

!ENTRY com.st.stm32cube.ide.mpu.remote.serial 1 1 2026-05-18 11:44:03.478
!MESSAGE port: COM4

!ENTRY com.st.stm32cube.ide.mpu.remote.serial 1 1 2026-05-18 11:44:03.480
!MESSAGE port: COM8

!ENTRY com.st.stm32cube.ide.mpu.remote.serial 1 1 2026-05-18 11:44:03.481
!MESSAGE port: COM13

!ENTRY com.st.stm32cube.ide.mpu.remote.serial 1 1 2026-05-18 11:44:03.483
!MESSAGE port: COM12

!ENTRY com.st.stm32cube.ide.mpu.remote.serial 1 1 2026-05-18 11:44:32.123
!MESSAGE Executed PowerShell command powershell.exe -Command "Get-CimInstance -ClassName Win32_SerialPort | Select-Object -ExpandProperty DeviceID":
COM7
COM6
COM15
COM16
COM14
COM11
COM4
COM8
COM13
COM12


!ENTRY com.st.stm32cube.ide.mpu.remote.serial 1 1 2026-05-18 11:44:32.125
!MESSAGE port: COM7

!ENTRY com.st.stm32cube.ide.mpu.remote.serial 1 1 2026-05-18 11:44:32.125
!MESSAGE port: COM6

!ENTRY com.st.stm32cube.ide.mpu.remote.serial 1 1 2026-05-18 11:44:32.127
!MESSAGE port: COM15

!ENTRY com.st.stm32cube.ide.mpu.remote.serial 1 1 2026-05-18 11:44:32.127
!MESSAGE port: COM16

!ENTRY com.st.stm32cube.ide.mpu.remote.serial 1 1 2026-05-18 11:44:32.128
!MESSAGE port: COM14

!ENTRY com.st.stm32cube.ide.mpu.remote.serial 1 1 2026-05-18 11:44:32.128
!MESSAGE port: COM11

!ENTRY com.st.stm32cube.ide.mpu.remote.serial 1 1 2026-05-18 11:44:32.130
!MESSAGE port: COM4

!ENTRY com.st.stm32cube.ide.mpu.remote.serial 1 1 2026-05-18 11:44:32.130
!MESSAGE port: COM8

!ENTRY com.st.stm32cube.ide.mpu.remote.serial 1 1 2026-05-18 11:44:32.130
!MESSAGE port: COM13

!ENTRY com.st.stm32cube.ide.mpu.remote.serial 1 1 2026-05-18 11:44:32.131
!MESSAGE port: COM12

!ENTRY com.st.stm32cube.ide.mpu.remote.serial 1 1 2026-05-18 11:45:02.840
!MESSAGE Executed PowerShell command powershell.exe -Command "Get-CimInstance -ClassName Win32_SerialPort | Select-Object -ExpandProperty DeviceID":
COM7
COM6
COM15
COM16
COM14
COM11
COM4
COM8
COM13
COM12


!ENTRY com.st.stm32cube.ide.mpu.remote.serial 1 1 2026-05-18 11:45:02.842
!MESSAGE port: COM7

!ENTRY com.st.stm32cube.ide.mpu.remote.serial 1 1 2026-05-18 11:45:02.844
!MESSAGE port: COM6

!ENTRY com.st.stm32cube.ide.mpu.remote.serial 1 1 2026-05-18 11:45:02.847
!MESSAGE port: COM15

!ENTRY com.st.stm32cube.ide.mpu.remote.serial 1 1 2026-05-18 11:45:02.849
!MESSAGE port: COM16

!ENTRY com.st.stm32cube.ide.mpu.remote.serial 1 1 2026-05-18 11:45:02.851
!MESSAGE port: COM14

!ENTRY com.st.stm32cube.ide.mpu.remote.serial 1 1 2026-05-18 11:45:02.854
!MESSAGE port: COM11

!ENTRY com.st.stm32cube.ide.mpu.remote.serial 1 1 2026-05-18 11:45:02.856
!MESSAGE port: COM4

!ENTRY com.st.stm32cube.ide.mpu.remote.serial 1 1 2026-05-18 11:45:02.858
!MESSAGE port: COM8

!ENTRY com.st.stm32cube.ide.mpu.remote.serial 1 1 2026-05-18 11:45:02.860
!MESSAGE port: COM13

!ENTRY com.st.stm32cube.ide.mpu.remote.serial 1 1 2026-05-18 11:45:02.862
!MESSAGE port: COM12

!ENTRY com.st.stm32cube.ide.mpu.remote.serial 1 1 2026-05-18 11:45:31.361
!MESSAGE Executed PowerShell command powershell.exe -Command "Get-CimInstance -ClassName Win32_SerialPort | Select-Object -ExpandProperty DeviceID":
COM7
COM6
COM15
COM16
COM14
COM11
COM4
COM8
COM13
COM12


!ENTRY com.st.stm32cube.ide.mpu.remote.serial 1 1 2026-05-18 11:45:31.362
!MESSAGE port: COM7

!ENTRY com.st.stm32cube.ide.mpu.remote.serial 1 1 2026-05-18 11:45:31.363
!MESSAGE port: COM6

!ENTRY com.st.stm32cube.ide.mpu.remote.serial 1 1 2026-05-18 11:45:31.363
!MESSAGE port: COM15

!ENTRY com.st.stm32cube.ide.mpu.remote.serial 1 1 2026-05-18 11:45:31.364
!MESSAGE port: COM16

!ENTRY com.st.stm32cube.ide.mpu.remote.serial 1 1 2026-05-18 11:45:31.365
!MESSAGE port: COM14

!ENTRY com.st.stm32cube.ide.mpu.remote.serial 1 1 2026-05-18 11:45:31.366
!MESSAGE port: COM11

!ENTRY com.st.stm32cube.ide.mpu.remote.serial 1 1 2026-05-18 11:45:31.367
!MESSAGE port: COM4

!ENTRY com.st.stm32cube.ide.mpu.remote.serial 1 1 2026-05-18 11:45:31.368
!MESSAGE port: COM8

!ENTRY com.st.stm32cube.ide.mpu.remote.serial 1 1 2026-05-18 11:45:31.369
!MESSAGE port: COM13

!ENTRY com.st.stm32cube.ide.mpu.remote.serial 1 1 2026-05-18 11:45:31.370
!MESSAGE port: COM12

!ENTRY com.st.stm32cube.ide.mpu.remote.serial 1 1 2026-05-18 11:47:25.940
!MESSAGE Executed PowerShell command powershell.exe -Command "Get-CimInstance -ClassName Win32_SerialPort | Select-Object -ExpandProperty DeviceID":
COM7
COM6
COM15
COM16
COM14
COM11
COM4
COM8
COM13
COM12


!ENTRY com.st.stm32cube.ide.mpu.remote.serial 1 1 2026-05-18 11:47:25.941
!MESSAGE port: COM7

!ENTRY com.st.stm32cube.ide.mpu.remote.serial 1 1 2026-05-18 11:47:25.942
!MESSAGE port: COM6

!ENTRY com.st.stm32cube.ide.mpu.remote.serial 1 1 2026-05-18 11:47:25.943
!MESSAGE port: COM15

!ENTRY com.st.stm32cube.ide.mpu.remote.serial 1 1 2026-05-18 11:47:25.944
!MESSAGE port: COM16

!ENTRY com.st.stm32cube.ide.mpu.remote.serial 1 1 2026-05-18 11:47:25.945
!MESSAGE port: COM14

!ENTRY com.st.stm32cube.ide.mpu.remote.serial 1 1 2026-05-18 11:47:25.946
!MESSAGE port: COM11

!ENTRY com.st.stm32cube.ide.mpu.remote.serial 1 1 2026-05-18 11:47:25.947
!MESSAGE port: COM4

!ENTRY com.st.stm32cube.ide.mpu.remote.serial 1 1 2026-05-18 11:47:25.947
!MESSAGE port: COM8

!ENTRY com.st.stm32cube.ide.mpu.remote.serial 1 1 2026-05-18 11:47:25.948
!MESSAGE port: COM13

!ENTRY com.st.stm32cube.ide.mpu.remote.serial 1 1 2026-05-18 11:47:25.949
!MESSAGE port: COM12

!ENTRY com.st.stm32cube.ide.mpu.remote.serial 1 1 2026-05-18 11:47:54.156
!MESSAGE Executed PowerShell command powershell.exe -Command "Get-CimInstance -ClassName Win32_SerialPort | Select-Object -ExpandProperty DeviceID":
COM7
COM6
COM15
COM16
COM14
COM11
COM4
COM8
COM13
COM12


!ENTRY com.st.stm32cube.ide.mpu.remote.serial 1 1 2026-05-18 11:47:54.157
!MESSAGE port: COM7

!ENTRY com.st.stm32cube.ide.mpu.remote.serial 1 1 2026-05-18 11:47:54.158
!MESSAGE port: COM6

!ENTRY com.st.stm32cube.ide.mpu.remote.serial 1 1 2026-05-18 11:47:54.159
!MESSAGE port: COM15

!ENTRY com.st.stm32cube.ide.mpu.remote.serial 1 1 2026-05-18 11:47:54.160
!MESSAGE port: COM16

!ENTRY com.st.stm32cube.ide.mpu.remote.serial 1 1 2026-05-18 11:47:54.161
!MESSAGE port: COM14

!ENTRY com.st.stm32cube.ide.mpu.remote.serial 1 1 2026-05-18 11:47:54.162
!MESSAGE port: COM11

!ENTRY com.st.stm32cube.ide.mpu.remote.serial 1 1 2026-05-18 11:47:54.163
!MESSAGE port: COM4

!ENTRY com.st.stm32cube.ide.mpu.remote.serial 1 1 2026-05-18 11:47:54.164
!MESSAGE port: COM8

!ENTRY com.st.stm32cube.ide.mpu.remote.serial 1 1 2026-05-18 11:47:54.165
!MESSAGE port: COM13

!ENTRY com.st.stm32cube.ide.mpu.remote.serial 1 1 2026-05-18 11:47:54.165
!MESSAGE port: COM12

!ENTRY com.st.stm32cube.ide.mpu.remote.serial 1 1 2026-05-18 11:48:22.757
!MESSAGE Executed PowerShell command powershell.exe -Command "Get-CimInstance -ClassName Win32_SerialPort | Select-Object -ExpandProperty DeviceID":
COM7
COM6
COM15
COM16
COM14
COM11
COM4
COM8
COM13
COM12


!ENTRY com.st.stm32cube.ide.mpu.remote.serial 1 1 2026-05-18 11:48:22.758
!MESSAGE port: COM7

!ENTRY com.st.stm32cube.ide.mpu.remote.serial 1 1 2026-05-18 11:48:22.759
!MESSAGE port: COM6

!ENTRY com.st.stm32cube.ide.mpu.remote.serial 1 1 2026-05-18 11:48:22.759
!MESSAGE port: COM15

!ENTRY com.st.stm32cube.ide.mpu.remote.serial 1 1 2026-05-18 11:48:22.760
!MESSAGE port: COM16

!ENTRY com.st.stm32cube.ide.mpu.remote.serial 1 1 2026-05-18 11:48:22.761
!MESSAGE port: COM14

!ENTRY com.st.stm32cube.ide.mpu.remote.serial 1 1 2026-05-18 11:48:22.762
!MESSAGE port: COM11

!ENTRY com.st.stm32cube.ide.mpu.remote.serial 1 1 2026-05-18 11:48:22.763
!MESSAGE port: COM4

!ENTRY com.st.stm32cube.ide.mpu.remote.serial 1 1 2026-05-18 11:48:22.763
!MESSAGE port: COM8

!ENTRY com.st.stm32cube.ide.mpu.remote.serial 1 1 2026-05-18 11:48:22.764
!MESSAGE port: COM13

!ENTRY com.st.stm32cube.ide.mpu.remote.serial 1 1 2026-05-18 11:48:22.765
!MESSAGE port: COM12

!ENTRY com.st.stm32cube.ide.mpu.remote.serial 1 1 2026-05-18 11:56:01.453
!MESSAGE Executed PowerShell command powershell.exe -Command "Get-CimInstance -ClassName Win32_SerialPort | Select-Object -ExpandProperty DeviceID":
COM7
COM6
COM15
COM16
COM14
COM11
COM4
COM8
COM13
COM12


!ENTRY com.st.stm32cube.ide.mpu.remote.serial 1 1 2026-05-18 11:56:01.455
!MESSAGE port: COM7

!ENTRY com.st.stm32cube.ide.mpu.remote.serial 1 1 2026-05-18 11:56:01.456
!MESSAGE port: COM6

!ENTRY com.st.stm32cube.ide.mpu.remote.serial 1 1 2026-05-18 11:56:01.458
!MESSAGE port: COM15

!ENTRY com.st.stm32cube.ide.mpu.remote.serial 1 1 2026-05-18 11:56:01.460
!MESSAGE port: COM16

!ENTRY com.st.stm32cube.ide.mpu.remote.serial 1 1 2026-05-18 11:56:01.462
!MESSAGE port: COM14

!ENTRY com.st.stm32cube.ide.mpu.remote.serial 1 1 2026-05-18 11:56:01.464
!MESSAGE port: COM11

!ENTRY com.st.stm32cube.ide.mpu.remote.serial 1 1 2026-05-18 11:56:01.466
!MESSAGE port: COM4

!ENTRY com.st.stm32cube.ide.mpu.remote.serial 1 1 2026-05-18 11:56:01.467
!MESSAGE port: COM8

!ENTRY com.st.stm32cube.ide.mpu.remote.serial 1 1 2026-05-18 11:56:01.468
!MESSAGE port: COM13

!ENTRY com.st.stm32cube.ide.mpu.remote.serial 1 1 2026-05-18 11:56:01.470
!MESSAGE port: COM12

!ENTRY com.st.stm32cube.ide.mpu.remote.serial 1 1 2026-05-18 12:30:23.105
!MESSAGE Executed PowerShell command powershell.exe -Command "Get-CimInstance -ClassName Win32_SerialPort | Select-Object -ExpandProperty DeviceID":
COM7
COM6
COM15
COM16
COM14
COM11
COM4
COM8
COM13
COM12


!ENTRY com.st.stm32cube.ide.mpu.remote.serial 1 1 2026-05-18 12:30:23.108
!MESSAGE port: COM7

!ENTRY com.st.stm32cube.ide.mpu.remote.serial 1 1 2026-05-18 12:30:23.111
!MESSAGE port: COM6

!ENTRY com.st.stm32cube.ide.mpu.remote.serial 1 1 2026-05-18 12:30:23.113
!MESSAGE port: COM15

!ENTRY com.st.stm32cube.ide.mpu.remote.serial 1 1 2026-05-18 12:30:23.116
!MESSAGE port: COM16

!ENTRY com.st.stm32cube.ide.mpu.remote.serial 1 1 2026-05-18 12:30:23.118
!MESSAGE port: COM14

!ENTRY com.st.stm32cube.ide.mpu.remote.serial 1 1 2026-05-18 12:30:23.120
!MESSAGE port: COM11

!ENTRY com.st.stm32cube.ide.mpu.remote.serial 1 1 2026-05-18 12:30:23.122
!MESSAGE port: COM4

!ENTRY com.st.stm32cube.ide.mpu.remote.serial 1 1 2026-05-18 12:30:23.124
!MESSAGE port: COM8

!ENTRY com.st.stm32cube.ide.mpu.remote.serial 1 1 2026-05-18 12:30:23.126
!MESSAGE port: COM13

!ENTRY com.st.stm32cube.ide.mpu.remote.serial 1 1 2026-05-18 12:30:23.128
!MESSAGE port: COM12

!ENTRY com.st.stm32cube.ide.mpu.remote.serial 1 1 2026-05-18 12:31:40.860
!MESSAGE Executed PowerShell command powershell.exe -Command "Get-CimInstance -ClassName Win32_SerialPort | Select-Object -ExpandProperty DeviceID":
COM7
COM6
COM15
COM16
COM14
COM11
COM4
COM8
COM13
COM12


!ENTRY com.st.stm32cube.ide.mpu.remote.serial 1 1 2026-05-18 12:31:40.861
!MESSAGE port: COM7

!ENTRY com.st.stm32cube.ide.mpu.remote.serial 1 1 2026-05-18 12:31:40.862
!MESSAGE port: COM6

!ENTRY com.st.stm32cube.ide.mpu.remote.serial 1 1 2026-05-18 12:31:40.863
!MESSAGE port: COM15

!ENTRY com.st.stm32cube.ide.mpu.remote.serial 1 1 2026-05-18 12:31:40.864
!MESSAGE port: COM16

!ENTRY com.st.stm32cube.ide.mpu.remote.serial 1 1 2026-05-18 12:31:40.865
!MESSAGE port: COM14

!ENTRY com.st.stm32cube.ide.mpu.remote.serial 1 1 2026-05-18 12:31:40.878
!MESSAGE port: COM11

!ENTRY com.st.stm32cube.ide.mpu.remote.serial 1 1 2026-05-18 12:31:40.879
!MESSAGE port: COM4

!ENTRY com.st.stm32cube.ide.mpu.remote.serial 1 1 2026-05-18 12:31:40.881
!MESSAGE port: COM8

!ENTRY com.st.stm32cube.ide.mpu.remote.serial 1 1 2026-05-18 12:31:40.882
!MESSAGE port: COM13

!ENTRY com.st.stm32cube.ide.mpu.remote.serial 1 1 2026-05-18 12:31:40.883
!MESSAGE port: COM12

!ENTRY com.st.stm32cube.ide.mpu.remote.serial 1 1 2026-05-18 12:32:09.403
!MESSAGE Executed PowerShell command powershell.exe -Command "Get-CimInstance -ClassName Win32_SerialPort | Select-Object -ExpandProperty DeviceID":
COM7
COM6
COM15
COM16
COM14
COM11
COM4
COM8
COM13
COM12


!ENTRY com.st.stm32cube.ide.mpu.remote.serial 1 1 2026-05-18 12:32:09.405
!MESSAGE port: COM7

!ENTRY com.st.stm32cube.ide.mpu.remote.serial 1 1 2026-05-18 12:32:09.407
!MESSAGE port: COM6

!ENTRY com.st.stm32cube.ide.mpu.remote.serial 1 1 2026-05-18 12:32:09.409
!MESSAGE port: COM15

!ENTRY com.st.stm32cube.ide.mpu.remote.serial 1 1 2026-05-18 12:32:09.413
!MESSAGE port: COM16

!ENTRY com.st.stm32cube.ide.mpu.remote.serial 1 1 2026-05-18 12:32:09.416
!MESSAGE port: COM14

!ENTRY com.st.stm32cube.ide.mpu.remote.serial 1 1 2026-05-18 12:32:09.422
!MESSAGE port: COM11

!ENTRY com.st.stm32cube.ide.mpu.remote.serial 1 1 2026-05-18 12:32:09.424
!MESSAGE port: COM4

!ENTRY com.st.stm32cube.ide.mpu.remote.serial 1 1 2026-05-18 12:32:09.426
!MESSAGE port: COM8

!ENTRY com.st.stm32cube.ide.mpu.remote.serial 1 1 2026-05-18 12:32:09.428
!MESSAGE port: COM13

!ENTRY com.st.stm32cube.ide.mpu.remote.serial 1 1 2026-05-18 12:32:09.428
!MESSAGE port: COM12

!ENTRY com.st.stm32cube.ide.mpu.remote.serial 1 1 2026-05-18 12:33:46.968
!MESSAGE Executed PowerShell command powershell.exe -Command "Get-CimInstance -ClassName Win32_SerialPort | Select-Object -ExpandProperty DeviceID":
COM7
COM6
COM15
COM16
COM14
COM11
COM4
COM8
COM13
COM12


!ENTRY com.st.stm32cube.ide.mpu.remote.serial 1 1 2026-05-18 12:33:46.972
!MESSAGE port: COM7

!ENTRY com.st.stm32cube.ide.mpu.remote.serial 1 1 2026-05-18 12:33:46.974
!MESSAGE port: COM6

!ENTRY com.st.stm32cube.ide.mpu.remote.serial 1 1 2026-05-18 12:33:46.977
!MESSAGE port: COM15

!ENTRY com.st.stm32cube.ide.mpu.remote.serial 1 1 2026-05-18 12:33:46.979
!MESSAGE port: COM16

!ENTRY com.st.stm32cube.ide.mpu.remote.serial 1 1 2026-05-18 12:33:46.981
!MESSAGE port: COM14

!ENTRY com.st.stm32cube.ide.mpu.remote.serial 1 1 2026-05-18 12:33:46.983
!MESSAGE port: COM11

!ENTRY com.st.stm32cube.ide.mpu.remote.serial 1 1 2026-05-18 12:33:46.985
!MESSAGE port: COM4

!ENTRY com.st.stm32cube.ide.mpu.remote.serial 1 1 2026-05-18 12:33:46.987
!MESSAGE port: COM8

!ENTRY com.st.stm32cube.ide.mpu.remote.serial 1 1 2026-05-18 12:33:46.989
!MESSAGE port: COM13

!ENTRY com.st.stm32cube.ide.mpu.remote.serial 1 1 2026-05-18 12:33:46.990
!MESSAGE port: COM12

!ENTRY com.st.stm32cube.ide.mpu.remote.serial 1 1 2026-05-18 12:34:15.545
!MESSAGE Executed PowerShell command powershell.exe -Command "Get-CimInstance -ClassName Win32_SerialPort | Select-Object -ExpandProperty DeviceID":
COM7
COM6
COM15
COM16
COM14
COM11
COM4
COM8
COM13
COM12


!ENTRY com.st.stm32cube.ide.mpu.remote.serial 1 1 2026-05-18 12:34:15.547
!MESSAGE port: COM7

!ENTRY com.st.stm32cube.ide.mpu.remote.serial 1 1 2026-05-18 12:34:15.549
!MESSAGE port: COM6

!ENTRY com.st.stm32cube.ide.mpu.remote.serial 1 1 2026-05-18 12:34:15.551
!MESSAGE port: COM15

!ENTRY com.st.stm32cube.ide.mpu.remote.serial 1 1 2026-05-18 12:34:15.554
!MESSAGE port: COM16

!ENTRY com.st.stm32cube.ide.mpu.remote.serial 1 1 2026-05-18 12:34:15.556
!MESSAGE port: COM14

!ENTRY com.st.stm32cube.ide.mpu.remote.serial 1 1 2026-05-18 12:34:15.558
!MESSAGE port: COM11

!ENTRY com.st.stm32cube.ide.mpu.remote.serial 1 1 2026-05-18 12:34:15.560
!MESSAGE port: COM4

!ENTRY com.st.stm32cube.ide.mpu.remote.serial 1 1 2026-05-18 12:34:15.561
!MESSAGE port: COM8

!ENTRY com.st.stm32cube.ide.mpu.remote.serial 1 1 2026-05-18 12:34:15.563
!MESSAGE port: COM13

!ENTRY com.st.stm32cube.ide.mpu.remote.serial 1 1 2026-05-18 12:34:15.565
!MESSAGE port: COM12

!ENTRY org.eclipse.cdt.core 1 0 2026-05-18 12:35:48.879
!MESSAGE Indexed 'Prueba_tx_rak' (52 sources, 173 headers) in 8,34 sec: 17.715 declarations; 70.112 references; 3 unresolved inclusions; 33 syntax errors; 171 unresolved names (0,19 %)

!ENTRY com.st.stm32cube.ide.mpu.remote.serial 1 1 2026-05-18 12:39:45.732
!MESSAGE Executed PowerShell command powershell.exe -Command "Get-CimInstance -ClassName Win32_SerialPort | Select-Object -ExpandProperty DeviceID":
COM7
COM6
COM15
COM16
COM14
COM11
COM4
COM8
COM13
COM12


!ENTRY com.st.stm32cube.ide.mpu.remote.serial 1 1 2026-05-18 12:39:45.733
!MESSAGE port: COM7

!ENTRY com.st.stm32cube.ide.mpu.remote.serial 1 1 2026-05-18 12:39:45.734
!MESSAGE port: COM6

!ENTRY com.st.stm32cube.ide.mpu.remote.serial 1 1 2026-05-18 12:39:45.734
!MESSAGE port: COM15

!ENTRY com.st.stm32cube.ide.mpu.remote.serial 1 1 2026-05-18 12:39:45.735
!MESSAGE port: COM16

!ENTRY com.st.stm32cube.ide.mpu.remote.serial 1 1 2026-05-18 12:39:45.736
!MESSAGE port: COM14

!ENTRY com.st.stm32cube.ide.mpu.remote.serial 1 1 2026-05-18 12:39:45.736
!MESSAGE port: COM11

!ENTRY com.st.stm32cube.ide.mpu.remote.serial 1 1 2026-05-18 12:39:45.737
!MESSAGE port: COM4

!ENTRY com.st.stm32cube.ide.mpu.remote.serial 1 1 2026-05-18 12:39:45.738
!MESSAGE port: COM8

!ENTRY com.st.stm32cube.ide.mpu.remote.serial 1 1 2026-05-18 12:39:45.739
!MESSAGE port: COM13

!ENTRY com.st.stm32cube.ide.mpu.remote.serial 1 1 2026-05-18 12:39:45.740
!MESSAGE port: COM12

!ENTRY com.st.stm32cube.ide.mpu.remote.serial 1 1 2026-05-18 12:40:14.379
!MESSAGE Executed PowerShell command powershell.exe -Command "Get-CimInstance -ClassName Win32_SerialPort | Select-Object -ExpandProperty DeviceID":
COM7
COM6
COM15
COM16
COM14
COM11
COM4
COM8
COM13
COM12


!ENTRY com.st.stm32cube.ide.mpu.remote.serial 1 1 2026-05-18 12:40:14.380
!MESSAGE port: COM7

!ENTRY com.st.stm32cube.ide.mpu.remote.serial 1 1 2026-05-18 12:40:14.381
!MESSAGE port: COM6

!ENTRY com.st.stm32cube.ide.mpu.remote.serial 1 1 2026-05-18 12:40:14.382
!MESSAGE port: COM15

!ENTRY com.st.stm32cube.ide.mpu.remote.serial 1 1 2026-05-18 12:40:14.383
!MESSAGE port: COM16

!ENTRY com.st.stm32cube.ide.mpu.remote.serial 1 1 2026-05-18 12:40:14.383
!MESSAGE port: COM14

!ENTRY com.st.stm32cube.ide.mpu.remote.serial 1 1 2026-05-18 12:40:14.384
!MESSAGE port: COM11

!ENTRY com.st.stm32cube.ide.mpu.remote.serial 1 1 2026-05-18 12:40:14.385
!MESSAGE port: COM4

!ENTRY com.st.stm32cube.ide.mpu.remote.serial 1 1 2026-05-18 12:40:14.385
!MESSAGE port: COM8

!ENTRY com.st.stm32cube.ide.mpu.remote.serial 1 1 2026-05-18 12:40:14.386
!MESSAGE port: COM13

!ENTRY com.st.stm32cube.ide.mpu.remote.serial 1 1 2026-05-18 12:40:14.387
!MESSAGE port: COM12

!ENTRY com.st.stm32cube.ide.mpu.remote.serial 1 1 2026-05-18 12:41:54.661
!MESSAGE Executed PowerShell command powershell.exe -Command "Get-CimInstance -ClassName Win32_SerialPort | Select-Object -ExpandProperty DeviceID":
COM7
COM6
COM15
COM16
COM14
COM11
COM4
COM8
COM13
COM12


!ENTRY com.st.stm32cube.ide.mpu.remote.serial 1 1 2026-05-18 12:41:54.662
!MESSAGE port: COM7

!ENTRY com.st.stm32cube.ide.mpu.remote.serial 1 1 2026-05-18 12:41:54.663
!MESSAGE port: COM6

!ENTRY com.st.stm32cube.ide.mpu.remote.serial 1 1 2026-05-18 12:41:54.664
!MESSAGE port: COM15

!ENTRY com.st.stm32cube.ide.mpu.remote.serial 1 1 2026-05-18 12:41:54.665
!MESSAGE port: COM16

!ENTRY com.st.stm32cube.ide.mpu.remote.serial 1 1 2026-05-18 12:41:54.666
!MESSAGE port: COM14

!ENTRY com.st.stm32cube.ide.mpu.remote.serial 1 1 2026-05-18 12:41:54.666
!MESSAGE port: COM11

!ENTRY com.st.stm32cube.ide.mpu.remote.serial 1 1 2026-05-18 12:41:54.667
!MESSAGE port: COM4

!ENTRY com.st.stm32cube.ide.mpu.remote.serial 1 1 2026-05-18 12:41:54.668
!MESSAGE port: COM8

!ENTRY com.st.stm32cube.ide.mpu.remote.serial 1 1 2026-05-18 12:41:54.669
!MESSAGE port: COM13

!ENTRY com.st.stm32cube.ide.mpu.remote.serial 1 1 2026-05-18 12:41:54.670
!MESSAGE port: COM12

!ENTRY com.st.stm32cube.ide.mpu.remote.serial 1 1 2026-05-18 12:42:22.922
!MESSAGE Executed PowerShell command powershell.exe -Command "Get-CimInstance -ClassName Win32_SerialPort | Select-Object -ExpandProperty DeviceID":
COM7
COM6
COM15
COM16
COM14
COM11
COM4
COM8
COM13
COM12


!ENTRY com.st.stm32cube.ide.mpu.remote.serial 1 1 2026-05-18 12:42:22.923
!MESSAGE port: COM7

!ENTRY com.st.stm32cube.ide.mpu.remote.serial 1 1 2026-05-18 12:42:22.923
!MESSAGE port: COM6

!ENTRY com.st.stm32cube.ide.mpu.remote.serial 1 1 2026-05-18 12:42:22.924
!MESSAGE port: COM15

!ENTRY com.st.stm32cube.ide.mpu.remote.serial 1 1 2026-05-18 12:42:22.925
!MESSAGE port: COM16

!ENTRY com.st.stm32cube.ide.mpu.remote.serial 1 1 2026-05-18 12:42:22.926
!MESSAGE port: COM14

!ENTRY com.st.stm32cube.ide.mpu.remote.serial 1 1 2026-05-18 12:42:22.926
!MESSAGE port: COM11

!ENTRY com.st.stm32cube.ide.mpu.remote.serial 1 1 2026-05-18 12:42:22.927
!MESSAGE port: COM4

!ENTRY com.st.stm32cube.ide.mpu.remote.serial 1 1 2026-05-18 12:42:22.928
!MESSAGE port: COM8

!ENTRY com.st.stm32cube.ide.mpu.remote.serial 1 1 2026-05-18 12:42:22.929
!MESSAGE port: COM13

!ENTRY com.st.stm32cube.ide.mpu.remote.serial 1 1 2026-05-18 12:42:22.929
!MESSAGE port: COM12

!ENTRY com.st.stm32cube.ide.mpu.remote.serial 1 1 2026-05-18 12:43:13.830
!MESSAGE Executed PowerShell command powershell.exe -Command "Get-CimInstance -ClassName Win32_SerialPort | Select-Object -ExpandProperty DeviceID":
COM7
COM6
COM15
COM16
COM14
COM11
COM4
COM8
COM13
COM12


!ENTRY com.st.stm32cube.ide.mpu.remote.serial 1 1 2026-05-18 12:43:13.831
!MESSAGE port: COM7

!ENTRY com.st.stm32cube.ide.mpu.remote.serial 1 1 2026-05-18 12:43:13.832
!MESSAGE port: COM6

!ENTRY com.st.stm32cube.ide.mpu.remote.serial 1 1 2026-05-18 12:43:13.833
!MESSAGE port: COM15

!ENTRY com.st.stm32cube.ide.mpu.remote.serial 1 1 2026-05-18 12:43:13.834
!MESSAGE port: COM16

!ENTRY com.st.stm32cube.ide.mpu.remote.serial 1 1 2026-05-18 12:43:13.834
!MESSAGE port: COM14

!ENTRY com.st.stm32cube.ide.mpu.remote.serial 1 1 2026-05-18 12:43:13.835
!MESSAGE port: COM11

!ENTRY com.st.stm32cube.ide.mpu.remote.serial 1 1 2026-05-18 12:43:13.836
!MESSAGE port: COM4

!ENTRY com.st.stm32cube.ide.mpu.remote.serial 1 1 2026-05-18 12:43:13.836
!MESSAGE port: COM8

!ENTRY com.st.stm32cube.ide.mpu.remote.serial 1 1 2026-05-18 12:43:13.837
!MESSAGE port: COM13

!ENTRY com.st.stm32cube.ide.mpu.remote.serial 1 1 2026-05-18 12:43:13.838
!MESSAGE port: COM12

!ENTRY com.st.stm32cube.ide.mpu.remote.serial 1 1 2026-05-18 12:43:42.237
!MESSAGE Executed PowerShell command powershell.exe -Command "Get-CimInstance -ClassName Win32_SerialPort | Select-Object -ExpandProperty DeviceID":
COM7
COM6
COM15
COM16
COM14
COM11
COM4
COM8
COM13
COM12


!ENTRY com.st.stm32cube.ide.mpu.remote.serial 1 1 2026-05-18 12:43:42.238
!MESSAGE port: COM7

!ENTRY com.st.stm32cube.ide.mpu.remote.serial 1 1 2026-05-18 12:43:42.239
!MESSAGE port: COM6

!ENTRY com.st.stm32cube.ide.mpu.remote.serial 1 1 2026-05-18 12:43:42.240
!MESSAGE port: COM15

!ENTRY com.st.stm32cube.ide.mpu.remote.serial 1 1 2026-05-18 12:43:42.242
!MESSAGE port: COM16

!ENTRY com.st.stm32cube.ide.mpu.remote.serial 1 1 2026-05-18 12:43:42.244
!MESSAGE port: COM14

!ENTRY com.st.stm32cube.ide.mpu.remote.serial 1 1 2026-05-18 12:43:42.245
!MESSAGE port: COM11

!ENTRY com.st.stm32cube.ide.mpu.remote.serial 1 1 2026-05-18 12:43:42.245
!MESSAGE port: COM4

!ENTRY com.st.stm32cube.ide.mpu.remote.serial 1 1 2026-05-18 12:43:42.246
!MESSAGE port: COM8

!ENTRY com.st.stm32cube.ide.mpu.remote.serial 1 1 2026-05-18 12:43:42.247
!MESSAGE port: COM13

!ENTRY com.st.stm32cube.ide.mpu.remote.serial 1 1 2026-05-18 12:43:42.248
!MESSAGE port: COM12

!ENTRY com.st.stm32cube.ide.mpu.remote.serial 1 1 2026-05-18 12:45:43.289
!MESSAGE Executed PowerShell command powershell.exe -Command "Get-CimInstance -ClassName Win32_SerialPort | Select-Object -ExpandProperty DeviceID":
COM7
COM6
COM15
COM16
COM14
COM11
COM4
COM8
COM13
COM12


!ENTRY com.st.stm32cube.ide.mpu.remote.serial 1 1 2026-05-18 12:45:43.290
!MESSAGE port: COM7

!ENTRY com.st.stm32cube.ide.mpu.remote.serial 1 1 2026-05-18 12:45:43.291
!MESSAGE port: COM6

!ENTRY com.st.stm32cube.ide.mpu.remote.serial 1 1 2026-05-18 12:45:43.292
!MESSAGE port: COM15

!ENTRY com.st.stm32cube.ide.mpu.remote.serial 1 1 2026-05-18 12:45:43.293
!MESSAGE port: COM16

!ENTRY com.st.stm32cube.ide.mpu.remote.serial 1 1 2026-05-18 12:45:43.294
!MESSAGE port: COM14

!ENTRY com.st.stm32cube.ide.mpu.remote.serial 1 1 2026-05-18 12:45:43.295
!MESSAGE port: COM11

!ENTRY com.st.stm32cube.ide.mpu.remote.serial 1 1 2026-05-18 12:45:43.297
!MESSAGE port: COM4

!ENTRY com.st.stm32cube.ide.mpu.remote.serial 1 1 2026-05-18 12:45:43.297
!MESSAGE port: COM8

!ENTRY com.st.stm32cube.ide.mpu.remote.serial 1 1 2026-05-18 12:45:43.299
!MESSAGE port: COM13

!ENTRY com.st.stm32cube.ide.mpu.remote.serial 1 1 2026-05-18 12:45:43.300
!MESSAGE port: COM12

!ENTRY com.st.stm32cube.ide.mpu.remote.serial 1 1 2026-05-18 12:46:12.245
!MESSAGE Executed PowerShell command powershell.exe -Command "Get-CimInstance -ClassName Win32_SerialPort | Select-Object -ExpandProperty DeviceID":
COM7
COM6
COM15
COM16
COM14
COM11
COM4
COM8
COM13
COM12


!ENTRY com.st.stm32cube.ide.mpu.remote.serial 1 1 2026-05-18 12:46:12.246
!MESSAGE port: COM7

!ENTRY com.st.stm32cube.ide.mpu.remote.serial 1 1 2026-05-18 12:46:12.247
!MESSAGE port: COM6

!ENTRY com.st.stm32cube.ide.mpu.remote.serial 1 1 2026-05-18 12:46:12.248
!MESSAGE port: COM15

!ENTRY com.st.stm32cube.ide.mpu.remote.serial 1 1 2026-05-18 12:46:12.249
!MESSAGE port: COM16

!ENTRY com.st.stm32cube.ide.mpu.remote.serial 1 1 2026-05-18 12:46:12.250
!MESSAGE port: COM14

!ENTRY com.st.stm32cube.ide.mpu.remote.serial 1 1 2026-05-18 12:46:12.251
!MESSAGE port: COM11

!ENTRY com.st.stm32cube.ide.mpu.remote.serial 1 1 2026-05-18 12:46:12.251
!MESSAGE port: COM4

!ENTRY com.st.stm32cube.ide.mpu.remote.serial 1 1 2026-05-18 12:46:12.252
!MESSAGE port: COM8

!ENTRY com.st.stm32cube.ide.mpu.remote.serial 1 1 2026-05-18 12:46:12.253
!MESSAGE port: COM13

!ENTRY com.st.stm32cube.ide.mpu.remote.serial 1 1 2026-05-18 12:46:12.254
!MESSAGE port: COM12

!ENTRY com.st.stm32cube.ide.mpu.remote.serial 1 1 2026-05-18 12:46:49.890
!MESSAGE Executed PowerShell command powershell.exe -Command "Get-CimInstance -ClassName Win32_SerialPort | Select-Object -ExpandProperty DeviceID":
COM7
COM6
COM15
COM16
COM14
COM11
COM4
COM8
COM13
COM12


!ENTRY com.st.stm32cube.ide.mpu.remote.serial 1 1 2026-05-18 12:46:49.891
!MESSAGE port: COM7

!ENTRY com.st.stm32cube.ide.mpu.remote.serial 1 1 2026-05-18 12:46:49.892
!MESSAGE port: COM6

!ENTRY com.st.stm32cube.ide.mpu.remote.serial 1 1 2026-05-18 12:46:49.892
!MESSAGE port: COM15

!ENTRY com.st.stm32cube.ide.mpu.remote.serial 1 1 2026-05-18 12:46:49.893
!MESSAGE port: COM16

!ENTRY com.st.stm32cube.ide.mpu.remote.serial 1 1 2026-05-18 12:46:49.894
!MESSAGE port: COM14

!ENTRY com.st.stm32cube.ide.mpu.remote.serial 1 1 2026-05-18 12:46:49.894
!MESSAGE port: COM11

!ENTRY com.st.stm32cube.ide.mpu.remote.serial 1 1 2026-05-18 12:46:49.895
!MESSAGE port: COM4

!ENTRY com.st.stm32cube.ide.mpu.remote.serial 1 1 2026-05-18 12:46:49.896
!MESSAGE port: COM8

!ENTRY com.st.stm32cube.ide.mpu.remote.serial 1 1 2026-05-18 12:46:49.897
!MESSAGE port: COM13

!ENTRY com.st.stm32cube.ide.mpu.remote.serial 1 1 2026-05-18 12:46:49.897
!MESSAGE port: COM12

!ENTRY com.st.stm32cube.ide.mpu.remote.serial 1 1 2026-05-18 12:47:23.705
!MESSAGE Executed PowerShell command powershell.exe -Command "Get-CimInstance -ClassName Win32_SerialPort | Select-Object -ExpandProperty DeviceID":
COM7
COM6
COM15
COM16
COM14
COM11
COM4
COM8
COM13
COM12


!ENTRY com.st.stm32cube.ide.mpu.remote.serial 1 1 2026-05-18 12:47:23.705
!MESSAGE port: COM7

!ENTRY com.st.stm32cube.ide.mpu.remote.serial 1 1 2026-05-18 12:47:23.706
!MESSAGE port: COM6

!ENTRY com.st.stm32cube.ide.mpu.remote.serial 1 1 2026-05-18 12:47:23.707
!MESSAGE port: COM15

!ENTRY com.st.stm32cube.ide.mpu.remote.serial 1 1 2026-05-18 12:47:23.707
!MESSAGE port: COM16

!ENTRY com.st.stm32cube.ide.mpu.remote.serial 1 1 2026-05-18 12:47:23.708
!MESSAGE port: COM14

!ENTRY com.st.stm32cube.ide.mpu.remote.serial 1 1 2026-05-18 12:47:23.709
!MESSAGE port: COM11

!ENTRY com.st.stm32cube.ide.mpu.remote.serial 1 1 2026-05-18 12:47:23.709
!MESSAGE port: COM4

!ENTRY com.st.stm32cube.ide.mpu.remote.serial 1 1 2026-05-18 12:47:23.710
!MESSAGE port: COM8

!ENTRY com.st.stm32cube.ide.mpu.remote.serial 1 1 2026-05-18 12:47:23.711
!MESSAGE port: COM13

!ENTRY com.st.stm32cube.ide.mpu.remote.serial 1 1 2026-05-18 12:47:23.711
!MESSAGE port: COM12

!ENTRY com.st.stm32cube.ide.mpu.remote.serial 1 1 2026-05-18 12:53:24.645
!MESSAGE Executed PowerShell command powershell.exe -Command "Get-CimInstance -ClassName Win32_SerialPort | Select-Object -ExpandProperty DeviceID":
COM7
COM6
COM15
COM16
COM14
COM11
COM4
COM8
COM13
COM12


!ENTRY com.st.stm32cube.ide.mpu.remote.serial 1 1 2026-05-18 12:53:24.647
!MESSAGE port: COM7

!ENTRY com.st.stm32cube.ide.mpu.remote.serial 1 1 2026-05-18 12:53:24.647
!MESSAGE port: COM6

!ENTRY com.st.stm32cube.ide.mpu.remote.serial 1 1 2026-05-18 12:53:24.647
!MESSAGE port: COM15

!ENTRY com.st.stm32cube.ide.mpu.remote.serial 1 1 2026-05-18 12:53:24.649
!MESSAGE port: COM16

!ENTRY com.st.stm32cube.ide.mpu.remote.serial 1 1 2026-05-18 12:53:24.649
!MESSAGE port: COM14

!ENTRY com.st.stm32cube.ide.mpu.remote.serial 1 1 2026-05-18 12:53:24.651
!MESSAGE port: COM11

!ENTRY com.st.stm32cube.ide.mpu.remote.serial 1 1 2026-05-18 12:53:24.651
!MESSAGE port: COM4

!ENTRY com.st.stm32cube.ide.mpu.remote.serial 1 1 2026-05-18 12:53:24.651
!MESSAGE port: COM8

!ENTRY com.st.stm32cube.ide.mpu.remote.serial 1 1 2026-05-18 12:53:24.653
!MESSAGE port: COM13

!ENTRY com.st.stm32cube.ide.mpu.remote.serial 1 1 2026-05-18 12:53:24.653
!MESSAGE port: COM12

!ENTRY com.st.stm32cube.ide.mpu.remote.serial 1 1 2026-05-18 12:53:53.213
!MESSAGE Executed PowerShell command powershell.exe -Command "Get-CimInstance -ClassName Win32_SerialPort | Select-Object -ExpandProperty DeviceID":
COM7
COM6
COM15
COM16
COM14
COM11
COM4
COM8
COM13
COM12


!ENTRY com.st.stm32cube.ide.mpu.remote.serial 1 1 2026-05-18 12:53:53.215
!MESSAGE port: COM7

!ENTRY com.st.stm32cube.ide.mpu.remote.serial 1 1 2026-05-18 12:53:53.215
!MESSAGE port: COM6

!ENTRY com.st.stm32cube.ide.mpu.remote.serial 1 1 2026-05-18 12:53:53.217
!MESSAGE port: COM15

!ENTRY com.st.stm32cube.ide.mpu.remote.serial 1 1 2026-05-18 12:53:53.217
!MESSAGE port: COM16

!ENTRY com.st.stm32cube.ide.mpu.remote.serial 1 1 2026-05-18 12:53:53.219
!MESSAGE port: COM14

!ENTRY com.st.stm32cube.ide.mpu.remote.serial 1 1 2026-05-18 12:53:53.219
!MESSAGE port: COM11

!ENTRY com.st.stm32cube.ide.mpu.remote.serial 1 1 2026-05-18 12:53:53.219
!MESSAGE port: COM4

!ENTRY com.st.stm32cube.ide.mpu.remote.serial 1 1 2026-05-18 12:53:53.221
!MESSAGE port: COM8

!ENTRY com.st.stm32cube.ide.mpu.remote.serial 1 1 2026-05-18 12:53:53.221
!MESSAGE port: COM13

!ENTRY com.st.stm32cube.ide.mpu.remote.serial 1 1 2026-05-18 12:53:53.223
!MESSAGE port: COM12

!ENTRY com.st.stm32cube.ide.mpu.remote.serial 1 1 2026-05-18 12:55:13.810
!MESSAGE Executed PowerShell command powershell.exe -Command "Get-CimInstance -ClassName Win32_SerialPort | Select-Object -ExpandProperty DeviceID":
COM7
COM6
COM15
COM16
COM14
COM11
COM4
COM8
COM13
COM12


!ENTRY com.st.stm32cube.ide.mpu.remote.serial 1 1 2026-05-18 12:55:13.811
!MESSAGE port: COM7

!ENTRY com.st.stm32cube.ide.mpu.remote.serial 1 1 2026-05-18 12:55:13.812
!MESSAGE port: COM6

!ENTRY com.st.stm32cube.ide.mpu.remote.serial 1 1 2026-05-18 12:55:13.813
!MESSAGE port: COM15

!ENTRY com.st.stm32cube.ide.mpu.remote.serial 1 1 2026-05-18 12:55:13.814
!MESSAGE port: COM16

!ENTRY com.st.stm32cube.ide.mpu.remote.serial 1 1 2026-05-18 12:55:13.814
!MESSAGE port: COM14

!ENTRY com.st.stm32cube.ide.mpu.remote.serial 1 1 2026-05-18 12:55:13.815
!MESSAGE port: COM11

!ENTRY com.st.stm32cube.ide.mpu.remote.serial 1 1 2026-05-18 12:55:13.815
!MESSAGE port: COM4

!ENTRY com.st.stm32cube.ide.mpu.remote.serial 1 1 2026-05-18 12:55:13.816
!MESSAGE port: COM8

!ENTRY com.st.stm32cube.ide.mpu.remote.serial 1 1 2026-05-18 12:55:13.817
!MESSAGE port: COM13

!ENTRY com.st.stm32cube.ide.mpu.remote.serial 1 1 2026-05-18 12:55:13.817
!MESSAGE port: COM12

!ENTRY com.st.stm32cube.ide.mpu.remote.serial 1 1 2026-05-18 12:55:42.016
!MESSAGE Executed PowerShell command powershell.exe -Command "Get-CimInstance -ClassName Win32_SerialPort | Select-Object -ExpandProperty DeviceID":
COM7
COM6
COM15
COM16
COM14
COM11
COM4
COM8
COM13
COM12


!ENTRY com.st.stm32cube.ide.mpu.remote.serial 1 1 2026-05-18 12:55:42.017
!MESSAGE port: COM7

!ENTRY com.st.stm32cube.ide.mpu.remote.serial 1 1 2026-05-18 12:55:42.018
!MESSAGE port: COM6

!ENTRY com.st.stm32cube.ide.mpu.remote.serial 1 1 2026-05-18 12:55:42.018
!MESSAGE port: COM15

!ENTRY com.st.stm32cube.ide.mpu.remote.serial 1 1 2026-05-18 12:55:42.019
!MESSAGE port: COM16

!ENTRY com.st.stm32cube.ide.mpu.remote.serial 1 1 2026-05-18 12:55:42.020
!MESSAGE port: COM14

!ENTRY com.st.stm32cube.ide.mpu.remote.serial 1 1 2026-05-18 12:55:42.021
!MESSAGE port: COM11

!ENTRY com.st.stm32cube.ide.mpu.remote.serial 1 1 2026-05-18 12:55:42.021
!MESSAGE port: COM4

!ENTRY com.st.stm32cube.ide.mpu.remote.serial 1 1 2026-05-18 12:55:42.022
!MESSAGE port: COM8

!ENTRY com.st.stm32cube.ide.mpu.remote.serial 1 1 2026-05-18 12:55:42.023
!MESSAGE port: COM13

!ENTRY com.st.stm32cube.ide.mpu.remote.serial 1 1 2026-05-18 12:55:42.024
!MESSAGE port: COM12

!ENTRY org.eclipse.cdt.core 1 0 2026-05-18 12:58:50.815
!MESSAGE Indexed 'LED_STM32WL' (20 sources, 119 headers) in 3,67 sec: 12.745 declarations; 50.521 references; 1 unresolved inclusions; 76 syntax errors; 240 unresolved names (0,38 %)

!ENTRY org.eclipse.cdt.core 1 0 2026-05-18 13:03:37.573
!MESSAGE Indexed 'gps' (21 sources, 154 headers) in 4,11 sec: 17.125 declarations; 66.871 references; 1 unresolved inclusions; 76 syntax errors; 240 unresolved names (0,28 %)

!ENTRY com.st.stm32cube.ide.mpu.remote.serial 1 1 2026-05-18 13:07:13.814
!MESSAGE Executed PowerShell command powershell.exe -Command "Get-CimInstance -ClassName Win32_SerialPort | Select-Object -ExpandProperty DeviceID":
COM7
COM6
COM15
COM16
COM14
COM11
COM4
COM8
COM13
COM12


!ENTRY com.st.stm32cube.ide.mpu.remote.serial 1 1 2026-05-18 13:07:13.815
!MESSAGE port: COM7

!ENTRY com.st.stm32cube.ide.mpu.remote.serial 1 1 2026-05-18 13:07:13.816
!MESSAGE port: COM6

!ENTRY com.st.stm32cube.ide.mpu.remote.serial 1 1 2026-05-18 13:07:13.817
!MESSAGE port: COM15

!ENTRY com.st.stm32cube.ide.mpu.remote.serial 1 1 2026-05-18 13:07:13.817
!MESSAGE port: COM16

!ENTRY com.st.stm32cube.ide.mpu.remote.serial 1 1 2026-05-18 13:07:13.818
!MESSAGE port: COM14

!ENTRY com.st.stm32cube.ide.mpu.remote.serial 1 1 2026-05-18 13:07:13.819
!MESSAGE port: COM11

!ENTRY com.st.stm32cube.ide.mpu.remote.serial 1 1 2026-05-18 13:07:13.820
!MESSAGE port: COM4

!ENTRY com.st.stm32cube.ide.mpu.remote.serial 1 1 2026-05-18 13:07:13.820
!MESSAGE port: COM8

!ENTRY com.st.stm32cube.ide.mpu.remote.serial 1 1 2026-05-18 13:07:13.821
!MESSAGE port: COM13

!ENTRY com.st.stm32cube.ide.mpu.remote.serial 1 1 2026-05-18 13:07:13.822
!MESSAGE port: COM12

!ENTRY com.st.stm32cube.ide.mpu.remote.serial 1 1 2026-05-18 13:07:42.193
!MESSAGE Executed PowerShell command powershell.exe -Command "Get-CimInstance -ClassName Win32_SerialPort | Select-Object -ExpandProperty DeviceID":
COM7
COM6
COM15
COM16
COM14
COM11
COM4
COM8
COM13
COM12


!ENTRY com.st.stm32cube.ide.mpu.remote.serial 1 1 2026-05-18 13:07:42.194
!MESSAGE port: COM7

!ENTRY com.st.stm32cube.ide.mpu.remote.serial 1 1 2026-05-18 13:07:42.194
!MESSAGE port: COM6

!ENTRY com.st.stm32cube.ide.mpu.remote.serial 1 1 2026-05-18 13:07:42.195
!MESSAGE port: COM15

!ENTRY com.st.stm32cube.ide.mpu.remote.serial 1 1 2026-05-18 13:07:42.196
!MESSAGE port: COM16

!ENTRY com.st.stm32cube.ide.mpu.remote.serial 1 1 2026-05-18 13:07:42.196
!MESSAGE port: COM14

!ENTRY com.st.stm32cube.ide.mpu.remote.serial 1 1 2026-05-18 13:07:42.197
!MESSAGE port: COM11

!ENTRY com.st.stm32cube.ide.mpu.remote.serial 1 1 2026-05-18 13:07:42.198
!MESSAGE port: COM4

!ENTRY com.st.stm32cube.ide.mpu.remote.serial 1 1 2026-05-18 13:07:42.199
!MESSAGE port: COM8

!ENTRY com.st.stm32cube.ide.mpu.remote.serial 1 1 2026-05-18 13:07:42.199
!MESSAGE port: COM13

!ENTRY com.st.stm32cube.ide.mpu.remote.serial 1 1 2026-05-18 13:07:42.200
!MESSAGE port: COM12

!ENTRY com.st.stm32cube.ide.mpu.remote.serial 1 1 2026-05-18 13:10:42.016
!MESSAGE Executed PowerShell command powershell.exe -Command "Get-CimInstance -ClassName Win32_SerialPort | Select-Object -ExpandProperty DeviceID":
COM7
COM6
COM15
COM16
COM14
COM11
COM4
COM8
COM13
COM12


!ENTRY com.st.stm32cube.ide.mpu.remote.serial 1 1 2026-05-18 13:10:42.018
!MESSAGE port: COM7

!ENTRY com.st.stm32cube.ide.mpu.remote.serial 1 1 2026-05-18 13:10:42.018
!MESSAGE port: COM6

!ENTRY com.st.stm32cube.ide.mpu.remote.serial 1 1 2026-05-18 13:10:42.019
!MESSAGE port: COM15

!ENTRY com.st.stm32cube.ide.mpu.remote.serial 1 1 2026-05-18 13:10:42.020
!MESSAGE port: COM16

!ENTRY com.st.stm32cube.ide.mpu.remote.serial 1 1 2026-05-18 13:10:42.020
!MESSAGE port: COM14

!ENTRY com.st.stm32cube.ide.mpu.remote.serial 1 1 2026-05-18 13:10:42.021
!MESSAGE port: COM11

!ENTRY com.st.stm32cube.ide.mpu.remote.serial 1 1 2026-05-18 13:10:42.022
!MESSAGE port: COM4

!ENTRY com.st.stm32cube.ide.mpu.remote.serial 1 1 2026-05-18 13:10:42.022
!MESSAGE port: COM8

!ENTRY com.st.stm32cube.ide.mpu.remote.serial 1 1 2026-05-18 13:10:42.023
!MESSAGE port: COM13

!ENTRY com.st.stm32cube.ide.mpu.remote.serial 1 1 2026-05-18 13:10:42.024
!MESSAGE port: COM12

!ENTRY com.st.stm32cube.ide.mpu.remote.serial 1 1 2026-05-18 13:11:10.735
!MESSAGE Executed PowerShell command powershell.exe -Command "Get-CimInstance -ClassName Win32_SerialPort | Select-Object -ExpandProperty DeviceID":
COM7
COM6
COM15
COM16
COM14
COM11
COM4
COM8
COM13
COM12


!ENTRY com.st.stm32cube.ide.mpu.remote.serial 1 1 2026-05-18 13:11:10.735
!MESSAGE port: COM7

!ENTRY com.st.stm32cube.ide.mpu.remote.serial 1 1 2026-05-18 13:11:10.736
!MESSAGE port: COM6

!ENTRY com.st.stm32cube.ide.mpu.remote.serial 1 1 2026-05-18 13:11:10.737
!MESSAGE port: COM15

!ENTRY com.st.stm32cube.ide.mpu.remote.serial 1 1 2026-05-18 13:11:10.737
!MESSAGE port: COM16

!ENTRY com.st.stm32cube.ide.mpu.remote.serial 1 1 2026-05-18 13:11:10.738
!MESSAGE port: COM14

!ENTRY com.st.stm32cube.ide.mpu.remote.serial 1 1 2026-05-18 13:11:10.738
!MESSAGE port: COM11

!ENTRY com.st.stm32cube.ide.mpu.remote.serial 1 1 2026-05-18 13:11:10.739
!MESSAGE port: COM4

!ENTRY com.st.stm32cube.ide.mpu.remote.serial 1 1 2026-05-18 13:11:10.740
!MESSAGE port: COM8

!ENTRY com.st.stm32cube.ide.mpu.remote.serial 1 1 2026-05-18 13:11:10.740
!MESSAGE port: COM13

!ENTRY com.st.stm32cube.ide.mpu.remote.serial 1 1 2026-05-18 13:11:10.741
!MESSAGE port: COM12

!ENTRY com.st.stm32cube.ide.mpu.remote.serial 1 1 2026-05-18 13:11:38.882
!MESSAGE Executed PowerShell command powershell.exe -Command "Get-CimInstance -ClassName Win32_SerialPort | Select-Object -ExpandProperty DeviceID":
COM7
COM6
COM15
COM16
COM14
COM11
COM4
COM8
COM13
COM12


!ENTRY com.st.stm32cube.ide.mpu.remote.serial 1 1 2026-05-18 13:11:38.883
!MESSAGE port: COM7

!ENTRY com.st.stm32cube.ide.mpu.remote.serial 1 1 2026-05-18 13:11:38.883
!MESSAGE port: COM6

!ENTRY com.st.stm32cube.ide.mpu.remote.serial 1 1 2026-05-18 13:11:38.884
!MESSAGE port: COM15

!ENTRY com.st.stm32cube.ide.mpu.remote.serial 1 1 2026-05-18 13:11:38.885
!MESSAGE port: COM16

!ENTRY com.st.stm32cube.ide.mpu.remote.serial 1 1 2026-05-18 13:11:38.885
!MESSAGE port: COM14

!ENTRY com.st.stm32cube.ide.mpu.remote.serial 1 1 2026-05-18 13:11:38.886
!MESSAGE port: COM11

!ENTRY com.st.stm32cube.ide.mpu.remote.serial 1 1 2026-05-18 13:11:38.887
!MESSAGE port: COM4

!ENTRY com.st.stm32cube.ide.mpu.remote.serial 1 1 2026-05-18 13:11:38.887
!MESSAGE port: COM8

!ENTRY com.st.stm32cube.ide.mpu.remote.serial 1 1 2026-05-18 13:11:38.888
!MESSAGE port: COM13

!ENTRY com.st.stm32cube.ide.mpu.remote.serial 1 1 2026-05-18 13:11:38.889
!MESSAGE port: COM12

!ENTRY com.st.stm32cube.ide.mpu.remote.serial 1 1 2026-05-18 13:12:06.915
!MESSAGE Executed PowerShell command powershell.exe -Command "Get-CimInstance -ClassName Win32_SerialPort | Select-Object -ExpandProperty DeviceID":
COM7
COM6
COM15
COM16
COM14
COM11
COM4
COM8
COM13
COM12


!ENTRY com.st.stm32cube.ide.mpu.remote.serial 1 1 2026-05-18 13:12:06.916
!MESSAGE port: COM7

!ENTRY com.st.stm32cube.ide.mpu.remote.serial 1 1 2026-05-18 13:12:06.917
!MESSAGE port: COM6

!ENTRY com.st.stm32cube.ide.mpu.remote.serial 1 1 2026-05-18 13:12:06.918
!MESSAGE port: COM15

!ENTRY com.st.stm32cube.ide.mpu.remote.serial 1 1 2026-05-18 13:12:06.919
!MESSAGE port: COM16

!ENTRY com.st.stm32cube.ide.mpu.remote.serial 1 1 2026-05-18 13:12:06.920
!MESSAGE port: COM14

!ENTRY com.st.stm32cube.ide.mpu.remote.serial 1 1 2026-05-18 13:12:06.920
!MESSAGE port: COM11

!ENTRY com.st.stm32cube.ide.mpu.remote.serial 1 1 2026-05-18 13:12:06.921
!MESSAGE port: COM4

!ENTRY com.st.stm32cube.ide.mpu.remote.serial 1 1 2026-05-18 13:12:06.922
!MESSAGE port: COM8

!ENTRY com.st.stm32cube.ide.mpu.remote.serial 1 1 2026-05-18 13:12:06.922
!MESSAGE port: COM13

!ENTRY com.st.stm32cube.ide.mpu.remote.serial 1 1 2026-05-18 13:12:06.923
!MESSAGE port: COM12

!ENTRY com.st.stm32cube.ide.mpu.remote.serial 1 1 2026-05-18 13:13:15.331
!MESSAGE Executed PowerShell command powershell.exe -Command "Get-CimInstance -ClassName Win32_SerialPort | Select-Object -ExpandProperty DeviceID":
COM7
COM6
COM15
COM16
COM14
COM11
COM4
COM8
COM13
COM12


!ENTRY com.st.stm32cube.ide.mpu.remote.serial 1 1 2026-05-18 13:13:15.332
!MESSAGE port: COM7

!ENTRY com.st.stm32cube.ide.mpu.remote.serial 1 1 2026-05-18 13:13:15.333
!MESSAGE port: COM6

!ENTRY com.st.stm32cube.ide.mpu.remote.serial 1 1 2026-05-18 13:13:15.334
!MESSAGE port: COM15

!ENTRY com.st.stm32cube.ide.mpu.remote.serial 1 1 2026-05-18 13:13:15.334
!MESSAGE port: COM16

!ENTRY com.st.stm32cube.ide.mpu.remote.serial 1 1 2026-05-18 13:13:15.335
!MESSAGE port: COM14

!ENTRY com.st.stm32cube.ide.mpu.remote.serial 1 1 2026-05-18 13:13:15.336
!MESSAGE port: COM11

!ENTRY com.st.stm32cube.ide.mpu.remote.serial 1 1 2026-05-18 13:13:15.336
!MESSAGE port: COM4

!ENTRY com.st.stm32cube.ide.mpu.remote.serial 1 1 2026-05-18 13:13:15.337
!MESSAGE port: COM8

!ENTRY com.st.stm32cube.ide.mpu.remote.serial 1 1 2026-05-18 13:13:15.337
!MESSAGE port: COM13

!ENTRY com.st.stm32cube.ide.mpu.remote.serial 1 1 2026-05-18 13:13:15.338
!MESSAGE port: COM12

!ENTRY com.st.stm32cube.ide.mpu.remote.serial 1 1 2026-05-18 13:13:43.409
!MESSAGE Executed PowerShell command powershell.exe -Command "Get-CimInstance -ClassName Win32_SerialPort | Select-Object -ExpandProperty DeviceID":
COM7
COM6
COM15
COM16
COM14
COM11
COM4
COM8
COM13
COM12


!ENTRY com.st.stm32cube.ide.mpu.remote.serial 1 1 2026-05-18 13:13:43.409
!MESSAGE port: COM7

!ENTRY com.st.stm32cube.ide.mpu.remote.serial 1 1 2026-05-18 13:13:43.410
!MESSAGE port: COM6

!ENTRY com.st.stm32cube.ide.mpu.remote.serial 1 1 2026-05-18 13:13:43.410
!MESSAGE port: COM15

!ENTRY com.st.stm32cube.ide.mpu.remote.serial 1 1 2026-05-18 13:13:43.412
!MESSAGE port: COM16

!ENTRY com.st.stm32cube.ide.mpu.remote.serial 1 1 2026-05-18 13:13:43.412
!MESSAGE port: COM14

!ENTRY com.st.stm32cube.ide.mpu.remote.serial 1 1 2026-05-18 13:13:43.413
!MESSAGE port: COM11

!ENTRY com.st.stm32cube.ide.mpu.remote.serial 1 1 2026-05-18 13:13:43.413
!MESSAGE port: COM4

!ENTRY com.st.stm32cube.ide.mpu.remote.serial 1 1 2026-05-18 13:13:43.413
!MESSAGE port: COM8

!ENTRY com.st.stm32cube.ide.mpu.remote.serial 1 1 2026-05-18 13:13:43.415
!MESSAGE port: COM13

!ENTRY com.st.stm32cube.ide.mpu.remote.serial 1 1 2026-05-18 13:13:43.415
!MESSAGE port: COM12

!ENTRY com.st.stm32cube.ide.mpu.remote.serial 1 1 2026-05-18 13:14:24.566
!MESSAGE Executed PowerShell command powershell.exe -Command "Get-CimInstance -ClassName Win32_SerialPort | Select-Object -ExpandProperty DeviceID":
COM7
COM6
COM15
COM16
COM14
COM11
COM4
COM8
COM13
COM12


!ENTRY com.st.stm32cube.ide.mpu.remote.serial 1 1 2026-05-18 13:14:24.567
!MESSAGE port: COM7

!ENTRY com.st.stm32cube.ide.mpu.remote.serial 1 1 2026-05-18 13:14:24.567
!MESSAGE port: COM6

!ENTRY com.st.stm32cube.ide.mpu.remote.serial 1 1 2026-05-18 13:14:24.568
!MESSAGE port: COM15

!ENTRY com.st.stm32cube.ide.mpu.remote.serial 1 1 2026-05-18 13:14:24.569
!MESSAGE port: COM16

!ENTRY com.st.stm32cube.ide.mpu.remote.serial 1 1 2026-05-18 13:14:24.569
!MESSAGE port: COM14

!ENTRY com.st.stm32cube.ide.mpu.remote.serial 1 1 2026-05-18 13:14:24.570
!MESSAGE port: COM11

!ENTRY com.st.stm32cube.ide.mpu.remote.serial 1 1 2026-05-18 13:14:24.571
!MESSAGE port: COM4

!ENTRY com.st.stm32cube.ide.mpu.remote.serial 1 1 2026-05-18 13:14:24.571
!MESSAGE port: COM8

!ENTRY com.st.stm32cube.ide.mpu.remote.serial 1 1 2026-05-18 13:14:24.572
!MESSAGE port: COM13

!ENTRY com.st.stm32cube.ide.mpu.remote.serial 1 1 2026-05-18 13:14:24.573
!MESSAGE port: COM12

!ENTRY com.st.stm32cube.ide.mpu.remote.serial 1 1 2026-05-18 13:15:08.190
!MESSAGE Executed PowerShell command powershell.exe -Command "Get-CimInstance -ClassName Win32_SerialPort | Select-Object -ExpandProperty DeviceID":
COM7
COM6
COM15
COM16
COM14
COM11
COM4
COM8
COM13
COM12


!ENTRY com.st.stm32cube.ide.mpu.remote.serial 1 1 2026-05-18 13:15:08.191
!MESSAGE port: COM7

!ENTRY com.st.stm32cube.ide.mpu.remote.serial 1 1 2026-05-18 13:15:08.192
!MESSAGE port: COM6

!ENTRY com.st.stm32cube.ide.mpu.remote.serial 1 1 2026-05-18 13:15:08.192
!MESSAGE port: COM15

!ENTRY com.st.stm32cube.ide.mpu.remote.serial 1 1 2026-05-18 13:15:08.193
!MESSAGE port: COM16

!ENTRY com.st.stm32cube.ide.mpu.remote.serial 1 1 2026-05-18 13:15:08.194
!MESSAGE port: COM14

!ENTRY com.st.stm32cube.ide.mpu.remote.serial 1 1 2026-05-18 13:15:08.194
!MESSAGE port: COM11

!ENTRY com.st.stm32cube.ide.mpu.remote.serial 1 1 2026-05-18 13:15:08.195
!MESSAGE port: COM4

!ENTRY com.st.stm32cube.ide.mpu.remote.serial 1 1 2026-05-18 13:15:08.195
!MESSAGE port: COM8

!ENTRY com.st.stm32cube.ide.mpu.remote.serial 1 1 2026-05-18 13:15:08.196
!MESSAGE port: COM13

!ENTRY com.st.stm32cube.ide.mpu.remote.serial 1 1 2026-05-18 13:15:08.196
!MESSAGE port: COM12
!SESSION 2026-05-19 09:01:25.056 -----------------------------------------------
eclipse.buildId=Version 2.1.1
java.version=21.0.9
java.vendor=Eclipse Adoptium
BootLoader constants: OS=win32, ARCH=x86_64, WS=win32, NL=es_AR
Command-line arguments:  -os win32 -ws win32 -arch x86_64

!ENTRY com.st.stm32cube.ide.mcu.informationcenter 1 1 2026-05-19 09:01:42.885
!MESSAGE Log4j2 initialized with config file C:\Users\franc\STM32CubeIDE\workspace_2.1.2\.metadata\.log4j2.xml

!ENTRY com.st.stm32cube.ide.mcu.ide 1 1 2026-05-19 09:02:05.646
!MESSAGE Started RMI Server, listening on port 41337

!ENTRY com.st.stm32cube.ide.mpu.remote.serial 1 1 2026-05-19 09:02:36.523
!MESSAGE Executed PowerShell command powershell.exe -Command "Get-CimInstance -ClassName Win32_SerialPort | Select-Object -ExpandProperty DeviceID":
COM7
COM6
COM15
COM16
COM14
COM11
COM4
COM8
COM13
COM12


!ENTRY com.st.stm32cube.ide.mpu.remote.serial 1 1 2026-05-19 09:02:36.528
!MESSAGE port: COM7

!ENTRY com.st.stm32cube.ide.mpu.remote.serial 1 1 2026-05-19 09:02:36.528
!MESSAGE port: COM6

!ENTRY com.st.stm32cube.ide.mpu.remote.serial 1 1 2026-05-19 09:02:36.530
!MESSAGE port: COM15

!ENTRY com.st.stm32cube.ide.mpu.remote.serial 1 1 2026-05-19 09:02:36.530
!MESSAGE port: COM16

!ENTRY com.st.stm32cube.ide.mpu.remote.serial 1 1 2026-05-19 09:02:36.531
!MESSAGE port: COM14

!ENTRY com.st.stm32cube.ide.mpu.remote.serial 1 1 2026-05-19 09:02:36.531
!MESSAGE port: COM11

!ENTRY com.st.stm32cube.ide.mpu.remote.serial 1 1 2026-05-19 09:02:36.531
!MESSAGE port: COM4

!ENTRY com.st.stm32cube.ide.mpu.remote.serial 1 1 2026-05-19 09:02:36.531
!MESSAGE port: COM8

!ENTRY com.st.stm32cube.ide.mpu.remote.serial 1 1 2026-05-19 09:02:36.531
!MESSAGE port: COM13

!ENTRY com.st.stm32cube.ide.mpu.remote.serial 1 1 2026-05-19 09:02:36.531
!MESSAGE port: COM12

!ENTRY com.st.stm32cube.ide.mpu.remote.serial 1 1 2026-05-19 09:23:57.057
!MESSAGE Executed PowerShell command powershell.exe -Command "Get-CimInstance -ClassName Win32_SerialPort | Select-Object -ExpandProperty DeviceID":
COM7
COM6
COM15
COM16
COM14
COM11
COM4
COM8
COM13
COM12


!ENTRY com.st.stm32cube.ide.mpu.remote.serial 1 1 2026-05-19 09:23:57.060
!MESSAGE port: COM7

!ENTRY com.st.stm32cube.ide.mpu.remote.serial 1 1 2026-05-19 09:23:57.060
!MESSAGE port: COM6

!ENTRY com.st.stm32cube.ide.mpu.remote.serial 1 1 2026-05-19 09:23:57.062
!MESSAGE port: COM15

!ENTRY com.st.stm32cube.ide.mpu.remote.serial 1 1 2026-05-19 09:23:57.062
!MESSAGE port: COM16

!ENTRY com.st.stm32cube.ide.mpu.remote.serial 1 1 2026-05-19 09:23:57.062
!MESSAGE port: COM14

!ENTRY com.st.stm32cube.ide.mpu.remote.serial 1 1 2026-05-19 09:23:57.064
!MESSAGE port: COM11

!ENTRY com.st.stm32cube.ide.mpu.remote.serial 1 1 2026-05-19 09:23:57.065
!MESSAGE port: COM4

!ENTRY com.st.stm32cube.ide.mpu.remote.serial 1 1 2026-05-19 09:23:57.067
!MESSAGE port: COM8

!ENTRY com.st.stm32cube.ide.mpu.remote.serial 1 1 2026-05-19 09:23:57.068
!MESSAGE port: COM13

!ENTRY com.st.stm32cube.ide.mpu.remote.serial 1 1 2026-05-19 09:23:57.068
!MESSAGE port: COM12

!ENTRY com.st.stm32cube.ide.mpu.remote.serial 1 1 2026-05-19 09:30:46.126
!MESSAGE Executed PowerShell command powershell.exe -Command "Get-CimInstance -ClassName Win32_SerialPort | Select-Object -ExpandProperty DeviceID":
COM7
COM6
COM15
COM16
COM14
COM11
COM4
COM8
COM13
COM12


!ENTRY com.st.stm32cube.ide.mpu.remote.serial 1 1 2026-05-19 09:30:46.127
!MESSAGE port: COM7

!ENTRY com.st.stm32cube.ide.mpu.remote.serial 1 1 2026-05-19 09:30:46.128
!MESSAGE port: COM6

!ENTRY com.st.stm32cube.ide.mpu.remote.serial 1 1 2026-05-19 09:30:46.129
!MESSAGE port: COM15

!ENTRY com.st.stm32cube.ide.mpu.remote.serial 1 1 2026-05-19 09:30:46.129
!MESSAGE port: COM16

!ENTRY com.st.stm32cube.ide.mpu.remote.serial 1 1 2026-05-19 09:30:46.130
!MESSAGE port: COM14

!ENTRY com.st.stm32cube.ide.mpu.remote.serial 1 1 2026-05-19 09:30:46.131
!MESSAGE port: COM11

!ENTRY com.st.stm32cube.ide.mpu.remote.serial 1 1 2026-05-19 09:30:46.132
!MESSAGE port: COM4

!ENTRY com.st.stm32cube.ide.mpu.remote.serial 1 1 2026-05-19 09:30:46.132
!MESSAGE port: COM8

!ENTRY com.st.stm32cube.ide.mpu.remote.serial 1 1 2026-05-19 09:30:46.133
!MESSAGE port: COM13

!ENTRY com.st.stm32cube.ide.mpu.remote.serial 1 1 2026-05-19 09:30:46.134
!MESSAGE port: COM12

!ENTRY com.st.stm32cube.ide.mpu.remote.serial 1 1 2026-05-19 09:31:14.241
!MESSAGE Executed PowerShell command powershell.exe -Command "Get-CimInstance -ClassName Win32_SerialPort | Select-Object -ExpandProperty DeviceID":
COM7
COM6
COM15
COM16
COM14
COM11
COM4
COM8
COM13
COM12


!ENTRY com.st.stm32cube.ide.mpu.remote.serial 1 1 2026-05-19 09:31:14.245
!MESSAGE port: COM7

!ENTRY com.st.stm32cube.ide.mpu.remote.serial 1 1 2026-05-19 09:31:14.247
!MESSAGE port: COM6

!ENTRY com.st.stm32cube.ide.mpu.remote.serial 1 1 2026-05-19 09:31:14.247
!MESSAGE port: COM15

!ENTRY com.st.stm32cube.ide.mpu.remote.serial 1 1 2026-05-19 09:31:14.249
!MESSAGE port: COM16

!ENTRY com.st.stm32cube.ide.mpu.remote.serial 1 1 2026-05-19 09:31:14.249
!MESSAGE port: COM14

!ENTRY com.st.stm32cube.ide.mpu.remote.serial 1 1 2026-05-19 09:31:14.249
!MESSAGE port: COM11

!ENTRY com.st.stm32cube.ide.mpu.remote.serial 1 1 2026-05-19 09:31:14.251
!MESSAGE port: COM4

!ENTRY com.st.stm32cube.ide.mpu.remote.serial 1 1 2026-05-19 09:31:14.251
!MESSAGE port: COM8

!ENTRY com.st.stm32cube.ide.mpu.remote.serial 1 1 2026-05-19 09:31:14.253
!MESSAGE port: COM13

!ENTRY com.st.stm32cube.ide.mpu.remote.serial 1 1 2026-05-19 09:31:14.253
!MESSAGE port: COM12

!ENTRY com.st.stm32cube.ide.mpu.remote.serial 1 1 2026-05-19 09:33:37.207
!MESSAGE Executed PowerShell command powershell.exe -Command "Get-CimInstance -ClassName Win32_SerialPort | Select-Object -ExpandProperty DeviceID":
COM7
COM6
COM15
COM16
COM14
COM11
COM4
COM8
COM13
COM12


!ENTRY com.st.stm32cube.ide.mpu.remote.serial 1 1 2026-05-19 09:33:37.207
!MESSAGE port: COM7

!ENTRY com.st.stm32cube.ide.mpu.remote.serial 1 1 2026-05-19 09:33:37.213
!MESSAGE port: COM6

!ENTRY com.st.stm32cube.ide.mpu.remote.serial 1 1 2026-05-19 09:33:37.213
!MESSAGE port: COM15

!ENTRY com.st.stm32cube.ide.mpu.remote.serial 1 1 2026-05-19 09:33:37.213
!MESSAGE port: COM16

!ENTRY com.st.stm32cube.ide.mpu.remote.serial 1 1 2026-05-19 09:33:37.215
!MESSAGE port: COM14

!ENTRY com.st.stm32cube.ide.mpu.remote.serial 1 1 2026-05-19 09:33:37.215
!MESSAGE port: COM11

!ENTRY com.st.stm32cube.ide.mpu.remote.serial 1 1 2026-05-19 09:33:37.217
!MESSAGE port: COM4

!ENTRY com.st.stm32cube.ide.mpu.remote.serial 1 1 2026-05-19 09:33:37.217
!MESSAGE port: COM8

!ENTRY com.st.stm32cube.ide.mpu.remote.serial 1 1 2026-05-19 09:33:37.217
!MESSAGE port: COM13

!ENTRY com.st.stm32cube.ide.mpu.remote.serial 1 1 2026-05-19 09:33:37.217
!MESSAGE port: COM12

!ENTRY com.st.stm32cube.ide.mpu.remote.serial 1 1 2026-05-19 09:34:05.422
!MESSAGE Executed PowerShell command powershell.exe -Command "Get-CimInstance -ClassName Win32_SerialPort | Select-Object -ExpandProperty DeviceID":
COM7
COM6
COM15
COM16
COM14
COM11
COM4
COM8
COM13
COM12


!ENTRY com.st.stm32cube.ide.mpu.remote.serial 1 1 2026-05-19 09:34:05.423
!MESSAGE port: COM7

!ENTRY com.st.stm32cube.ide.mpu.remote.serial 1 1 2026-05-19 09:34:05.424
!MESSAGE port: COM6

!ENTRY com.st.stm32cube.ide.mpu.remote.serial 1 1 2026-05-19 09:34:05.425
!MESSAGE port: COM15

!ENTRY com.st.stm32cube.ide.mpu.remote.serial 1 1 2026-05-19 09:34:05.426
!MESSAGE port: COM16

!ENTRY com.st.stm32cube.ide.mpu.remote.serial 1 1 2026-05-19 09:34:05.427
!MESSAGE port: COM14

!ENTRY com.st.stm32cube.ide.mpu.remote.serial 1 1 2026-05-19 09:34:05.427
!MESSAGE port: COM11

!ENTRY com.st.stm32cube.ide.mpu.remote.serial 1 1 2026-05-19 09:34:05.428
!MESSAGE port: COM4

!ENTRY com.st.stm32cube.ide.mpu.remote.serial 1 1 2026-05-19 09:34:05.429
!MESSAGE port: COM8

!ENTRY com.st.stm32cube.ide.mpu.remote.serial 1 1 2026-05-19 09:34:05.430
!MESSAGE port: COM13

!ENTRY com.st.stm32cube.ide.mpu.remote.serial 1 1 2026-05-19 09:34:05.430
!MESSAGE port: COM12

!ENTRY com.st.stm32cube.ide.mpu.remote.serial 1 1 2026-05-19 09:36:23.925
!MESSAGE Executed PowerShell command powershell.exe -Command "Get-CimInstance -ClassName Win32_SerialPort | Select-Object -ExpandProperty DeviceID":
COM7
COM6
COM15
COM16
COM14
COM11
COM4
COM8
COM13
COM12


!ENTRY com.st.stm32cube.ide.mpu.remote.serial 1 1 2026-05-19 09:36:23.926
!MESSAGE port: COM7

!ENTRY com.st.stm32cube.ide.mpu.remote.serial 1 1 2026-05-19 09:36:23.927
!MESSAGE port: COM6

!ENTRY com.st.stm32cube.ide.mpu.remote.serial 1 1 2026-05-19 09:36:23.928
!MESSAGE port: COM15

!ENTRY com.st.stm32cube.ide.mpu.remote.serial 1 1 2026-05-19 09:36:23.929
!MESSAGE port: COM16

!ENTRY com.st.stm32cube.ide.mpu.remote.serial 1 1 2026-05-19 09:36:23.930
!MESSAGE port: COM14

!ENTRY com.st.stm32cube.ide.mpu.remote.serial 1 1 2026-05-19 09:36:23.931
!MESSAGE port: COM11

!ENTRY com.st.stm32cube.ide.mpu.remote.serial 1 1 2026-05-19 09:36:23.932
!MESSAGE port: COM4

!ENTRY com.st.stm32cube.ide.mpu.remote.serial 1 1 2026-05-19 09:36:23.932
!MESSAGE port: COM8

!ENTRY com.st.stm32cube.ide.mpu.remote.serial 1 1 2026-05-19 09:36:23.933
!MESSAGE port: COM13

!ENTRY com.st.stm32cube.ide.mpu.remote.serial 1 1 2026-05-19 09:36:23.934
!MESSAGE port: COM12

!ENTRY com.st.stm32cube.ide.mpu.remote.serial 1 1 2026-05-19 09:36:52.441
!MESSAGE Executed PowerShell command powershell.exe -Command "Get-CimInstance -ClassName Win32_SerialPort | Select-Object -ExpandProperty DeviceID":
COM7
COM6
COM15
COM16
COM14
COM11
COM4
COM8
COM13
COM12


!ENTRY com.st.stm32cube.ide.mpu.remote.serial 1 1 2026-05-19 09:36:52.441
!MESSAGE port: COM7

!ENTRY com.st.stm32cube.ide.mpu.remote.serial 1 1 2026-05-19 09:36:52.443
!MESSAGE port: COM6

!ENTRY com.st.stm32cube.ide.mpu.remote.serial 1 1 2026-05-19 09:36:52.443
!MESSAGE port: COM15

!ENTRY com.st.stm32cube.ide.mpu.remote.serial 1 1 2026-05-19 09:36:52.443
!MESSAGE port: COM16

!ENTRY com.st.stm32cube.ide.mpu.remote.serial 1 1 2026-05-19 09:36:52.443
!MESSAGE port: COM14

!ENTRY com.st.stm32cube.ide.mpu.remote.serial 1 1 2026-05-19 09:36:52.447
!MESSAGE port: COM11

!ENTRY com.st.stm32cube.ide.mpu.remote.serial 1 1 2026-05-19 09:36:52.447
!MESSAGE port: COM4

!ENTRY com.st.stm32cube.ide.mpu.remote.serial 1 1 2026-05-19 09:36:52.447
!MESSAGE port: COM8

!ENTRY com.st.stm32cube.ide.mpu.remote.serial 1 1 2026-05-19 09:36:52.447
!MESSAGE port: COM13

!ENTRY com.st.stm32cube.ide.mpu.remote.serial 1 1 2026-05-19 09:36:52.447
!MESSAGE port: COM12

!ENTRY com.st.stm32cube.ide.mpu.remote.serial 1 1 2026-05-19 09:42:02.121
!MESSAGE Executed PowerShell command powershell.exe -Command "Get-CimInstance -ClassName Win32_SerialPort | Select-Object -ExpandProperty DeviceID":
COM7
COM6
COM15
COM16
COM14
COM11
COM4
COM8
COM13
COM12


!ENTRY com.st.stm32cube.ide.mpu.remote.serial 1 1 2026-05-19 09:42:02.124
!MESSAGE port: COM7

!ENTRY com.st.stm32cube.ide.mpu.remote.serial 1 1 2026-05-19 09:42:02.126
!MESSAGE port: COM6

!ENTRY com.st.stm32cube.ide.mpu.remote.serial 1 1 2026-05-19 09:42:02.127
!MESSAGE port: COM15

!ENTRY com.st.stm32cube.ide.mpu.remote.serial 1 1 2026-05-19 09:42:02.129
!MESSAGE port: COM16

!ENTRY com.st.stm32cube.ide.mpu.remote.serial 1 1 2026-05-19 09:42:02.131
!MESSAGE port: COM14

!ENTRY com.st.stm32cube.ide.mpu.remote.serial 1 1 2026-05-19 09:42:02.132
!MESSAGE port: COM11

!ENTRY com.st.stm32cube.ide.mpu.remote.serial 1 1 2026-05-19 09:42:02.133
!MESSAGE port: COM4

!ENTRY com.st.stm32cube.ide.mpu.remote.serial 1 1 2026-05-19 09:42:02.133
!MESSAGE port: COM8

!ENTRY com.st.stm32cube.ide.mpu.remote.serial 1 1 2026-05-19 09:42:02.134
!MESSAGE port: COM13

!ENTRY com.st.stm32cube.ide.mpu.remote.serial 1 1 2026-05-19 09:42:02.135
!MESSAGE port: COM12

!ENTRY com.st.stm32cube.ide.mpu.remote.serial 1 1 2026-05-19 09:42:30.269
!MESSAGE Executed PowerShell command powershell.exe -Command "Get-CimInstance -ClassName Win32_SerialPort | Select-Object -ExpandProperty DeviceID":
COM7
COM6
COM15
COM16
COM14
COM11
COM4
COM8
COM13
COM12


!ENTRY com.st.stm32cube.ide.mpu.remote.serial 1 1 2026-05-19 09:42:30.270
!MESSAGE port: COM7

!ENTRY com.st.stm32cube.ide.mpu.remote.serial 1 1 2026-05-19 09:42:30.271
!MESSAGE port: COM6

!ENTRY com.st.stm32cube.ide.mpu.remote.serial 1 1 2026-05-19 09:42:30.272
!MESSAGE port: COM15

!ENTRY com.st.stm32cube.ide.mpu.remote.serial 1 1 2026-05-19 09:42:30.273
!MESSAGE port: COM16

!ENTRY com.st.stm32cube.ide.mpu.remote.serial 1 1 2026-05-19 09:42:30.274
!MESSAGE port: COM14

!ENTRY com.st.stm32cube.ide.mpu.remote.serial 1 1 2026-05-19 09:42:30.274
!MESSAGE port: COM11

!ENTRY com.st.stm32cube.ide.mpu.remote.serial 1 1 2026-05-19 09:42:30.275
!MESSAGE port: COM4

!ENTRY com.st.stm32cube.ide.mpu.remote.serial 1 1 2026-05-19 09:42:30.276
!MESSAGE port: COM8

!ENTRY com.st.stm32cube.ide.mpu.remote.serial 1 1 2026-05-19 09:42:30.276
!MESSAGE port: COM13

!ENTRY com.st.stm32cube.ide.mpu.remote.serial 1 1 2026-05-19 09:42:30.277
!MESSAGE port: COM12

!ENTRY com.st.stm32cube.ide.mpu.remote.serial 1 1 2026-05-19 09:43:19.679
!MESSAGE Executed PowerShell command powershell.exe -Command "Get-CimInstance -ClassName Win32_SerialPort | Select-Object -ExpandProperty DeviceID":
COM7
COM6
COM15
COM16
COM14
COM11
COM4
COM8
COM13
COM12


!ENTRY com.st.stm32cube.ide.mpu.remote.serial 1 1 2026-05-19 09:43:19.680
!MESSAGE port: COM7

!ENTRY com.st.stm32cube.ide.mpu.remote.serial 1 1 2026-05-19 09:43:19.680
!MESSAGE port: COM6

!ENTRY com.st.stm32cube.ide.mpu.remote.serial 1 1 2026-05-19 09:43:19.682
!MESSAGE port: COM15

!ENTRY com.st.stm32cube.ide.mpu.remote.serial 1 1 2026-05-19 09:43:19.683
!MESSAGE port: COM16

!ENTRY com.st.stm32cube.ide.mpu.remote.serial 1 1 2026-05-19 09:43:19.683
!MESSAGE port: COM14

!ENTRY com.st.stm32cube.ide.mpu.remote.serial 1 1 2026-05-19 09:43:19.685
!MESSAGE port: COM11

!ENTRY com.st.stm32cube.ide.mpu.remote.serial 1 1 2026-05-19 09:43:19.685
!MESSAGE port: COM4

!ENTRY com.st.stm32cube.ide.mpu.remote.serial 1 1 2026-05-19 09:43:19.687
!MESSAGE port: COM8

!ENTRY com.st.stm32cube.ide.mpu.remote.serial 1 1 2026-05-19 09:43:19.688
!MESSAGE port: COM13

!ENTRY com.st.stm32cube.ide.mpu.remote.serial 1 1 2026-05-19 09:43:19.690
!MESSAGE port: COM12

!ENTRY com.st.stm32cube.ide.mpu.remote.serial 1 1 2026-05-19 09:43:48.116
!MESSAGE Executed PowerShell command powershell.exe -Command "Get-CimInstance -ClassName Win32_SerialPort | Select-Object -ExpandProperty DeviceID":
COM7
COM6
COM15
COM16
COM14
COM11
COM4
COM8
COM13
COM12


!ENTRY com.st.stm32cube.ide.mpu.remote.serial 1 1 2026-05-19 09:43:48.117
!MESSAGE port: COM7

!ENTRY com.st.stm32cube.ide.mpu.remote.serial 1 1 2026-05-19 09:43:48.118
!MESSAGE port: COM6

!ENTRY com.st.stm32cube.ide.mpu.remote.serial 1 1 2026-05-19 09:43:48.119
!MESSAGE port: COM15

!ENTRY com.st.stm32cube.ide.mpu.remote.serial 1 1 2026-05-19 09:43:48.120
!MESSAGE port: COM16

!ENTRY com.st.stm32cube.ide.mpu.remote.serial 1 1 2026-05-19 09:43:48.121
!MESSAGE port: COM14

!ENTRY com.st.stm32cube.ide.mpu.remote.serial 1 1 2026-05-19 09:43:48.122
!MESSAGE port: COM11

!ENTRY com.st.stm32cube.ide.mpu.remote.serial 1 1 2026-05-19 09:43:48.122
!MESSAGE port: COM4

!ENTRY com.st.stm32cube.ide.mpu.remote.serial 1 1 2026-05-19 09:43:48.123
!MESSAGE port: COM8

!ENTRY com.st.stm32cube.ide.mpu.remote.serial 1 1 2026-05-19 09:43:48.124
!MESSAGE port: COM13

!ENTRY com.st.stm32cube.ide.mpu.remote.serial 1 1 2026-05-19 09:43:48.125
!MESSAGE port: COM12

!ENTRY com.st.stm32cube.ide.mpu.remote.serial 1 1 2026-05-19 09:46:16.939
!MESSAGE Executed PowerShell command powershell.exe -Command "Get-CimInstance -ClassName Win32_SerialPort | Select-Object -ExpandProperty DeviceID":
COM7
COM6
COM15
COM16
COM14
COM11
COM4
COM8
COM13
COM12


!ENTRY com.st.stm32cube.ide.mpu.remote.serial 1 1 2026-05-19 09:46:16.940
!MESSAGE port: COM7

!ENTRY com.st.stm32cube.ide.mpu.remote.serial 1 1 2026-05-19 09:46:16.941
!MESSAGE port: COM6

!ENTRY com.st.stm32cube.ide.mpu.remote.serial 1 1 2026-05-19 09:46:16.942
!MESSAGE port: COM15

!ENTRY com.st.stm32cube.ide.mpu.remote.serial 1 1 2026-05-19 09:46:16.943
!MESSAGE port: COM16

!ENTRY com.st.stm32cube.ide.mpu.remote.serial 1 1 2026-05-19 09:46:16.944
!MESSAGE port: COM14

!ENTRY com.st.stm32cube.ide.mpu.remote.serial 1 1 2026-05-19 09:46:16.945
!MESSAGE port: COM11

!ENTRY com.st.stm32cube.ide.mpu.remote.serial 1 1 2026-05-19 09:46:16.946
!MESSAGE port: COM4

!ENTRY com.st.stm32cube.ide.mpu.remote.serial 1 1 2026-05-19 09:46:16.947
!MESSAGE port: COM8

!ENTRY com.st.stm32cube.ide.mpu.remote.serial 1 1 2026-05-19 09:46:16.948
!MESSAGE port: COM13

!ENTRY com.st.stm32cube.ide.mpu.remote.serial 1 1 2026-05-19 09:46:16.949
!MESSAGE port: COM12

!ENTRY com.st.stm32cube.ide.mpu.remote.serial 1 1 2026-05-19 09:46:45.645
!MESSAGE Executed PowerShell command powershell.exe -Command "Get-CimInstance -ClassName Win32_SerialPort | Select-Object -ExpandProperty DeviceID":
COM7
COM6
COM15
COM16
COM14
COM11
COM4
COM8
COM13
COM12


!ENTRY com.st.stm32cube.ide.mpu.remote.serial 1 1 2026-05-19 09:46:45.645
!MESSAGE port: COM7

!ENTRY com.st.stm32cube.ide.mpu.remote.serial 1 1 2026-05-19 09:46:45.648
!MESSAGE port: COM6

!ENTRY com.st.stm32cube.ide.mpu.remote.serial 1 1 2026-05-19 09:46:45.648
!MESSAGE port: COM15

!ENTRY com.st.stm32cube.ide.mpu.remote.serial 1 1 2026-05-19 09:46:45.648
!MESSAGE port: COM16

!ENTRY com.st.stm32cube.ide.mpu.remote.serial 1 1 2026-05-19 09:46:45.650
!MESSAGE port: COM14

!ENTRY com.st.stm32cube.ide.mpu.remote.serial 1 1 2026-05-19 09:46:45.650
!MESSAGE port: COM11

!ENTRY com.st.stm32cube.ide.mpu.remote.serial 1 1 2026-05-19 09:46:45.650
!MESSAGE port: COM4

!ENTRY com.st.stm32cube.ide.mpu.remote.serial 1 1 2026-05-19 09:46:45.650
!MESSAGE port: COM8

!ENTRY com.st.stm32cube.ide.mpu.remote.serial 1 1 2026-05-19 09:46:45.650
!MESSAGE port: COM13

!ENTRY com.st.stm32cube.ide.mpu.remote.serial 1 1 2026-05-19 09:46:45.650
!MESSAGE port: COM12

!ENTRY com.st.stm32cube.ide.mpu.remote.serial 1 1 2026-05-19 09:47:14.174
!MESSAGE Executed PowerShell command powershell.exe -Command "Get-CimInstance -ClassName Win32_SerialPort | Select-Object -ExpandProperty DeviceID":
COM7
COM6
COM15
COM16
COM14
COM11
COM4
COM8
COM13
COM12


!ENTRY com.st.stm32cube.ide.mpu.remote.serial 1 1 2026-05-19 09:47:14.175
!MESSAGE port: COM7

!ENTRY com.st.stm32cube.ide.mpu.remote.serial 1 1 2026-05-19 09:47:14.176
!MESSAGE port: COM6

!ENTRY com.st.stm32cube.ide.mpu.remote.serial 1 1 2026-05-19 09:47:14.177
!MESSAGE port: COM15

!ENTRY com.st.stm32cube.ide.mpu.remote.serial 1 1 2026-05-19 09:47:14.178
!MESSAGE port: COM16

!ENTRY com.st.stm32cube.ide.mpu.remote.serial 1 1 2026-05-19 09:47:14.179
!MESSAGE port: COM14

!ENTRY com.st.stm32cube.ide.mpu.remote.serial 1 1 2026-05-19 09:47:14.180
!MESSAGE port: COM11

!ENTRY com.st.stm32cube.ide.mpu.remote.serial 1 1 2026-05-19 09:47:14.181
!MESSAGE port: COM4

!ENTRY com.st.stm32cube.ide.mpu.remote.serial 1 1 2026-05-19 09:47:14.182
!MESSAGE port: COM8

!ENTRY com.st.stm32cube.ide.mpu.remote.serial 1 1 2026-05-19 09:47:14.183
!MESSAGE port: COM13

!ENTRY com.st.stm32cube.ide.mpu.remote.serial 1 1 2026-05-19 09:47:14.184
!MESSAGE port: COM12

!ENTRY com.st.stm32cube.ide.mpu.remote.serial 1 1 2026-05-19 09:48:15.127
!MESSAGE Executed PowerShell command powershell.exe -Command "Get-CimInstance -ClassName Win32_SerialPort | Select-Object -ExpandProperty DeviceID":
COM7
COM6
COM15
COM16
COM14
COM11
COM4
COM8
COM13
COM12


!ENTRY com.st.stm32cube.ide.mpu.remote.serial 1 1 2026-05-19 09:48:15.128
!MESSAGE port: COM7

!ENTRY com.st.stm32cube.ide.mpu.remote.serial 1 1 2026-05-19 09:48:15.129
!MESSAGE port: COM6

!ENTRY com.st.stm32cube.ide.mpu.remote.serial 1 1 2026-05-19 09:48:15.130
!MESSAGE port: COM15

!ENTRY com.st.stm32cube.ide.mpu.remote.serial 1 1 2026-05-19 09:48:15.131
!MESSAGE port: COM16

!ENTRY com.st.stm32cube.ide.mpu.remote.serial 1 1 2026-05-19 09:48:15.132
!MESSAGE port: COM14

!ENTRY com.st.stm32cube.ide.mpu.remote.serial 1 1 2026-05-19 09:48:15.132
!MESSAGE port: COM11

!ENTRY com.st.stm32cube.ide.mpu.remote.serial 1 1 2026-05-19 09:48:15.133
!MESSAGE port: COM4

!ENTRY com.st.stm32cube.ide.mpu.remote.serial 1 1 2026-05-19 09:48:15.134
!MESSAGE port: COM8

!ENTRY com.st.stm32cube.ide.mpu.remote.serial 1 1 2026-05-19 09:48:15.135
!MESSAGE port: COM13

!ENTRY com.st.stm32cube.ide.mpu.remote.serial 1 1 2026-05-19 09:48:15.136
!MESSAGE port: COM12

!ENTRY com.st.stm32cube.ide.mpu.remote.serial 1 1 2026-05-19 09:48:48.008
!MESSAGE Executed PowerShell command powershell.exe -Command "Get-CimInstance -ClassName Win32_SerialPort | Select-Object -ExpandProperty DeviceID":
COM7
COM6
COM15
COM16
COM14
COM11
COM4
COM8
COM13
COM12


!ENTRY com.st.stm32cube.ide.mpu.remote.serial 1 1 2026-05-19 09:48:48.009
!MESSAGE port: COM7

!ENTRY com.st.stm32cube.ide.mpu.remote.serial 1 1 2026-05-19 09:48:48.010
!MESSAGE port: COM6

!ENTRY com.st.stm32cube.ide.mpu.remote.serial 1 1 2026-05-19 09:48:48.011
!MESSAGE port: COM15

!ENTRY com.st.stm32cube.ide.mpu.remote.serial 1 1 2026-05-19 09:48:48.012
!MESSAGE port: COM16

!ENTRY com.st.stm32cube.ide.mpu.remote.serial 1 1 2026-05-19 09:48:48.013
!MESSAGE port: COM14

!ENTRY com.st.stm32cube.ide.mpu.remote.serial 1 1 2026-05-19 09:48:48.014
!MESSAGE port: COM11

!ENTRY com.st.stm32cube.ide.mpu.remote.serial 1 1 2026-05-19 09:48:48.015
!MESSAGE port: COM4

!ENTRY com.st.stm32cube.ide.mpu.remote.serial 1 1 2026-05-19 09:48:48.016
!MESSAGE port: COM8

!ENTRY com.st.stm32cube.ide.mpu.remote.serial 1 1 2026-05-19 09:48:48.016
!MESSAGE port: COM13

!ENTRY com.st.stm32cube.ide.mpu.remote.serial 1 1 2026-05-19 09:48:48.017
!MESSAGE port: COM12

!ENTRY com.st.stm32cube.ide.mpu.remote.serial 1 1 2026-05-19 09:49:32.947
!MESSAGE Executed PowerShell command powershell.exe -Command "Get-CimInstance -ClassName Win32_SerialPort | Select-Object -ExpandProperty DeviceID":
COM7
COM6
COM15
COM16
COM14
COM11
COM4
COM8
COM13
COM12


!ENTRY com.st.stm32cube.ide.mpu.remote.serial 1 1 2026-05-19 09:49:32.948
!MESSAGE port: COM7

!ENTRY com.st.stm32cube.ide.mpu.remote.serial 1 1 2026-05-19 09:49:32.949
!MESSAGE port: COM6

!ENTRY com.st.stm32cube.ide.mpu.remote.serial 1 1 2026-05-19 09:49:32.950
!MESSAGE port: COM15

!ENTRY com.st.stm32cube.ide.mpu.remote.serial 1 1 2026-05-19 09:49:32.951
!MESSAGE port: COM16

!ENTRY com.st.stm32cube.ide.mpu.remote.serial 1 1 2026-05-19 09:49:32.952
!MESSAGE port: COM14

!ENTRY com.st.stm32cube.ide.mpu.remote.serial 1 1 2026-05-19 09:49:32.953
!MESSAGE port: COM11

!ENTRY com.st.stm32cube.ide.mpu.remote.serial 1 1 2026-05-19 09:49:32.954
!MESSAGE port: COM4

!ENTRY com.st.stm32cube.ide.mpu.remote.serial 1 1 2026-05-19 09:49:32.955
!MESSAGE port: COM8

!ENTRY com.st.stm32cube.ide.mpu.remote.serial 1 1 2026-05-19 09:49:32.957
!MESSAGE port: COM13

!ENTRY com.st.stm32cube.ide.mpu.remote.serial 1 1 2026-05-19 09:49:32.958
!MESSAGE port: COM12

!ENTRY com.st.stm32cube.ide.mpu.remote.serial 1 1 2026-05-19 09:50:01.118
!MESSAGE Executed PowerShell command powershell.exe -Command "Get-CimInstance -ClassName Win32_SerialPort | Select-Object -ExpandProperty DeviceID":
COM7
COM6
COM15
COM16
COM14
COM11
COM4
COM8
COM13
COM12


!ENTRY com.st.stm32cube.ide.mpu.remote.serial 1 1 2026-05-19 09:50:01.125
!MESSAGE port: COM7

!ENTRY com.st.stm32cube.ide.mpu.remote.serial 1 1 2026-05-19 09:50:01.125
!MESSAGE port: COM6

!ENTRY com.st.stm32cube.ide.mpu.remote.serial 1 1 2026-05-19 09:50:01.127
!MESSAGE port: COM15

!ENTRY com.st.stm32cube.ide.mpu.remote.serial 1 1 2026-05-19 09:50:01.127
!MESSAGE port: COM16

!ENTRY com.st.stm32cube.ide.mpu.remote.serial 1 1 2026-05-19 09:50:01.127
!MESSAGE port: COM14

!ENTRY com.st.stm32cube.ide.mpu.remote.serial 1 1 2026-05-19 09:50:01.129
!MESSAGE port: COM11

!ENTRY com.st.stm32cube.ide.mpu.remote.serial 1 1 2026-05-19 09:50:01.129
!MESSAGE port: COM4

!ENTRY com.st.stm32cube.ide.mpu.remote.serial 1 1 2026-05-19 09:50:01.129
!MESSAGE port: COM8

!ENTRY com.st.stm32cube.ide.mpu.remote.serial 1 1 2026-05-19 09:50:01.131
!MESSAGE port: COM13

!ENTRY com.st.stm32cube.ide.mpu.remote.serial 1 1 2026-05-19 09:50:01.131
!MESSAGE port: COM12

!ENTRY com.st.stm32cube.ide.mpu.remote.serial 1 1 2026-05-19 09:50:29.638
!MESSAGE Executed PowerShell command powershell.exe -Command "Get-CimInstance -ClassName Win32_SerialPort | Select-Object -ExpandProperty DeviceID":
COM7
COM6
COM15
COM16
COM14
COM11
COM4
COM8
COM13
COM12


!ENTRY com.st.stm32cube.ide.mpu.remote.serial 1 1 2026-05-19 09:50:29.638
!MESSAGE port: COM7

!ENTRY com.st.stm32cube.ide.mpu.remote.serial 1 1 2026-05-19 09:50:29.640
!MESSAGE port: COM6

!ENTRY com.st.stm32cube.ide.mpu.remote.serial 1 1 2026-05-19 09:50:29.640
!MESSAGE port: COM15

!ENTRY com.st.stm32cube.ide.mpu.remote.serial 1 1 2026-05-19 09:50:29.640
!MESSAGE port: COM16

!ENTRY com.st.stm32cube.ide.mpu.remote.serial 1 1 2026-05-19 09:50:29.642
!MESSAGE port: COM14

!ENTRY com.st.stm32cube.ide.mpu.remote.serial 1 1 2026-05-19 09:50:29.642
!MESSAGE port: COM11

!ENTRY com.st.stm32cube.ide.mpu.remote.serial 1 1 2026-05-19 09:50:29.642
!MESSAGE port: COM4

!ENTRY com.st.stm32cube.ide.mpu.remote.serial 1 1 2026-05-19 09:50:29.644
!MESSAGE port: COM8

!ENTRY com.st.stm32cube.ide.mpu.remote.serial 1 1 2026-05-19 09:50:29.644
!MESSAGE port: COM13

!ENTRY com.st.stm32cube.ide.mpu.remote.serial 1 1 2026-05-19 09:50:29.644
!MESSAGE port: COM12

!ENTRY com.st.stm32cube.ide.mpu.remote.serial 1 1 2026-05-19 09:56:20.898
!MESSAGE Executed PowerShell command powershell.exe -Command "Get-CimInstance -ClassName Win32_SerialPort | Select-Object -ExpandProperty DeviceID":
COM7
COM6
COM15
COM16
COM14
COM11
COM4
COM8
COM13
COM12


!ENTRY com.st.stm32cube.ide.mpu.remote.serial 1 1 2026-05-19 09:56:20.899
!MESSAGE port: COM7

!ENTRY com.st.stm32cube.ide.mpu.remote.serial 1 1 2026-05-19 09:56:20.900
!MESSAGE port: COM6

!ENTRY com.st.stm32cube.ide.mpu.remote.serial 1 1 2026-05-19 09:56:20.901
!MESSAGE port: COM15

!ENTRY com.st.stm32cube.ide.mpu.remote.serial 1 1 2026-05-19 09:56:20.902
!MESSAGE port: COM16

!ENTRY com.st.stm32cube.ide.mpu.remote.serial 1 1 2026-05-19 09:56:20.902
!MESSAGE port: COM14

!ENTRY com.st.stm32cube.ide.mpu.remote.serial 1 1 2026-05-19 09:56:20.903
!MESSAGE port: COM11

!ENTRY com.st.stm32cube.ide.mpu.remote.serial 1 1 2026-05-19 09:56:20.904
!MESSAGE port: COM4

!ENTRY com.st.stm32cube.ide.mpu.remote.serial 1 1 2026-05-19 09:56:20.905
!MESSAGE port: COM8

!ENTRY com.st.stm32cube.ide.mpu.remote.serial 1 1 2026-05-19 09:56:20.906
!MESSAGE port: COM13

!ENTRY com.st.stm32cube.ide.mpu.remote.serial 1 1 2026-05-19 09:56:20.906
!MESSAGE port: COM12

!ENTRY com.st.stm32cube.ide.mpu.remote.serial 1 1 2026-05-19 09:56:49.112
!MESSAGE Executed PowerShell command powershell.exe -Command "Get-CimInstance -ClassName Win32_SerialPort | Select-Object -ExpandProperty DeviceID":
COM7
COM6
COM15
COM16
COM14
COM11
COM4
COM8
COM13
COM12


!ENTRY com.st.stm32cube.ide.mpu.remote.serial 1 1 2026-05-19 09:56:49.113
!MESSAGE port: COM7

!ENTRY com.st.stm32cube.ide.mpu.remote.serial 1 1 2026-05-19 09:56:49.113
!MESSAGE port: COM6

!ENTRY com.st.stm32cube.ide.mpu.remote.serial 1 1 2026-05-19 09:56:49.114
!MESSAGE port: COM15

!ENTRY com.st.stm32cube.ide.mpu.remote.serial 1 1 2026-05-19 09:56:49.115
!MESSAGE port: COM16

!ENTRY com.st.stm32cube.ide.mpu.remote.serial 1 1 2026-05-19 09:56:49.116
!MESSAGE port: COM14

!ENTRY com.st.stm32cube.ide.mpu.remote.serial 1 1 2026-05-19 09:56:49.117
!MESSAGE port: COM11

!ENTRY com.st.stm32cube.ide.mpu.remote.serial 1 1 2026-05-19 09:56:49.117
!MESSAGE port: COM4

!ENTRY com.st.stm32cube.ide.mpu.remote.serial 1 1 2026-05-19 09:56:49.118
!MESSAGE port: COM8

!ENTRY com.st.stm32cube.ide.mpu.remote.serial 1 1 2026-05-19 09:56:49.119
!MESSAGE port: COM13

!ENTRY com.st.stm32cube.ide.mpu.remote.serial 1 1 2026-05-19 09:56:49.120
!MESSAGE port: COM12

!ENTRY com.st.stm32cube.ide.mpu.remote.serial 1 1 2026-05-19 09:57:53.007
!MESSAGE Executed PowerShell command powershell.exe -Command "Get-CimInstance -ClassName Win32_SerialPort | Select-Object -ExpandProperty DeviceID":
COM7
COM6
COM15
COM16
COM14
COM11
COM4
COM8
COM13
COM12


!ENTRY com.st.stm32cube.ide.mpu.remote.serial 1 1 2026-05-19 09:57:53.008
!MESSAGE port: COM7

!ENTRY com.st.stm32cube.ide.mpu.remote.serial 1 1 2026-05-19 09:57:53.009
!MESSAGE port: COM6

!ENTRY com.st.stm32cube.ide.mpu.remote.serial 1 1 2026-05-19 09:57:53.010
!MESSAGE port: COM15

!ENTRY com.st.stm32cube.ide.mpu.remote.serial 1 1 2026-05-19 09:57:53.011
!MESSAGE port: COM16

!ENTRY com.st.stm32cube.ide.mpu.remote.serial 1 1 2026-05-19 09:57:53.012
!MESSAGE port: COM14

!ENTRY com.st.stm32cube.ide.mpu.remote.serial 1 1 2026-05-19 09:57:53.012
!MESSAGE port: COM11

!ENTRY com.st.stm32cube.ide.mpu.remote.serial 1 1 2026-05-19 09:57:53.013
!MESSAGE port: COM4

!ENTRY com.st.stm32cube.ide.mpu.remote.serial 1 1 2026-05-19 09:57:53.014
!MESSAGE port: COM8

!ENTRY com.st.stm32cube.ide.mpu.remote.serial 1 1 2026-05-19 09:57:53.015
!MESSAGE port: COM13

!ENTRY com.st.stm32cube.ide.mpu.remote.serial 1 1 2026-05-19 09:57:53.015
!MESSAGE port: COM12

!ENTRY com.st.stm32cube.ide.mpu.remote.serial 1 1 2026-05-19 09:58:45.105
!MESSAGE Executed PowerShell command powershell.exe -Command "Get-CimInstance -ClassName Win32_SerialPort | Select-Object -ExpandProperty DeviceID":
COM7
COM6
COM15
COM16
COM14
COM11
COM4
COM8
COM13
COM12


!ENTRY com.st.stm32cube.ide.mpu.remote.serial 1 1 2026-05-19 09:58:45.105
!MESSAGE port: COM7

!ENTRY com.st.stm32cube.ide.mpu.remote.serial 1 1 2026-05-19 09:58:45.105
!MESSAGE port: COM6

!ENTRY com.st.stm32cube.ide.mpu.remote.serial 1 1 2026-05-19 09:58:45.105
!MESSAGE port: COM15

!ENTRY com.st.stm32cube.ide.mpu.remote.serial 1 1 2026-05-19 09:58:45.115
!MESSAGE port: COM16

!ENTRY com.st.stm32cube.ide.mpu.remote.serial 1 1 2026-05-19 09:58:45.115
!MESSAGE port: COM14

!ENTRY com.st.stm32cube.ide.mpu.remote.serial 1 1 2026-05-19 09:58:45.115
!MESSAGE port: COM11

!ENTRY com.st.stm32cube.ide.mpu.remote.serial 1 1 2026-05-19 09:58:45.115
!MESSAGE port: COM4

!ENTRY com.st.stm32cube.ide.mpu.remote.serial 1 1 2026-05-19 09:58:45.115
!MESSAGE port: COM8

!ENTRY com.st.stm32cube.ide.mpu.remote.serial 1 1 2026-05-19 09:58:45.120
!MESSAGE port: COM13

!ENTRY com.st.stm32cube.ide.mpu.remote.serial 1 1 2026-05-19 09:58:45.120
!MESSAGE port: COM12

!ENTRY com.st.stm32cube.ide.mpu.remote.serial 1 1 2026-05-19 10:01:08.281
!MESSAGE Executed PowerShell command powershell.exe -Command "Get-CimInstance -ClassName Win32_SerialPort | Select-Object -ExpandProperty DeviceID":
COM7
COM6
COM15
COM16
COM14
COM11
COM4
COM8
COM13
COM12


!ENTRY com.st.stm32cube.ide.mpu.remote.serial 1 1 2026-05-19 10:01:08.282
!MESSAGE port: COM7

!ENTRY com.st.stm32cube.ide.mpu.remote.serial 1 1 2026-05-19 10:01:08.283
!MESSAGE port: COM6

!ENTRY com.st.stm32cube.ide.mpu.remote.serial 1 1 2026-05-19 10:01:08.283
!MESSAGE port: COM15

!ENTRY com.st.stm32cube.ide.mpu.remote.serial 1 1 2026-05-19 10:01:08.284
!MESSAGE port: COM16

!ENTRY com.st.stm32cube.ide.mpu.remote.serial 1 1 2026-05-19 10:01:08.285
!MESSAGE port: COM14

!ENTRY com.st.stm32cube.ide.mpu.remote.serial 1 1 2026-05-19 10:01:08.286
!MESSAGE port: COM11

!ENTRY com.st.stm32cube.ide.mpu.remote.serial 1 1 2026-05-19 10:01:08.287
!MESSAGE port: COM4

!ENTRY com.st.stm32cube.ide.mpu.remote.serial 1 1 2026-05-19 10:01:08.287
!MESSAGE port: COM8

!ENTRY com.st.stm32cube.ide.mpu.remote.serial 1 1 2026-05-19 10:01:08.288
!MESSAGE port: COM13

!ENTRY com.st.stm32cube.ide.mpu.remote.serial 1 1 2026-05-19 10:01:08.289
!MESSAGE port: COM12

!ENTRY com.st.stm32cube.ide.mpu.remote.serial 1 1 2026-05-19 10:01:38.330
!MESSAGE Executed PowerShell command powershell.exe -Command "Get-CimInstance -ClassName Win32_SerialPort | Select-Object -ExpandProperty DeviceID":
COM7
COM6
COM15
COM16
COM14
COM11
COM4
COM8
COM13
COM12


!ENTRY com.st.stm32cube.ide.mpu.remote.serial 1 1 2026-05-19 10:01:38.331
!MESSAGE port: COM7

!ENTRY com.st.stm32cube.ide.mpu.remote.serial 1 1 2026-05-19 10:01:38.332
!MESSAGE port: COM6

!ENTRY com.st.stm32cube.ide.mpu.remote.serial 1 1 2026-05-19 10:01:38.333
!MESSAGE port: COM15

!ENTRY com.st.stm32cube.ide.mpu.remote.serial 1 1 2026-05-19 10:01:38.333
!MESSAGE port: COM16

!ENTRY com.st.stm32cube.ide.mpu.remote.serial 1 1 2026-05-19 10:01:38.334
!MESSAGE port: COM14

!ENTRY com.st.stm32cube.ide.mpu.remote.serial 1 1 2026-05-19 10:01:38.335
!MESSAGE port: COM11

!ENTRY com.st.stm32cube.ide.mpu.remote.serial 1 1 2026-05-19 10:01:38.335
!MESSAGE port: COM4

!ENTRY com.st.stm32cube.ide.mpu.remote.serial 1 1 2026-05-19 10:01:38.336
!MESSAGE port: COM8

!ENTRY com.st.stm32cube.ide.mpu.remote.serial 1 1 2026-05-19 10:01:38.337
!MESSAGE port: COM13

!ENTRY com.st.stm32cube.ide.mpu.remote.serial 1 1 2026-05-19 10:01:38.337
!MESSAGE port: COM12

!ENTRY com.st.stm32cube.ide.mpu.remote.serial 1 1 2026-05-19 10:02:10.777
!MESSAGE Executed PowerShell command powershell.exe -Command "Get-CimInstance -ClassName Win32_SerialPort | Select-Object -ExpandProperty DeviceID":
COM7
COM6
COM15
COM16
COM14
COM11
COM4
COM8
COM13
COM12


!ENTRY com.st.stm32cube.ide.mpu.remote.serial 1 1 2026-05-19 10:02:10.778
!MESSAGE port: COM7

!ENTRY com.st.stm32cube.ide.mpu.remote.serial 1 1 2026-05-19 10:02:10.779
!MESSAGE port: COM6

!ENTRY com.st.stm32cube.ide.mpu.remote.serial 1 1 2026-05-19 10:02:10.779
!MESSAGE port: COM15

!ENTRY com.st.stm32cube.ide.mpu.remote.serial 1 1 2026-05-19 10:02:10.780
!MESSAGE port: COM16

!ENTRY com.st.stm32cube.ide.mpu.remote.serial 1 1 2026-05-19 10:02:10.781
!MESSAGE port: COM14

!ENTRY com.st.stm32cube.ide.mpu.remote.serial 1 1 2026-05-19 10:02:10.782
!MESSAGE port: COM11

!ENTRY com.st.stm32cube.ide.mpu.remote.serial 1 1 2026-05-19 10:02:10.782
!MESSAGE port: COM4

!ENTRY com.st.stm32cube.ide.mpu.remote.serial 1 1 2026-05-19 10:02:10.783
!MESSAGE port: COM8

!ENTRY com.st.stm32cube.ide.mpu.remote.serial 1 1 2026-05-19 10:02:10.784
!MESSAGE port: COM13

!ENTRY com.st.stm32cube.ide.mpu.remote.serial 1 1 2026-05-19 10:02:10.784
!MESSAGE port: COM12

!ENTRY com.st.stm32cube.ide.mpu.remote.serial 1 1 2026-05-19 10:02:42.024
!MESSAGE Executed PowerShell command powershell.exe -Command "Get-CimInstance -ClassName Win32_SerialPort | Select-Object -ExpandProperty DeviceID":
COM7
COM6
COM15
COM16
COM14
COM11
COM4
COM8
COM13
COM12


!ENTRY com.st.stm32cube.ide.mpu.remote.serial 1 1 2026-05-19 10:02:42.025
!MESSAGE port: COM7

!ENTRY com.st.stm32cube.ide.mpu.remote.serial 1 1 2026-05-19 10:02:42.026
!MESSAGE port: COM6

!ENTRY com.st.stm32cube.ide.mpu.remote.serial 1 1 2026-05-19 10:02:42.026
!MESSAGE port: COM15

!ENTRY com.st.stm32cube.ide.mpu.remote.serial 1 1 2026-05-19 10:02:42.027
!MESSAGE port: COM16

!ENTRY com.st.stm32cube.ide.mpu.remote.serial 1 1 2026-05-19 10:02:42.028
!MESSAGE port: COM14

!ENTRY com.st.stm32cube.ide.mpu.remote.serial 1 1 2026-05-19 10:02:42.028
!MESSAGE port: COM11

!ENTRY com.st.stm32cube.ide.mpu.remote.serial 1 1 2026-05-19 10:02:42.029
!MESSAGE port: COM4

!ENTRY com.st.stm32cube.ide.mpu.remote.serial 1 1 2026-05-19 10:02:42.030
!MESSAGE port: COM8

!ENTRY com.st.stm32cube.ide.mpu.remote.serial 1 1 2026-05-19 10:02:42.030
!MESSAGE port: COM13

!ENTRY com.st.stm32cube.ide.mpu.remote.serial 1 1 2026-05-19 10:02:42.031
!MESSAGE port: COM12

!ENTRY com.st.stm32cube.ide.mpu.remote.serial 1 1 2026-05-19 10:07:04.906
!MESSAGE Executed PowerShell command powershell.exe -Command "Get-CimInstance -ClassName Win32_SerialPort | Select-Object -ExpandProperty DeviceID":
COM7
COM6
COM15
COM16
COM14
COM11
COM4
COM8
COM13
COM12


!ENTRY com.st.stm32cube.ide.mpu.remote.serial 1 1 2026-05-19 10:07:04.907
!MESSAGE port: COM7

!ENTRY com.st.stm32cube.ide.mpu.remote.serial 1 1 2026-05-19 10:07:04.907
!MESSAGE port: COM6

!ENTRY com.st.stm32cube.ide.mpu.remote.serial 1 1 2026-05-19 10:07:04.908
!MESSAGE port: COM15

!ENTRY com.st.stm32cube.ide.mpu.remote.serial 1 1 2026-05-19 10:07:04.909
!MESSAGE port: COM16

!ENTRY com.st.stm32cube.ide.mpu.remote.serial 1 1 2026-05-19 10:07:04.909
!MESSAGE port: COM14

!ENTRY com.st.stm32cube.ide.mpu.remote.serial 1 1 2026-05-19 10:07:04.910
!MESSAGE port: COM11

!ENTRY com.st.stm32cube.ide.mpu.remote.serial 1 1 2026-05-19 10:07:04.910
!MESSAGE port: COM4

!ENTRY com.st.stm32cube.ide.mpu.remote.serial 1 1 2026-05-19 10:07:04.911
!MESSAGE port: COM8

!ENTRY com.st.stm32cube.ide.mpu.remote.serial 1 1 2026-05-19 10:07:04.912
!MESSAGE port: COM13

!ENTRY com.st.stm32cube.ide.mpu.remote.serial 1 1 2026-05-19 10:07:04.912
!MESSAGE port: COM12

!ENTRY com.st.stm32cube.ide.mpu.remote.serial 1 1 2026-05-19 10:08:00.461
!MESSAGE Executed PowerShell command powershell.exe -Command "Get-CimInstance -ClassName Win32_SerialPort | Select-Object -ExpandProperty DeviceID":
COM7
COM6
COM15
COM16
COM14
COM11
COM4
COM8
COM13
COM12


!ENTRY com.st.stm32cube.ide.mpu.remote.serial 1 1 2026-05-19 10:08:00.461
!MESSAGE port: COM7

!ENTRY com.st.stm32cube.ide.mpu.remote.serial 1 1 2026-05-19 10:08:00.462
!MESSAGE port: COM6

!ENTRY com.st.stm32cube.ide.mpu.remote.serial 1 1 2026-05-19 10:08:00.464
!MESSAGE port: COM15

!ENTRY com.st.stm32cube.ide.mpu.remote.serial 1 1 2026-05-19 10:08:00.465
!MESSAGE port: COM16

!ENTRY com.st.stm32cube.ide.mpu.remote.serial 1 1 2026-05-19 10:08:00.466
!MESSAGE port: COM14

!ENTRY com.st.stm32cube.ide.mpu.remote.serial 1 1 2026-05-19 10:08:00.467
!MESSAGE port: COM11

!ENTRY com.st.stm32cube.ide.mpu.remote.serial 1 1 2026-05-19 10:08:00.468
!MESSAGE port: COM4

!ENTRY com.st.stm32cube.ide.mpu.remote.serial 1 1 2026-05-19 10:08:00.469
!MESSAGE port: COM8

!ENTRY com.st.stm32cube.ide.mpu.remote.serial 1 1 2026-05-19 10:08:00.470
!MESSAGE port: COM13

!ENTRY com.st.stm32cube.ide.mpu.remote.serial 1 1 2026-05-19 10:08:00.471
!MESSAGE port: COM12

!ENTRY org.eclipse.cdt.core 1 0 2026-05-19 10:12:53.970
!MESSAGE Indexed 'gps' (20 sources, 119 headers) in 7,63 sec: 13.250 declarations; 53.096 references; 1 unresolved inclusions; 76 syntax errors; 240 unresolved names (0,36 %)

!ENTRY com.st.stm32cube.ide.mpu.remote.serial 1 1 2026-05-19 10:13:27.091
!MESSAGE Executed PowerShell command powershell.exe -Command "Get-CimInstance -ClassName Win32_SerialPort | Select-Object -ExpandProperty DeviceID":
COM7
COM6
COM15
COM16
COM14
COM11
COM4
COM8
COM13
COM12


!ENTRY com.st.stm32cube.ide.mpu.remote.serial 1 1 2026-05-19 10:13:27.092
!MESSAGE port: COM7

!ENTRY com.st.stm32cube.ide.mpu.remote.serial 1 1 2026-05-19 10:13:27.093
!MESSAGE port: COM6

!ENTRY com.st.stm32cube.ide.mpu.remote.serial 1 1 2026-05-19 10:13:27.093
!MESSAGE port: COM15

!ENTRY com.st.stm32cube.ide.mpu.remote.serial 1 1 2026-05-19 10:13:27.094
!MESSAGE port: COM16

!ENTRY com.st.stm32cube.ide.mpu.remote.serial 1 1 2026-05-19 10:13:27.095
!MESSAGE port: COM14

!ENTRY com.st.stm32cube.ide.mpu.remote.serial 1 1 2026-05-19 10:13:27.095
!MESSAGE port: COM11

!ENTRY com.st.stm32cube.ide.mpu.remote.serial 1 1 2026-05-19 10:13:27.096
!MESSAGE port: COM4

!ENTRY com.st.stm32cube.ide.mpu.remote.serial 1 1 2026-05-19 10:13:27.097
!MESSAGE port: COM8

!ENTRY com.st.stm32cube.ide.mpu.remote.serial 1 1 2026-05-19 10:13:27.098
!MESSAGE port: COM13

!ENTRY com.st.stm32cube.ide.mpu.remote.serial 1 1 2026-05-19 10:13:27.099
!MESSAGE port: COM12

!ENTRY com.st.stm32cube.ide.mpu.remote.serial 1 1 2026-05-19 10:14:39.496
!MESSAGE Executed PowerShell command powershell.exe -Command "Get-CimInstance -ClassName Win32_SerialPort | Select-Object -ExpandProperty DeviceID":
COM7
COM6
COM15
COM16
COM14
COM11
COM4
COM8
COM13
COM12


!ENTRY com.st.stm32cube.ide.mpu.remote.serial 1 1 2026-05-19 10:14:39.497
!MESSAGE port: COM7

!ENTRY com.st.stm32cube.ide.mpu.remote.serial 1 1 2026-05-19 10:14:39.497
!MESSAGE port: COM6

!ENTRY com.st.stm32cube.ide.mpu.remote.serial 1 1 2026-05-19 10:14:39.498
!MESSAGE port: COM15

!ENTRY com.st.stm32cube.ide.mpu.remote.serial 1 1 2026-05-19 10:14:39.499
!MESSAGE port: COM16

!ENTRY com.st.stm32cube.ide.mpu.remote.serial 1 1 2026-05-19 10:14:39.500
!MESSAGE port: COM14

!ENTRY com.st.stm32cube.ide.mpu.remote.serial 1 1 2026-05-19 10:14:39.501
!MESSAGE port: COM11

!ENTRY com.st.stm32cube.ide.mpu.remote.serial 1 1 2026-05-19 10:14:39.501
!MESSAGE port: COM4

!ENTRY com.st.stm32cube.ide.mpu.remote.serial 1 1 2026-05-19 10:14:39.502
!MESSAGE port: COM8

!ENTRY com.st.stm32cube.ide.mpu.remote.serial 1 1 2026-05-19 10:14:39.503
!MESSAGE port: COM13

!ENTRY com.st.stm32cube.ide.mpu.remote.serial 1 1 2026-05-19 10:14:39.503
!MESSAGE port: COM12

!ENTRY com.st.stm32cube.ide.mpu.remote.serial 1 1 2026-05-19 10:15:07.936
!MESSAGE Executed PowerShell command powershell.exe -Command "Get-CimInstance -ClassName Win32_SerialPort | Select-Object -ExpandProperty DeviceID":
COM7
COM6
COM15
COM16
COM14
COM11
COM4
COM8
COM13
COM12


!ENTRY com.st.stm32cube.ide.mpu.remote.serial 1 1 2026-05-19 10:15:07.937
!MESSAGE port: COM7

!ENTRY com.st.stm32cube.ide.mpu.remote.serial 1 1 2026-05-19 10:15:07.938
!MESSAGE port: COM6

!ENTRY com.st.stm32cube.ide.mpu.remote.serial 1 1 2026-05-19 10:15:07.938
!MESSAGE port: COM15

!ENTRY com.st.stm32cube.ide.mpu.remote.serial 1 1 2026-05-19 10:15:07.939
!MESSAGE port: COM16

!ENTRY com.st.stm32cube.ide.mpu.remote.serial 1 1 2026-05-19 10:15:07.940
!MESSAGE port: COM14

!ENTRY com.st.stm32cube.ide.mpu.remote.serial 1 1 2026-05-19 10:15:07.941
!MESSAGE port: COM11

!ENTRY com.st.stm32cube.ide.mpu.remote.serial 1 1 2026-05-19 10:15:07.942
!MESSAGE port: COM4

!ENTRY com.st.stm32cube.ide.mpu.remote.serial 1 1 2026-05-19 10:15:07.943
!MESSAGE port: COM8

!ENTRY com.st.stm32cube.ide.mpu.remote.serial 1 1 2026-05-19 10:15:07.943
!MESSAGE port: COM13

!ENTRY com.st.stm32cube.ide.mpu.remote.serial 1 1 2026-05-19 10:15:07.944
!MESSAGE port: COM12

!ENTRY com.st.stm32cube.ide.mpu.remote.serial 1 1 2026-05-19 10:15:36.408
!MESSAGE Executed PowerShell command powershell.exe -Command "Get-CimInstance -ClassName Win32_SerialPort | Select-Object -ExpandProperty DeviceID":
COM7
COM6
COM15
COM16
COM14
COM11
COM4
COM8
COM13
COM12


!ENTRY com.st.stm32cube.ide.mpu.remote.serial 1 1 2026-05-19 10:15:36.410
!MESSAGE port: COM7

!ENTRY com.st.stm32cube.ide.mpu.remote.serial 1 1 2026-05-19 10:15:36.411
!MESSAGE port: COM6

!ENTRY com.st.stm32cube.ide.mpu.remote.serial 1 1 2026-05-19 10:15:36.411
!MESSAGE port: COM15

!ENTRY com.st.stm32cube.ide.mpu.remote.serial 1 1 2026-05-19 10:15:36.413
!MESSAGE port: COM16

!ENTRY com.st.stm32cube.ide.mpu.remote.serial 1 1 2026-05-19 10:15:36.413
!MESSAGE port: COM14

!ENTRY com.st.stm32cube.ide.mpu.remote.serial 1 1 2026-05-19 10:15:36.415
!MESSAGE port: COM11

!ENTRY com.st.stm32cube.ide.mpu.remote.serial 1 1 2026-05-19 10:15:36.415
!MESSAGE port: COM4

!ENTRY com.st.stm32cube.ide.mpu.remote.serial 1 1 2026-05-19 10:15:36.417
!MESSAGE port: COM8

!ENTRY com.st.stm32cube.ide.mpu.remote.serial 1 1 2026-05-19 10:15:36.428
!MESSAGE port: COM13

!ENTRY com.st.stm32cube.ide.mpu.remote.serial 1 1 2026-05-19 10:15:36.430
!MESSAGE port: COM12

!ENTRY com.st.stm32cube.ide.mpu.remote.serial 1 1 2026-05-19 10:17:42.550
!MESSAGE Executed PowerShell command powershell.exe -Command "Get-CimInstance -ClassName Win32_SerialPort | Select-Object -ExpandProperty DeviceID":
COM7
COM6
COM15
COM16
COM14
COM11
COM4
COM8
COM13
COM12


!ENTRY com.st.stm32cube.ide.mpu.remote.serial 1 1 2026-05-19 10:17:42.552
!MESSAGE port: COM7

!ENTRY com.st.stm32cube.ide.mpu.remote.serial 1 1 2026-05-19 10:17:42.552
!MESSAGE port: COM6

!ENTRY com.st.stm32cube.ide.mpu.remote.serial 1 1 2026-05-19 10:17:42.557
!MESSAGE port: COM15

!ENTRY com.st.stm32cube.ide.mpu.remote.serial 1 1 2026-05-19 10:17:42.558
!MESSAGE port: COM16

!ENTRY com.st.stm32cube.ide.mpu.remote.serial 1 1 2026-05-19 10:17:42.560
!MESSAGE port: COM14

!ENTRY com.st.stm32cube.ide.mpu.remote.serial 1 1 2026-05-19 10:17:42.562
!MESSAGE port: COM11

!ENTRY com.st.stm32cube.ide.mpu.remote.serial 1 1 2026-05-19 10:17:42.564
!MESSAGE port: COM4

!ENTRY com.st.stm32cube.ide.mpu.remote.serial 1 1 2026-05-19 10:17:42.566
!MESSAGE port: COM8

!ENTRY com.st.stm32cube.ide.mpu.remote.serial 1 1 2026-05-19 10:17:42.570
!MESSAGE port: COM13

!ENTRY com.st.stm32cube.ide.mpu.remote.serial 1 1 2026-05-19 10:17:42.572
!MESSAGE port: COM12

!ENTRY com.st.stm32cube.ide.mpu.remote.serial 1 1 2026-05-19 10:21:07.679
!MESSAGE Executed PowerShell command powershell.exe -Command "Get-CimInstance -ClassName Win32_SerialPort | Select-Object -ExpandProperty DeviceID":
COM7
COM6
COM15
COM16
COM14
COM11
COM4
COM8
COM13
COM12


!ENTRY com.st.stm32cube.ide.mpu.remote.serial 1 1 2026-05-19 10:21:07.680
!MESSAGE port: COM7

!ENTRY com.st.stm32cube.ide.mpu.remote.serial 1 1 2026-05-19 10:21:07.681
!MESSAGE port: COM6

!ENTRY com.st.stm32cube.ide.mpu.remote.serial 1 1 2026-05-19 10:21:07.682
!MESSAGE port: COM15

!ENTRY com.st.stm32cube.ide.mpu.remote.serial 1 1 2026-05-19 10:21:07.682
!MESSAGE port: COM16

!ENTRY com.st.stm32cube.ide.mpu.remote.serial 1 1 2026-05-19 10:21:07.683
!MESSAGE port: COM14

!ENTRY com.st.stm32cube.ide.mpu.remote.serial 1 1 2026-05-19 10:21:07.684
!MESSAGE port: COM11

!ENTRY com.st.stm32cube.ide.mpu.remote.serial 1 1 2026-05-19 10:21:07.685
!MESSAGE port: COM4

!ENTRY com.st.stm32cube.ide.mpu.remote.serial 1 1 2026-05-19 10:21:07.686
!MESSAGE port: COM8

!ENTRY com.st.stm32cube.ide.mpu.remote.serial 1 1 2026-05-19 10:21:07.686
!MESSAGE port: COM13

!ENTRY com.st.stm32cube.ide.mpu.remote.serial 1 1 2026-05-19 10:21:07.687
!MESSAGE port: COM12

!ENTRY com.st.stm32cube.ide.mpu.remote.serial 1 1 2026-05-19 10:21:36.595
!MESSAGE Executed PowerShell command powershell.exe -Command "Get-CimInstance -ClassName Win32_SerialPort | Select-Object -ExpandProperty DeviceID":
COM7
COM6
COM15
COM16
COM14
COM11
COM4
COM8
COM13
COM12


!ENTRY com.st.stm32cube.ide.mpu.remote.serial 1 1 2026-05-19 10:21:36.596
!MESSAGE port: COM7

!ENTRY com.st.stm32cube.ide.mpu.remote.serial 1 1 2026-05-19 10:21:36.597
!MESSAGE port: COM6

!ENTRY com.st.stm32cube.ide.mpu.remote.serial 1 1 2026-05-19 10:21:36.598
!MESSAGE port: COM15

!ENTRY com.st.stm32cube.ide.mpu.remote.serial 1 1 2026-05-19 10:21:36.598
!MESSAGE port: COM16

!ENTRY com.st.stm32cube.ide.mpu.remote.serial 1 1 2026-05-19 10:21:36.600
!MESSAGE port: COM14

!ENTRY com.st.stm32cube.ide.mpu.remote.serial 1 1 2026-05-19 10:21:36.600
!MESSAGE port: COM11

!ENTRY com.st.stm32cube.ide.mpu.remote.serial 1 1 2026-05-19 10:21:36.601
!MESSAGE port: COM4

!ENTRY com.st.stm32cube.ide.mpu.remote.serial 1 1 2026-05-19 10:21:36.602
!MESSAGE port: COM8

!ENTRY com.st.stm32cube.ide.mpu.remote.serial 1 1 2026-05-19 10:21:36.602
!MESSAGE port: COM13

!ENTRY com.st.stm32cube.ide.mpu.remote.serial 1 1 2026-05-19 10:21:36.603
!MESSAGE port: COM12

!ENTRY com.st.stm32cube.ide.mpu.remote.serial 1 1 2026-05-19 10:22:05.015
!MESSAGE Executed PowerShell command powershell.exe -Command "Get-CimInstance -ClassName Win32_SerialPort | Select-Object -ExpandProperty DeviceID":
COM7
COM6
COM15
COM16
COM14
COM11
COM4
COM8
COM13
COM12


!ENTRY com.st.stm32cube.ide.mpu.remote.serial 1 1 2026-05-19 10:22:05.020
!MESSAGE port: COM7

!ENTRY com.st.stm32cube.ide.mpu.remote.serial 1 1 2026-05-19 10:22:05.020
!MESSAGE port: COM6

!ENTRY com.st.stm32cube.ide.mpu.remote.serial 1 1 2026-05-19 10:22:05.021
!MESSAGE port: COM15

!ENTRY com.st.stm32cube.ide.mpu.remote.serial 1 1 2026-05-19 10:22:05.021
!MESSAGE port: COM16

!ENTRY com.st.stm32cube.ide.mpu.remote.serial 1 1 2026-05-19 10:22:05.021
!MESSAGE port: COM14

!ENTRY com.st.stm32cube.ide.mpu.remote.serial 1 1 2026-05-19 10:22:05.023
!MESSAGE port: COM11

!ENTRY com.st.stm32cube.ide.mpu.remote.serial 1 1 2026-05-19 10:22:05.025
!MESSAGE port: COM4

!ENTRY com.st.stm32cube.ide.mpu.remote.serial 1 1 2026-05-19 10:22:05.027
!MESSAGE port: COM8

!ENTRY com.st.stm32cube.ide.mpu.remote.serial 1 1 2026-05-19 10:22:05.027
!MESSAGE port: COM13

!ENTRY com.st.stm32cube.ide.mpu.remote.serial 1 1 2026-05-19 10:22:05.029
!MESSAGE port: COM12

!ENTRY com.st.stm32cube.ide.mpu.remote.serial 1 1 2026-05-19 11:06:53.215
!MESSAGE Executed PowerShell command powershell.exe -Command "Get-CimInstance -ClassName Win32_SerialPort | Select-Object -ExpandProperty DeviceID":
COM7
COM6
COM15
COM16
COM14
COM11
COM4
COM8
COM13
COM12


!ENTRY com.st.stm32cube.ide.mpu.remote.serial 1 1 2026-05-19 11:06:53.217
!MESSAGE port: COM7

!ENTRY com.st.stm32cube.ide.mpu.remote.serial 1 1 2026-05-19 11:06:53.218
!MESSAGE port: COM6

!ENTRY com.st.stm32cube.ide.mpu.remote.serial 1 1 2026-05-19 11:06:53.219
!MESSAGE port: COM15

!ENTRY com.st.stm32cube.ide.mpu.remote.serial 1 1 2026-05-19 11:06:53.221
!MESSAGE port: COM16

!ENTRY com.st.stm32cube.ide.mpu.remote.serial 1 1 2026-05-19 11:06:53.222
!MESSAGE port: COM14

!ENTRY com.st.stm32cube.ide.mpu.remote.serial 1 1 2026-05-19 11:06:53.223
!MESSAGE port: COM11

!ENTRY com.st.stm32cube.ide.mpu.remote.serial 1 1 2026-05-19 11:06:53.224
!MESSAGE port: COM4

!ENTRY com.st.stm32cube.ide.mpu.remote.serial 1 1 2026-05-19 11:06:53.225
!MESSAGE port: COM8

!ENTRY com.st.stm32cube.ide.mpu.remote.serial 1 1 2026-05-19 11:06:53.226
!MESSAGE port: COM13

!ENTRY com.st.stm32cube.ide.mpu.remote.serial 1 1 2026-05-19 11:06:53.228
!MESSAGE port: COM12

!ENTRY com.st.stm32cube.ide.mpu.remote.serial 1 1 2026-05-19 11:07:22.019
!MESSAGE Executed PowerShell command powershell.exe -Command "Get-CimInstance -ClassName Win32_SerialPort | Select-Object -ExpandProperty DeviceID":
COM7
COM6
COM15
COM16
COM14
COM11
COM4
COM8
COM13
COM12


!ENTRY com.st.stm32cube.ide.mpu.remote.serial 1 1 2026-05-19 11:07:22.020
!MESSAGE port: COM7

!ENTRY com.st.stm32cube.ide.mpu.remote.serial 1 1 2026-05-19 11:07:22.020
!MESSAGE port: COM6

!ENTRY com.st.stm32cube.ide.mpu.remote.serial 1 1 2026-05-19 11:07:22.021
!MESSAGE port: COM15

!ENTRY com.st.stm32cube.ide.mpu.remote.serial 1 1 2026-05-19 11:07:22.022
!MESSAGE port: COM16

!ENTRY com.st.stm32cube.ide.mpu.remote.serial 1 1 2026-05-19 11:07:22.023
!MESSAGE port: COM14

!ENTRY com.st.stm32cube.ide.mpu.remote.serial 1 1 2026-05-19 11:07:22.023
!MESSAGE port: COM11

!ENTRY com.st.stm32cube.ide.mpu.remote.serial 1 1 2026-05-19 11:07:22.024
!MESSAGE port: COM4

!ENTRY com.st.stm32cube.ide.mpu.remote.serial 1 1 2026-05-19 11:07:22.025
!MESSAGE port: COM8

!ENTRY com.st.stm32cube.ide.mpu.remote.serial 1 1 2026-05-19 11:07:22.026
!MESSAGE port: COM13

!ENTRY com.st.stm32cube.ide.mpu.remote.serial 1 1 2026-05-19 11:07:22.026
!MESSAGE port: COM12

!ENTRY com.st.stm32cube.ide.mpu.remote.serial 1 1 2026-05-19 11:07:52.829
!MESSAGE Executed PowerShell command powershell.exe -Command "Get-CimInstance -ClassName Win32_SerialPort | Select-Object -ExpandProperty DeviceID":
COM7
COM6
COM15
COM16
COM14
COM11
COM4
COM8
COM13
COM12


!ENTRY com.st.stm32cube.ide.mpu.remote.serial 1 1 2026-05-19 11:07:52.830
!MESSAGE port: COM7

!ENTRY com.st.stm32cube.ide.mpu.remote.serial 1 1 2026-05-19 11:07:52.831
!MESSAGE port: COM6

!ENTRY com.st.stm32cube.ide.mpu.remote.serial 1 1 2026-05-19 11:07:52.832
!MESSAGE port: COM15

!ENTRY com.st.stm32cube.ide.mpu.remote.serial 1 1 2026-05-19 11:07:52.833
!MESSAGE port: COM16

!ENTRY com.st.stm32cube.ide.mpu.remote.serial 1 1 2026-05-19 11:07:52.834
!MESSAGE port: COM14

!ENTRY com.st.stm32cube.ide.mpu.remote.serial 1 1 2026-05-19 11:07:52.835
!MESSAGE port: COM11

!ENTRY com.st.stm32cube.ide.mpu.remote.serial 1 1 2026-05-19 11:07:52.836
!MESSAGE port: COM4

!ENTRY com.st.stm32cube.ide.mpu.remote.serial 1 1 2026-05-19 11:07:52.837
!MESSAGE port: COM8

!ENTRY com.st.stm32cube.ide.mpu.remote.serial 1 1 2026-05-19 11:07:52.839
!MESSAGE port: COM13

!ENTRY com.st.stm32cube.ide.mpu.remote.serial 1 1 2026-05-19 11:07:52.840
!MESSAGE port: COM12

!ENTRY com.st.stm32cube.ide.mpu.remote.serial 1 1 2026-05-19 11:08:21.225
!MESSAGE Executed PowerShell command powershell.exe -Command "Get-CimInstance -ClassName Win32_SerialPort | Select-Object -ExpandProperty DeviceID":
COM7
COM6
COM15
COM16
COM14
COM11
COM4
COM8
COM13
COM12


!ENTRY com.st.stm32cube.ide.mpu.remote.serial 1 1 2026-05-19 11:08:21.226
!MESSAGE port: COM7

!ENTRY com.st.stm32cube.ide.mpu.remote.serial 1 1 2026-05-19 11:08:21.226
!MESSAGE port: COM6

!ENTRY com.st.stm32cube.ide.mpu.remote.serial 1 1 2026-05-19 11:08:21.227
!MESSAGE port: COM15

!ENTRY com.st.stm32cube.ide.mpu.remote.serial 1 1 2026-05-19 11:08:21.228
!MESSAGE port: COM16

!ENTRY com.st.stm32cube.ide.mpu.remote.serial 1 1 2026-05-19 11:08:21.229
!MESSAGE port: COM14

!ENTRY com.st.stm32cube.ide.mpu.remote.serial 1 1 2026-05-19 11:08:21.230
!MESSAGE port: COM11

!ENTRY com.st.stm32cube.ide.mpu.remote.serial 1 1 2026-05-19 11:08:21.231
!MESSAGE port: COM4

!ENTRY com.st.stm32cube.ide.mpu.remote.serial 1 1 2026-05-19 11:08:21.231
!MESSAGE port: COM8

!ENTRY com.st.stm32cube.ide.mpu.remote.serial 1 1 2026-05-19 11:08:21.232
!MESSAGE port: COM13

!ENTRY com.st.stm32cube.ide.mpu.remote.serial 1 1 2026-05-19 11:08:21.233
!MESSAGE port: COM12

!ENTRY com.st.stm32cube.ide.mpu.remote.serial 1 1 2026-05-19 11:20:50.281
!MESSAGE Executed PowerShell command powershell.exe -Command "Get-CimInstance -ClassName Win32_SerialPort | Select-Object -ExpandProperty DeviceID":
COM7
COM6
COM15
COM16
COM14
COM11
COM4
COM8
COM13
COM12


!ENTRY com.st.stm32cube.ide.mpu.remote.serial 1 1 2026-05-19 11:20:50.283
!MESSAGE port: COM7

!ENTRY com.st.stm32cube.ide.mpu.remote.serial 1 1 2026-05-19 11:20:50.285
!MESSAGE port: COM6

!ENTRY com.st.stm32cube.ide.mpu.remote.serial 1 1 2026-05-19 11:20:50.287
!MESSAGE port: COM15

!ENTRY com.st.stm32cube.ide.mpu.remote.serial 1 1 2026-05-19 11:20:50.289
!MESSAGE port: COM16

!ENTRY com.st.stm32cube.ide.mpu.remote.serial 1 1 2026-05-19 11:20:50.290
!MESSAGE port: COM14

!ENTRY com.st.stm32cube.ide.mpu.remote.serial 1 1 2026-05-19 11:20:50.292
!MESSAGE port: COM11

!ENTRY com.st.stm32cube.ide.mpu.remote.serial 1 1 2026-05-19 11:20:50.293
!MESSAGE port: COM4

!ENTRY com.st.stm32cube.ide.mpu.remote.serial 1 1 2026-05-19 11:20:50.295
!MESSAGE port: COM8

!ENTRY com.st.stm32cube.ide.mpu.remote.serial 1 1 2026-05-19 11:20:50.296
!MESSAGE port: COM13

!ENTRY com.st.stm32cube.ide.mpu.remote.serial 1 1 2026-05-19 11:20:50.298
!MESSAGE port: COM12

!ENTRY com.st.stm32cube.ide.mpu.remote.serial 1 1 2026-05-19 11:21:19.330
!MESSAGE Executed PowerShell command powershell.exe -Command "Get-CimInstance -ClassName Win32_SerialPort | Select-Object -ExpandProperty DeviceID":
COM7
COM6
COM15
COM16
COM14
COM11
COM4
COM8
COM13
COM12


!ENTRY com.st.stm32cube.ide.mpu.remote.serial 1 1 2026-05-19 11:21:19.332
!MESSAGE port: COM7

!ENTRY com.st.stm32cube.ide.mpu.remote.serial 1 1 2026-05-19 11:21:19.334
!MESSAGE port: COM6

!ENTRY com.st.stm32cube.ide.mpu.remote.serial 1 1 2026-05-19 11:21:19.335
!MESSAGE port: COM15

!ENTRY com.st.stm32cube.ide.mpu.remote.serial 1 1 2026-05-19 11:21:19.337
!MESSAGE port: COM16

!ENTRY com.st.stm32cube.ide.mpu.remote.serial 1 1 2026-05-19 11:21:19.338
!MESSAGE port: COM14

!ENTRY com.st.stm32cube.ide.mpu.remote.serial 1 1 2026-05-19 11:21:19.340
!MESSAGE port: COM11

!ENTRY com.st.stm32cube.ide.mpu.remote.serial 1 1 2026-05-19 11:21:19.342
!MESSAGE port: COM4

!ENTRY com.st.stm32cube.ide.mpu.remote.serial 1 1 2026-05-19 11:21:19.343
!MESSAGE port: COM8

!ENTRY com.st.stm32cube.ide.mpu.remote.serial 1 1 2026-05-19 11:21:19.345
!MESSAGE port: COM13

!ENTRY com.st.stm32cube.ide.mpu.remote.serial 1 1 2026-05-19 11:21:19.347
!MESSAGE port: COM12

!ENTRY org.eclipse.ui 4 0 2026-05-19 11:42:28.940
!MESSAGE Unhandled event loop exception
!STACK 0
java.lang.NullPointerException: Cannot invoke "org.eclipse.swt.widgets.Shell.getDisplay()" because the return value of "org.eclipse.ui.internal.findandreplace.overlay.FindReplaceOverlay.getShell()" is null
	at org.eclipse.ui.internal.findandreplace.overlay.FindReplaceOverlay.updatePlacementAndVisibility(FindReplaceOverlay.java:848)
	at org.eclipse.swt.widgets.RunnableLock.run(RunnableLock.java:40)
	at org.eclipse.swt.widgets.Synchronizer.runAsyncMessages(Synchronizer.java:132)
	at org.eclipse.swt.widgets.Display.runAsyncMessages(Display.java:4099)
	at org.eclipse.swt.widgets.Display.readAndDispatch(Display.java:3715)
	at org.eclipse.e4.ui.internal.workbench.swt.PartRenderingEngine$5.run(PartRenderingEngine.java:1151)
	at org.eclipse.core.databinding.observable.Realm.runWithDefault(Realm.java:339)
	at org.eclipse.e4.ui.internal.workbench.swt.PartRenderingEngine.run(PartRenderingEngine.java:1042)
	at org.eclipse.e4.ui.internal.workbench.E4Workbench.createAndRunUI(E4Workbench.java:153)
	at org.eclipse.ui.internal.Workbench.lambda$3(Workbench.java:639)
	at org.eclipse.core.databinding.observable.Realm.runWithDefault(Realm.java:339)
	at org.eclipse.ui.internal.Workbench.createAndRunWorkbench(Workbench.java:546)
	at org.eclipse.ui.PlatformUI.createAndRunWorkbench(PlatformUI.java:173)
	at org.eclipse.ui.internal.ide.application.IDEApplication.start(IDEApplication.java:152)
	at org.eclipse.equinox.internal.app.EclipseAppHandle.run(EclipseAppHandle.java:208)
	at org.eclipse.core.runtime.internal.adaptor.EclipseAppLauncher.runApplication(EclipseAppLauncher.java:143)
	at org.eclipse.core.runtime.internal.adaptor.EclipseAppLauncher.start(EclipseAppLauncher.java:109)
	at org.eclipse.core.runtime.adaptor.EclipseStarter.run(EclipseStarter.java:439)
	at org.eclipse.core.runtime.adaptor.EclipseStarter.run(EclipseStarter.java:271)
	at java.base/jdk.internal.reflect.DirectMethodHandleAccessor.invoke(DirectMethodHandleAccessor.java:103)
	at java.base/java.lang.reflect.Method.invoke(Method.java:580)
	at org.eclipse.equinox.launcher.Main.invokeFramework(Main.java:668)
	at org.eclipse.equinox.launcher.Main.basicRun(Main.java:605)
	at org.eclipse.equinox.launcher.Main.run(Main.java:1481)

!ENTRY org.eclipse.ui 4 0 2026-05-19 11:42:28.948
!MESSAGE Unhandled event loop exception
!STACK 0
java.lang.NullPointerException: Cannot invoke "org.eclipse.swt.widgets.Shell.getDisplay()" because the return value of "org.eclipse.ui.internal.findandreplace.overlay.FindReplaceOverlay.getShell()" is null
	at org.eclipse.ui.internal.findandreplace.overlay.FindReplaceOverlay.updatePlacementAndVisibility(FindReplaceOverlay.java:848)
	at org.eclipse.swt.widgets.RunnableLock.run(RunnableLock.java:40)
	at org.eclipse.swt.widgets.Synchronizer.runAsyncMessages(Synchronizer.java:132)
	at org.eclipse.swt.widgets.Display.runAsyncMessages(Display.java:4099)
	at org.eclipse.swt.widgets.Display.readAndDispatch(Display.java:3715)
	at org.eclipse.e4.ui.internal.workbench.swt.PartRenderingEngine$5.run(PartRenderingEngine.java:1151)
	at org.eclipse.core.databinding.observable.Realm.runWithDefault(Realm.java:339)
	at org.eclipse.e4.ui.internal.workbench.swt.PartRenderingEngine.run(PartRenderingEngine.java:1042)
	at org.eclipse.e4.ui.internal.workbench.E4Workbench.createAndRunUI(E4Workbench.java:153)
	at org.eclipse.ui.internal.Workbench.lambda$3(Workbench.java:639)
	at org.eclipse.core.databinding.observable.Realm.runWithDefault(Realm.java:339)
	at org.eclipse.ui.internal.Workbench.createAndRunWorkbench(Workbench.java:546)
	at org.eclipse.ui.PlatformUI.createAndRunWorkbench(PlatformUI.java:173)
	at org.eclipse.ui.internal.ide.application.IDEApplication.start(IDEApplication.java:152)
	at org.eclipse.equinox.internal.app.EclipseAppHandle.run(EclipseAppHandle.java:208)
	at org.eclipse.core.runtime.internal.adaptor.EclipseAppLauncher.runApplication(EclipseAppLauncher.java:143)
	at org.eclipse.core.runtime.internal.adaptor.EclipseAppLauncher.start(EclipseAppLauncher.java:109)
	at org.eclipse.core.runtime.adaptor.EclipseStarter.run(EclipseStarter.java:439)
	at org.eclipse.core.runtime.adaptor.EclipseStarter.run(EclipseStarter.java:271)
	at java.base/jdk.internal.reflect.DirectMethodHandleAccessor.invoke(DirectMethodHandleAccessor.java:103)
	at java.base/java.lang.reflect.Method.invoke(Method.java:580)
	at org.eclipse.equinox.launcher.Main.invokeFramework(Main.java:668)
	at org.eclipse.equinox.launcher.Main.basicRun(Main.java:605)
	at org.eclipse.equinox.launcher.Main.run(Main.java:1481)

!ENTRY org.eclipse.cdt.core 1 0 2026-05-19 12:10:46.507
!MESSAGE Indexed 'gps' (23 sources, 126 headers) in 3,82 sec: 14.251 declarations; 61.386 references; 1 unresolved inclusions; 76 syntax errors; 240 unresolved names (0,32 %)

!ENTRY com.st.stm32cube.ide.mpu.remote.serial 1 1 2026-05-19 12:13:00.209
!MESSAGE Executed PowerShell command powershell.exe -Command "Get-CimInstance -ClassName Win32_SerialPort | Select-Object -ExpandProperty DeviceID":
COM7
COM6
COM15
COM16
COM14
COM11
COM4
COM8
COM13
COM12


!ENTRY com.st.stm32cube.ide.mpu.remote.serial 1 1 2026-05-19 12:13:00.209
!MESSAGE port: COM7

!ENTRY com.st.stm32cube.ide.mpu.remote.serial 1 1 2026-05-19 12:13:00.211
!MESSAGE port: COM6

!ENTRY com.st.stm32cube.ide.mpu.remote.serial 1 1 2026-05-19 12:13:00.211
!MESSAGE port: COM15

!ENTRY com.st.stm32cube.ide.mpu.remote.serial 1 1 2026-05-19 12:13:00.211
!MESSAGE port: COM16

!ENTRY com.st.stm32cube.ide.mpu.remote.serial 1 1 2026-05-19 12:13:00.213
!MESSAGE port: COM14

!ENTRY com.st.stm32cube.ide.mpu.remote.serial 1 1 2026-05-19 12:13:00.213
!MESSAGE port: COM11

!ENTRY com.st.stm32cube.ide.mpu.remote.serial 1 1 2026-05-19 12:13:00.214
!MESSAGE port: COM4

!ENTRY com.st.stm32cube.ide.mpu.remote.serial 1 1 2026-05-19 12:13:00.214
!MESSAGE port: COM8

!ENTRY com.st.stm32cube.ide.mpu.remote.serial 1 1 2026-05-19 12:13:00.216
!MESSAGE port: COM13

!ENTRY com.st.stm32cube.ide.mpu.remote.serial 1 1 2026-05-19 12:13:00.219
!MESSAGE port: COM12

!ENTRY com.st.stm32cube.ide.mpu.remote.serial 1 1 2026-05-19 12:16:29.131
!MESSAGE Executed PowerShell command powershell.exe -Command "Get-CimInstance -ClassName Win32_SerialPort | Select-Object -ExpandProperty DeviceID":
COM7
COM6
COM15
COM16
COM14
COM11
COM4
COM8
COM13
COM12


!ENTRY com.st.stm32cube.ide.mpu.remote.serial 1 1 2026-05-19 12:16:29.131
!MESSAGE port: COM7

!ENTRY com.st.stm32cube.ide.mpu.remote.serial 1 1 2026-05-19 12:16:29.131
!MESSAGE port: COM6

!ENTRY com.st.stm32cube.ide.mpu.remote.serial 1 1 2026-05-19 12:16:29.131
!MESSAGE port: COM15

!ENTRY com.st.stm32cube.ide.mpu.remote.serial 1 1 2026-05-19 12:16:29.131
!MESSAGE port: COM16

!ENTRY com.st.stm32cube.ide.mpu.remote.serial 1 1 2026-05-19 12:16:29.131
!MESSAGE port: COM14

!ENTRY com.st.stm32cube.ide.mpu.remote.serial 1 1 2026-05-19 12:16:29.131
!MESSAGE port: COM11

!ENTRY com.st.stm32cube.ide.mpu.remote.serial 1 1 2026-05-19 12:16:29.131
!MESSAGE port: COM4

!ENTRY com.st.stm32cube.ide.mpu.remote.serial 1 1 2026-05-19 12:16:29.131
!MESSAGE port: COM8

!ENTRY com.st.stm32cube.ide.mpu.remote.serial 1 1 2026-05-19 12:16:29.131
!MESSAGE port: COM13

!ENTRY com.st.stm32cube.ide.mpu.remote.serial 1 1 2026-05-19 12:16:29.131
!MESSAGE port: COM12

!ENTRY com.st.stm32cube.ide.mpu.remote.serial 1 1 2026-05-19 12:17:08.353
!MESSAGE Executed PowerShell command powershell.exe -Command "Get-CimInstance -ClassName Win32_SerialPort | Select-Object -ExpandProperty DeviceID":
COM7
COM6
COM15
COM16
COM14
COM11
COM4
COM8
COM13
COM12


!ENTRY com.st.stm32cube.ide.mpu.remote.serial 1 1 2026-05-19 12:17:08.353
!MESSAGE port: COM7

!ENTRY com.st.stm32cube.ide.mpu.remote.serial 1 1 2026-05-19 12:17:08.353
!MESSAGE port: COM6

!ENTRY com.st.stm32cube.ide.mpu.remote.serial 1 1 2026-05-19 12:17:08.363
!MESSAGE port: COM15

!ENTRY com.st.stm32cube.ide.mpu.remote.serial 1 1 2026-05-19 12:17:08.363
!MESSAGE port: COM16

!ENTRY com.st.stm32cube.ide.mpu.remote.serial 1 1 2026-05-19 12:17:08.365
!MESSAGE port: COM14

!ENTRY com.st.stm32cube.ide.mpu.remote.serial 1 1 2026-05-19 12:17:08.365
!MESSAGE port: COM11

!ENTRY com.st.stm32cube.ide.mpu.remote.serial 1 1 2026-05-19 12:17:08.365
!MESSAGE port: COM4

!ENTRY com.st.stm32cube.ide.mpu.remote.serial 1 1 2026-05-19 12:17:08.367
!MESSAGE port: COM8

!ENTRY com.st.stm32cube.ide.mpu.remote.serial 1 1 2026-05-19 12:17:08.367
!MESSAGE port: COM13

!ENTRY com.st.stm32cube.ide.mpu.remote.serial 1 1 2026-05-19 12:17:08.367
!MESSAGE port: COM12

!ENTRY com.st.stm32cube.ide.mpu.remote.serial 1 1 2026-05-19 12:27:44.336
!MESSAGE Executed PowerShell command powershell.exe -Command "Get-CimInstance -ClassName Win32_SerialPort | Select-Object -ExpandProperty DeviceID":
COM7
COM6
COM15
COM16
COM14
COM11
COM4
COM8
COM13
COM12


!ENTRY com.st.stm32cube.ide.mpu.remote.serial 1 1 2026-05-19 12:27:44.337
!MESSAGE port: COM7

!ENTRY com.st.stm32cube.ide.mpu.remote.serial 1 1 2026-05-19 12:27:44.338
!MESSAGE port: COM6

!ENTRY com.st.stm32cube.ide.mpu.remote.serial 1 1 2026-05-19 12:27:44.338
!MESSAGE port: COM15

!ENTRY com.st.stm32cube.ide.mpu.remote.serial 1 1 2026-05-19 12:27:44.339
!MESSAGE port: COM16

!ENTRY com.st.stm32cube.ide.mpu.remote.serial 1 1 2026-05-19 12:27:44.339
!MESSAGE port: COM14

!ENTRY com.st.stm32cube.ide.mpu.remote.serial 1 1 2026-05-19 12:27:44.340
!MESSAGE port: COM11

!ENTRY com.st.stm32cube.ide.mpu.remote.serial 1 1 2026-05-19 12:27:44.341
!MESSAGE port: COM4

!ENTRY com.st.stm32cube.ide.mpu.remote.serial 1 1 2026-05-19 12:27:44.342
!MESSAGE port: COM8

!ENTRY com.st.stm32cube.ide.mpu.remote.serial 1 1 2026-05-19 12:27:44.342
!MESSAGE port: COM13

!ENTRY com.st.stm32cube.ide.mpu.remote.serial 1 1 2026-05-19 12:27:44.343
!MESSAGE port: COM12

!ENTRY com.st.stm32cube.ide.mpu.remote.serial 1 1 2026-05-19 12:28:13.183
!MESSAGE Executed PowerShell command powershell.exe -Command "Get-CimInstance -ClassName Win32_SerialPort | Select-Object -ExpandProperty DeviceID":
COM7
COM6
COM15
COM16
COM14
COM11
COM4
COM8
COM13
COM12


!ENTRY com.st.stm32cube.ide.mpu.remote.serial 1 1 2026-05-19 12:28:13.183
!MESSAGE port: COM7

!ENTRY com.st.stm32cube.ide.mpu.remote.serial 1 1 2026-05-19 12:28:13.184
!MESSAGE port: COM6

!ENTRY com.st.stm32cube.ide.mpu.remote.serial 1 1 2026-05-19 12:28:13.185
!MESSAGE port: COM15

!ENTRY com.st.stm32cube.ide.mpu.remote.serial 1 1 2026-05-19 12:28:13.186
!MESSAGE port: COM16

!ENTRY com.st.stm32cube.ide.mpu.remote.serial 1 1 2026-05-19 12:28:13.187
!MESSAGE port: COM14

!ENTRY com.st.stm32cube.ide.mpu.remote.serial 1 1 2026-05-19 12:28:13.188
!MESSAGE port: COM11

!ENTRY com.st.stm32cube.ide.mpu.remote.serial 1 1 2026-05-19 12:28:13.189
!MESSAGE port: COM4

!ENTRY com.st.stm32cube.ide.mpu.remote.serial 1 1 2026-05-19 12:28:13.190
!MESSAGE port: COM8

!ENTRY com.st.stm32cube.ide.mpu.remote.serial 1 1 2026-05-19 12:28:13.191
!MESSAGE port: COM13

!ENTRY com.st.stm32cube.ide.mpu.remote.serial 1 1 2026-05-19 12:28:13.192
!MESSAGE port: COM12

!ENTRY com.st.stm32cube.ide.mpu.remote.serial 1 1 2026-05-19 12:28:41.540
!MESSAGE Executed PowerShell command powershell.exe -Command "Get-CimInstance -ClassName Win32_SerialPort | Select-Object -ExpandProperty DeviceID":
COM7
COM6
COM15
COM16
COM14
COM11
COM4
COM8
COM13
COM12


!ENTRY com.st.stm32cube.ide.mpu.remote.serial 1 1 2026-05-19 12:28:41.541
!MESSAGE port: COM7

!ENTRY com.st.stm32cube.ide.mpu.remote.serial 1 1 2026-05-19 12:28:41.541
!MESSAGE port: COM6

!ENTRY com.st.stm32cube.ide.mpu.remote.serial 1 1 2026-05-19 12:28:41.542
!MESSAGE port: COM15

!ENTRY com.st.stm32cube.ide.mpu.remote.serial 1 1 2026-05-19 12:28:41.543
!MESSAGE port: COM16

!ENTRY com.st.stm32cube.ide.mpu.remote.serial 1 1 2026-05-19 12:28:41.544
!MESSAGE port: COM14

!ENTRY com.st.stm32cube.ide.mpu.remote.serial 1 1 2026-05-19 12:28:41.544
!MESSAGE port: COM11

!ENTRY com.st.stm32cube.ide.mpu.remote.serial 1 1 2026-05-19 12:28:41.545
!MESSAGE port: COM4

!ENTRY com.st.stm32cube.ide.mpu.remote.serial 1 1 2026-05-19 12:28:41.546
!MESSAGE port: COM8

!ENTRY com.st.stm32cube.ide.mpu.remote.serial 1 1 2026-05-19 12:28:41.547
!MESSAGE port: COM13

!ENTRY com.st.stm32cube.ide.mpu.remote.serial 1 1 2026-05-19 12:28:41.547
!MESSAGE port: COM12

!ENTRY org.eclipse.cdt.core 1 0 2026-05-19 12:31:56.380
!MESSAGE Indexed 'gps' (23 sources, 126 headers) in 3,92 sec: 14.251 declarations; 61.386 references; 1 unresolved inclusions; 76 syntax errors; 240 unresolved names (0,32 %)

!ENTRY com.st.stm32cube.ide.mpu.remote.serial 1 1 2026-05-19 12:32:38.998
!MESSAGE Executed PowerShell command powershell.exe -Command "Get-CimInstance -ClassName Win32_SerialPort | Select-Object -ExpandProperty DeviceID":
COM7
COM6
COM15
COM16
COM14
COM11
COM4
COM8
COM13
COM12


!ENTRY com.st.stm32cube.ide.mpu.remote.serial 1 1 2026-05-19 12:32:39.000
!MESSAGE port: COM7

!ENTRY com.st.stm32cube.ide.mpu.remote.serial 1 1 2026-05-19 12:32:39.000
!MESSAGE port: COM6

!ENTRY com.st.stm32cube.ide.mpu.remote.serial 1 1 2026-05-19 12:32:39.001
!MESSAGE port: COM15

!ENTRY com.st.stm32cube.ide.mpu.remote.serial 1 1 2026-05-19 12:32:39.002
!MESSAGE port: COM16

!ENTRY com.st.stm32cube.ide.mpu.remote.serial 1 1 2026-05-19 12:32:39.002
!MESSAGE port: COM14

!ENTRY com.st.stm32cube.ide.mpu.remote.serial 1 1 2026-05-19 12:32:39.003
!MESSAGE port: COM11

!ENTRY com.st.stm32cube.ide.mpu.remote.serial 1 1 2026-05-19 12:32:39.004
!MESSAGE port: COM4

!ENTRY com.st.stm32cube.ide.mpu.remote.serial 1 1 2026-05-19 12:32:39.005
!MESSAGE port: COM8

!ENTRY com.st.stm32cube.ide.mpu.remote.serial 1 1 2026-05-19 12:32:39.006
!MESSAGE port: COM13

!ENTRY com.st.stm32cube.ide.mpu.remote.serial 1 1 2026-05-19 12:32:39.007
!MESSAGE port: COM12

!ENTRY com.st.stm32cube.ide.mpu.remote.serial 1 1 2026-05-19 12:33:07.648
!MESSAGE Executed PowerShell command powershell.exe -Command "Get-CimInstance -ClassName Win32_SerialPort | Select-Object -ExpandProperty DeviceID":
COM7
COM6
COM15
COM16
COM14
COM11
COM4
COM8
COM13
COM12


!ENTRY com.st.stm32cube.ide.mpu.remote.serial 1 1 2026-05-19 12:33:07.649
!MESSAGE port: COM7

!ENTRY com.st.stm32cube.ide.mpu.remote.serial 1 1 2026-05-19 12:33:07.649
!MESSAGE port: COM6

!ENTRY com.st.stm32cube.ide.mpu.remote.serial 1 1 2026-05-19 12:33:07.650
!MESSAGE port: COM15

!ENTRY com.st.stm32cube.ide.mpu.remote.serial 1 1 2026-05-19 12:33:07.651
!MESSAGE port: COM16

!ENTRY com.st.stm32cube.ide.mpu.remote.serial 1 1 2026-05-19 12:33:07.651
!MESSAGE port: COM14

!ENTRY com.st.stm32cube.ide.mpu.remote.serial 1 1 2026-05-19 12:33:07.652
!MESSAGE port: COM11

!ENTRY com.st.stm32cube.ide.mpu.remote.serial 1 1 2026-05-19 12:33:07.652
!MESSAGE port: COM4

!ENTRY com.st.stm32cube.ide.mpu.remote.serial 1 1 2026-05-19 12:33:07.653
!MESSAGE port: COM8

!ENTRY com.st.stm32cube.ide.mpu.remote.serial 1 1 2026-05-19 12:33:07.654
!MESSAGE port: COM13

!ENTRY com.st.stm32cube.ide.mpu.remote.serial 1 1 2026-05-19 12:33:07.654
!MESSAGE port: COM12

!ENTRY com.st.stm32cube.ide.mpu.remote.serial 1 1 2026-05-19 12:33:36.152
!MESSAGE Executed PowerShell command powershell.exe -Command "Get-CimInstance -ClassName Win32_SerialPort | Select-Object -ExpandProperty DeviceID":
COM7
COM6
COM15
COM16
COM14
COM11
COM4
COM8
COM13
COM12


!ENTRY com.st.stm32cube.ide.mpu.remote.serial 1 1 2026-05-19 12:33:36.152
!MESSAGE port: COM7

!ENTRY com.st.stm32cube.ide.mpu.remote.serial 1 1 2026-05-19 12:33:36.153
!MESSAGE port: COM6

!ENTRY com.st.stm32cube.ide.mpu.remote.serial 1 1 2026-05-19 12:33:36.154
!MESSAGE port: COM15

!ENTRY com.st.stm32cube.ide.mpu.remote.serial 1 1 2026-05-19 12:33:36.155
!MESSAGE port: COM16

!ENTRY com.st.stm32cube.ide.mpu.remote.serial 1 1 2026-05-19 12:33:36.155
!MESSAGE port: COM14

!ENTRY com.st.stm32cube.ide.mpu.remote.serial 1 1 2026-05-19 12:33:36.156
!MESSAGE port: COM11

!ENTRY com.st.stm32cube.ide.mpu.remote.serial 1 1 2026-05-19 12:33:36.157
!MESSAGE port: COM4

!ENTRY com.st.stm32cube.ide.mpu.remote.serial 1 1 2026-05-19 12:33:36.157
!MESSAGE port: COM8

!ENTRY com.st.stm32cube.ide.mpu.remote.serial 1 1 2026-05-19 12:33:36.158
!MESSAGE port: COM13

!ENTRY com.st.stm32cube.ide.mpu.remote.serial 1 1 2026-05-19 12:33:36.158
!MESSAGE port: COM12

!ENTRY com.st.stm32cube.ide.mpu.remote.serial 1 1 2026-05-19 12:34:04.709
!MESSAGE Executed PowerShell command powershell.exe -Command "Get-CimInstance -ClassName Win32_SerialPort | Select-Object -ExpandProperty DeviceID":
COM7
COM6
COM15
COM16
COM14
COM11
COM4
COM8
COM13
COM12


!ENTRY com.st.stm32cube.ide.mpu.remote.serial 1 1 2026-05-19 12:34:04.710
!MESSAGE port: COM7

!ENTRY com.st.stm32cube.ide.mpu.remote.serial 1 1 2026-05-19 12:34:04.711
!MESSAGE port: COM6

!ENTRY com.st.stm32cube.ide.mpu.remote.serial 1 1 2026-05-19 12:34:04.711
!MESSAGE port: COM15

!ENTRY com.st.stm32cube.ide.mpu.remote.serial 1 1 2026-05-19 12:34:04.712
!MESSAGE port: COM16

!ENTRY com.st.stm32cube.ide.mpu.remote.serial 1 1 2026-05-19 12:34:04.713
!MESSAGE port: COM14

!ENTRY com.st.stm32cube.ide.mpu.remote.serial 1 1 2026-05-19 12:34:04.713
!MESSAGE port: COM11

!ENTRY com.st.stm32cube.ide.mpu.remote.serial 1 1 2026-05-19 12:34:04.714
!MESSAGE port: COM4

!ENTRY com.st.stm32cube.ide.mpu.remote.serial 1 1 2026-05-19 12:34:04.715
!MESSAGE port: COM8

!ENTRY com.st.stm32cube.ide.mpu.remote.serial 1 1 2026-05-19 12:34:04.715
!MESSAGE port: COM13

!ENTRY com.st.stm32cube.ide.mpu.remote.serial 1 1 2026-05-19 12:34:04.716
!MESSAGE port: COM12

!ENTRY com.st.stm32cube.ide.mpu.remote.serial 1 1 2026-05-19 12:42:23.906
!MESSAGE Executed PowerShell command powershell.exe -Command "Get-CimInstance -ClassName Win32_SerialPort | Select-Object -ExpandProperty DeviceID":
COM7
COM6
COM15
COM16
COM14
COM11
COM4
COM8
COM13
COM12


!ENTRY com.st.stm32cube.ide.mpu.remote.serial 1 1 2026-05-19 12:42:23.907
!MESSAGE port: COM7

!ENTRY com.st.stm32cube.ide.mpu.remote.serial 1 1 2026-05-19 12:42:23.908
!MESSAGE port: COM6

!ENTRY com.st.stm32cube.ide.mpu.remote.serial 1 1 2026-05-19 12:42:23.909
!MESSAGE port: COM15

!ENTRY com.st.stm32cube.ide.mpu.remote.serial 1 1 2026-05-19 12:42:23.909
!MESSAGE port: COM16

!ENTRY com.st.stm32cube.ide.mpu.remote.serial 1 1 2026-05-19 12:42:23.910
!MESSAGE port: COM14

!ENTRY com.st.stm32cube.ide.mpu.remote.serial 1 1 2026-05-19 12:42:23.911
!MESSAGE port: COM11

!ENTRY com.st.stm32cube.ide.mpu.remote.serial 1 1 2026-05-19 12:42:23.911
!MESSAGE port: COM4

!ENTRY com.st.stm32cube.ide.mpu.remote.serial 1 1 2026-05-19 12:42:23.912
!MESSAGE port: COM8

!ENTRY com.st.stm32cube.ide.mpu.remote.serial 1 1 2026-05-19 12:42:23.912
!MESSAGE port: COM13

!ENTRY com.st.stm32cube.ide.mpu.remote.serial 1 1 2026-05-19 12:42:23.913
!MESSAGE port: COM12

!ENTRY com.st.stm32cube.ide.mpu.remote.serial 1 1 2026-05-19 12:42:52.163
!MESSAGE Executed PowerShell command powershell.exe -Command "Get-CimInstance -ClassName Win32_SerialPort | Select-Object -ExpandProperty DeviceID":
COM7
COM6
COM15
COM16
COM14
COM11
COM4
COM8
COM13
COM12


!ENTRY com.st.stm32cube.ide.mpu.remote.serial 1 1 2026-05-19 12:42:52.165
!MESSAGE port: COM7

!ENTRY com.st.stm32cube.ide.mpu.remote.serial 1 1 2026-05-19 12:42:52.166
!MESSAGE port: COM6

!ENTRY com.st.stm32cube.ide.mpu.remote.serial 1 1 2026-05-19 12:42:52.167
!MESSAGE port: COM15

!ENTRY com.st.stm32cube.ide.mpu.remote.serial 1 1 2026-05-19 12:42:52.168
!MESSAGE port: COM16

!ENTRY com.st.stm32cube.ide.mpu.remote.serial 1 1 2026-05-19 12:42:52.169
!MESSAGE port: COM14

!ENTRY com.st.stm32cube.ide.mpu.remote.serial 1 1 2026-05-19 12:42:52.170
!MESSAGE port: COM11

!ENTRY com.st.stm32cube.ide.mpu.remote.serial 1 1 2026-05-19 12:42:52.171
!MESSAGE port: COM4

!ENTRY com.st.stm32cube.ide.mpu.remote.serial 1 1 2026-05-19 12:42:52.171
!MESSAGE port: COM8

!ENTRY com.st.stm32cube.ide.mpu.remote.serial 1 1 2026-05-19 12:42:52.172
!MESSAGE port: COM13

!ENTRY com.st.stm32cube.ide.mpu.remote.serial 1 1 2026-05-19 12:42:52.173
!MESSAGE port: COM12

!ENTRY com.st.stm32cube.ide.mpu.remote.serial 1 1 2026-05-19 12:49:11.357
!MESSAGE Executed PowerShell command powershell.exe -Command "Get-CimInstance -ClassName Win32_SerialPort | Select-Object -ExpandProperty DeviceID":
COM7
COM6
COM15
COM16
COM14
COM11
COM4
COM8
COM13
COM12


!ENTRY com.st.stm32cube.ide.mpu.remote.serial 1 1 2026-05-19 12:49:11.359
!MESSAGE port: COM7

!ENTRY com.st.stm32cube.ide.mpu.remote.serial 1 1 2026-05-19 12:49:11.361
!MESSAGE port: COM6

!ENTRY com.st.stm32cube.ide.mpu.remote.serial 1 1 2026-05-19 12:49:11.362
!MESSAGE port: COM15

!ENTRY com.st.stm32cube.ide.mpu.remote.serial 1 1 2026-05-19 12:49:11.364
!MESSAGE port: COM16

!ENTRY com.st.stm32cube.ide.mpu.remote.serial 1 1 2026-05-19 12:49:11.366
!MESSAGE port: COM14

!ENTRY com.st.stm32cube.ide.mpu.remote.serial 1 1 2026-05-19 12:49:11.367
!MESSAGE port: COM11

!ENTRY com.st.stm32cube.ide.mpu.remote.serial 1 1 2026-05-19 12:49:11.369
!MESSAGE port: COM4

!ENTRY com.st.stm32cube.ide.mpu.remote.serial 1 1 2026-05-19 12:49:11.370
!MESSAGE port: COM8

!ENTRY com.st.stm32cube.ide.mpu.remote.serial 1 1 2026-05-19 12:49:11.371
!MESSAGE port: COM13

!ENTRY com.st.stm32cube.ide.mpu.remote.serial 1 1 2026-05-19 12:49:11.373
!MESSAGE port: COM12

!ENTRY com.st.stm32cube.ide.mpu.remote.serial 1 1 2026-05-19 12:49:40.110
!MESSAGE Executed PowerShell command powershell.exe -Command "Get-CimInstance -ClassName Win32_SerialPort | Select-Object -ExpandProperty DeviceID":
COM7
COM6
COM15
COM16
COM14
COM11
COM4
COM8
COM13
COM12


!ENTRY com.st.stm32cube.ide.mpu.remote.serial 1 1 2026-05-19 12:49:40.112
!MESSAGE port: COM7

!ENTRY com.st.stm32cube.ide.mpu.remote.serial 1 1 2026-05-19 12:49:40.113
!MESSAGE port: COM6

!ENTRY com.st.stm32cube.ide.mpu.remote.serial 1 1 2026-05-19 12:49:40.115
!MESSAGE port: COM15

!ENTRY com.st.stm32cube.ide.mpu.remote.serial 1 1 2026-05-19 12:49:40.117
!MESSAGE port: COM16

!ENTRY com.st.stm32cube.ide.mpu.remote.serial 1 1 2026-05-19 12:49:40.119
!MESSAGE port: COM14

!ENTRY com.st.stm32cube.ide.mpu.remote.serial 1 1 2026-05-19 12:49:40.121
!MESSAGE port: COM11

!ENTRY com.st.stm32cube.ide.mpu.remote.serial 1 1 2026-05-19 12:49:40.122
!MESSAGE port: COM4

!ENTRY com.st.stm32cube.ide.mpu.remote.serial 1 1 2026-05-19 12:49:40.124
!MESSAGE port: COM8

!ENTRY com.st.stm32cube.ide.mpu.remote.serial 1 1 2026-05-19 12:49:40.125
!MESSAGE port: COM13

!ENTRY com.st.stm32cube.ide.mpu.remote.serial 1 1 2026-05-19 12:49:40.127
!MESSAGE port: COM12

!ENTRY com.st.stm32cube.ide.mpu.remote.serial 1 1 2026-05-19 12:50:08.820
!MESSAGE Executed PowerShell command powershell.exe -Command "Get-CimInstance -ClassName Win32_SerialPort | Select-Object -ExpandProperty DeviceID":
COM7
COM6
COM15
COM16
COM14
COM11
COM4
COM8
COM13
COM12


!ENTRY com.st.stm32cube.ide.mpu.remote.serial 1 1 2026-05-19 12:50:08.823
!MESSAGE port: COM7

!ENTRY com.st.stm32cube.ide.mpu.remote.serial 1 1 2026-05-19 12:50:08.824
!MESSAGE port: COM6

!ENTRY com.st.stm32cube.ide.mpu.remote.serial 1 1 2026-05-19 12:50:08.826
!MESSAGE port: COM15

!ENTRY com.st.stm32cube.ide.mpu.remote.serial 1 1 2026-05-19 12:50:08.828
!MESSAGE port: COM16

!ENTRY com.st.stm32cube.ide.mpu.remote.serial 1 1 2026-05-19 12:50:08.830
!MESSAGE port: COM14

!ENTRY com.st.stm32cube.ide.mpu.remote.serial 1 1 2026-05-19 12:50:08.832
!MESSAGE port: COM11

!ENTRY com.st.stm32cube.ide.mpu.remote.serial 1 1 2026-05-19 12:50:08.833
!MESSAGE port: COM4

!ENTRY com.st.stm32cube.ide.mpu.remote.serial 1 1 2026-05-19 12:50:08.835
!MESSAGE port: COM8

!ENTRY com.st.stm32cube.ide.mpu.remote.serial 1 1 2026-05-19 12:50:08.837
!MESSAGE port: COM13

!ENTRY com.st.stm32cube.ide.mpu.remote.serial 1 1 2026-05-19 12:50:08.838
!MESSAGE port: COM12

!ENTRY com.st.stm32cube.ide.mpu.remote.serial 1 1 2026-05-19 12:51:04.697
!MESSAGE Executed PowerShell command powershell.exe -Command "Get-CimInstance -ClassName Win32_SerialPort | Select-Object -ExpandProperty DeviceID":
COM7
COM6
COM15
COM16
COM14
COM11
COM4
COM8
COM13
COM12


!ENTRY com.st.stm32cube.ide.mpu.remote.serial 1 1 2026-05-19 12:51:04.700
!MESSAGE port: COM7

!ENTRY com.st.stm32cube.ide.mpu.remote.serial 1 1 2026-05-19 12:51:04.702
!MESSAGE port: COM6

!ENTRY com.st.stm32cube.ide.mpu.remote.serial 1 1 2026-05-19 12:51:04.703
!MESSAGE port: COM15

!ENTRY com.st.stm32cube.ide.mpu.remote.serial 1 1 2026-05-19 12:51:04.705
!MESSAGE port: COM16

!ENTRY com.st.stm32cube.ide.mpu.remote.serial 1 1 2026-05-19 12:51:04.707
!MESSAGE port: COM14

!ENTRY com.st.stm32cube.ide.mpu.remote.serial 1 1 2026-05-19 12:51:04.709
!MESSAGE port: COM11

!ENTRY com.st.stm32cube.ide.mpu.remote.serial 1 1 2026-05-19 12:51:04.710
!MESSAGE port: COM4

!ENTRY com.st.stm32cube.ide.mpu.remote.serial 1 1 2026-05-19 12:51:04.712
!MESSAGE port: COM8

!ENTRY com.st.stm32cube.ide.mpu.remote.serial 1 1 2026-05-19 12:51:04.714
!MESSAGE port: COM13

!ENTRY com.st.stm32cube.ide.mpu.remote.serial 1 1 2026-05-19 12:51:04.715
!MESSAGE port: COM12

!ENTRY com.st.stm32cube.ide.mpu.remote.serial 1 1 2026-05-19 12:51:36.975
!MESSAGE Executed PowerShell command powershell.exe -Command "Get-CimInstance -ClassName Win32_SerialPort | Select-Object -ExpandProperty DeviceID":
COM7
COM6
COM15
COM16
COM14
COM11
COM4
COM8
COM13
COM12


!ENTRY com.st.stm32cube.ide.mpu.remote.serial 1 1 2026-05-19 12:51:36.976
!MESSAGE port: COM7

!ENTRY com.st.stm32cube.ide.mpu.remote.serial 1 1 2026-05-19 12:51:36.977
!MESSAGE port: COM6

!ENTRY com.st.stm32cube.ide.mpu.remote.serial 1 1 2026-05-19 12:51:36.978
!MESSAGE port: COM15

!ENTRY com.st.stm32cube.ide.mpu.remote.serial 1 1 2026-05-19 12:51:36.979
!MESSAGE port: COM16

!ENTRY com.st.stm32cube.ide.mpu.remote.serial 1 1 2026-05-19 12:51:36.980
!MESSAGE port: COM14

!ENTRY com.st.stm32cube.ide.mpu.remote.serial 1 1 2026-05-19 12:51:36.981
!MESSAGE port: COM11

!ENTRY com.st.stm32cube.ide.mpu.remote.serial 1 1 2026-05-19 12:51:36.982
!MESSAGE port: COM4

!ENTRY com.st.stm32cube.ide.mpu.remote.serial 1 1 2026-05-19 12:51:36.983
!MESSAGE port: COM8

!ENTRY com.st.stm32cube.ide.mpu.remote.serial 1 1 2026-05-19 12:51:36.984
!MESSAGE port: COM13

!ENTRY com.st.stm32cube.ide.mpu.remote.serial 1 1 2026-05-19 12:51:36.984
!MESSAGE port: COM12

!ENTRY com.st.stm32cube.ide.mpu.remote.serial 1 1 2026-05-19 12:52:05.564
!MESSAGE Executed PowerShell command powershell.exe -Command "Get-CimInstance -ClassName Win32_SerialPort | Select-Object -ExpandProperty DeviceID":
COM7
COM6
COM15
COM16
COM14
COM11
COM4
COM8
COM13
COM12


!ENTRY com.st.stm32cube.ide.mpu.remote.serial 1 1 2026-05-19 12:52:05.567
!MESSAGE port: COM7

!ENTRY com.st.stm32cube.ide.mpu.remote.serial 1 1 2026-05-19 12:52:05.569
!MESSAGE port: COM6

!ENTRY com.st.stm32cube.ide.mpu.remote.serial 1 1 2026-05-19 12:52:05.571
!MESSAGE port: COM15

!ENTRY com.st.stm32cube.ide.mpu.remote.serial 1 1 2026-05-19 12:52:05.572
!MESSAGE port: COM16

!ENTRY com.st.stm32cube.ide.mpu.remote.serial 1 1 2026-05-19 12:52:05.574
!MESSAGE port: COM14

!ENTRY com.st.stm32cube.ide.mpu.remote.serial 1 1 2026-05-19 12:52:05.575
!MESSAGE port: COM11

!ENTRY com.st.stm32cube.ide.mpu.remote.serial 1 1 2026-05-19 12:52:05.577
!MESSAGE port: COM4

!ENTRY com.st.stm32cube.ide.mpu.remote.serial 1 1 2026-05-19 12:52:05.578
!MESSAGE port: COM8

!ENTRY com.st.stm32cube.ide.mpu.remote.serial 1 1 2026-05-19 12:52:05.580
!MESSAGE port: COM13

!ENTRY com.st.stm32cube.ide.mpu.remote.serial 1 1 2026-05-19 12:52:05.581
!MESSAGE port: COM12
!SESSION 2026-05-19 19:09:52.329 -----------------------------------------------
eclipse.buildId=Version 2.1.1
java.version=21.0.9
java.vendor=Eclipse Adoptium
BootLoader constants: OS=win32, ARCH=x86_64, WS=win32, NL=es_AR
Command-line arguments:  -os win32 -ws win32 -arch x86_64

!ENTRY com.st.stm32cube.ide.mcu.informationcenter 1 1 2026-05-19 19:10:12.438
!MESSAGE Log4j2 initialized with config file C:\Users\franc\STM32CubeIDE\workspace_2.1.2\.metadata\.log4j2.xml

!ENTRY com.st.stm32cube.ide.mcu.ide 1 1 2026-05-19 19:10:39.737
!MESSAGE Started RMI Server, listening on port 41337

!ENTRY com.st.stm32cube.ide.mpu.remote.serial 1 1 2026-05-19 19:11:11.450
!MESSAGE Executed PowerShell command powershell.exe -Command "Get-CimInstance -ClassName Win32_SerialPort | Select-Object -ExpandProperty DeviceID":
COM7
COM6
COM15
COM16
COM14
COM11
COM4
COM8
COM13
COM12


!ENTRY com.st.stm32cube.ide.mpu.remote.serial 1 1 2026-05-19 19:11:11.451
!MESSAGE port: COM7

!ENTRY com.st.stm32cube.ide.mpu.remote.serial 1 1 2026-05-19 19:11:11.452
!MESSAGE port: COM6

!ENTRY com.st.stm32cube.ide.mpu.remote.serial 1 1 2026-05-19 19:11:11.453
!MESSAGE port: COM15

!ENTRY com.st.stm32cube.ide.mpu.remote.serial 1 1 2026-05-19 19:11:11.454
!MESSAGE port: COM16

!ENTRY com.st.stm32cube.ide.mpu.remote.serial 1 1 2026-05-19 19:11:11.456
!MESSAGE port: COM14

!ENTRY com.st.stm32cube.ide.mpu.remote.serial 1 1 2026-05-19 19:11:11.456
!MESSAGE port: COM11

!ENTRY com.st.stm32cube.ide.mpu.remote.serial 1 1 2026-05-19 19:11:11.457
!MESSAGE port: COM4

!ENTRY com.st.stm32cube.ide.mpu.remote.serial 1 1 2026-05-19 19:11:11.459
!MESSAGE port: COM8

!ENTRY com.st.stm32cube.ide.mpu.remote.serial 1 1 2026-05-19 19:11:11.460
!MESSAGE port: COM13

!ENTRY com.st.stm32cube.ide.mpu.remote.serial 1 1 2026-05-19 19:11:11.461
!MESSAGE port: COM12

!ENTRY com.st.stm32cube.ide.mpu.remote.serial 1 1 2026-05-19 19:13:59.463
!MESSAGE Executed PowerShell command powershell.exe -Command "Get-CimInstance -ClassName Win32_SerialPort | Select-Object -ExpandProperty DeviceID":
COM7
COM6
COM15
COM16
COM14
COM11
COM4
COM8
COM13
COM12


!ENTRY com.st.stm32cube.ide.mpu.remote.serial 1 1 2026-05-19 19:13:59.463
!MESSAGE port: COM7

!ENTRY com.st.stm32cube.ide.mpu.remote.serial 1 1 2026-05-19 19:13:59.465
!MESSAGE port: COM6

!ENTRY com.st.stm32cube.ide.mpu.remote.serial 1 1 2026-05-19 19:13:59.467
!MESSAGE port: COM15

!ENTRY com.st.stm32cube.ide.mpu.remote.serial 1 1 2026-05-19 19:13:59.469
!MESSAGE port: COM16

!ENTRY com.st.stm32cube.ide.mpu.remote.serial 1 1 2026-05-19 19:13:59.471
!MESSAGE port: COM14

!ENTRY com.st.stm32cube.ide.mpu.remote.serial 1 1 2026-05-19 19:13:59.471
!MESSAGE port: COM11

!ENTRY com.st.stm32cube.ide.mpu.remote.serial 1 1 2026-05-19 19:13:59.471
!MESSAGE port: COM4

!ENTRY com.st.stm32cube.ide.mpu.remote.serial 1 1 2026-05-19 19:13:59.473
!MESSAGE port: COM8

!ENTRY com.st.stm32cube.ide.mpu.remote.serial 1 1 2026-05-19 19:13:59.475
!MESSAGE port: COM13

!ENTRY com.st.stm32cube.ide.mpu.remote.serial 1 1 2026-05-19 19:13:59.477
!MESSAGE port: COM12

!ENTRY com.st.stm32cube.ide.mpu.remote.serial 1 1 2026-05-19 19:15:14.089
!MESSAGE Executed PowerShell command powershell.exe -Command "Get-CimInstance -ClassName Win32_SerialPort | Select-Object -ExpandProperty DeviceID":
COM7
COM6
COM15
COM16
COM14
COM11
COM4
COM8
COM13
COM12


!ENTRY com.st.stm32cube.ide.mpu.remote.serial 1 1 2026-05-19 19:15:14.090
!MESSAGE port: COM7

!ENTRY com.st.stm32cube.ide.mpu.remote.serial 1 1 2026-05-19 19:15:14.091
!MESSAGE port: COM6

!ENTRY com.st.stm32cube.ide.mpu.remote.serial 1 1 2026-05-19 19:15:14.092
!MESSAGE port: COM15

!ENTRY com.st.stm32cube.ide.mpu.remote.serial 1 1 2026-05-19 19:15:14.094
!MESSAGE port: COM16

!ENTRY com.st.stm32cube.ide.mpu.remote.serial 1 1 2026-05-19 19:15:14.095
!MESSAGE port: COM14

!ENTRY com.st.stm32cube.ide.mpu.remote.serial 1 1 2026-05-19 19:15:14.096
!MESSAGE port: COM11

!ENTRY com.st.stm32cube.ide.mpu.remote.serial 1 1 2026-05-19 19:15:14.097
!MESSAGE port: COM4

!ENTRY com.st.stm32cube.ide.mpu.remote.serial 1 1 2026-05-19 19:15:14.099
!MESSAGE port: COM8

!ENTRY com.st.stm32cube.ide.mpu.remote.serial 1 1 2026-05-19 19:15:14.104
!MESSAGE port: COM13

!ENTRY com.st.stm32cube.ide.mpu.remote.serial 1 1 2026-05-19 19:15:14.105
!MESSAGE port: COM12

!ENTRY com.st.stm32cube.ide.mpu.remote.serial 1 1 2026-05-19 19:15:43.399
!MESSAGE Executed PowerShell command powershell.exe -Command "Get-CimInstance -ClassName Win32_SerialPort | Select-Object -ExpandProperty DeviceID":
COM7
COM6
COM15
COM16
COM14
COM11
COM4
COM8
COM13
COM12


!ENTRY com.st.stm32cube.ide.mpu.remote.serial 1 1 2026-05-19 19:15:43.408
!MESSAGE port: COM7

!ENTRY com.st.stm32cube.ide.mpu.remote.serial 1 1 2026-05-19 19:15:43.412
!MESSAGE port: COM6

!ENTRY com.st.stm32cube.ide.mpu.remote.serial 1 1 2026-05-19 19:15:43.421
!MESSAGE port: COM15

!ENTRY com.st.stm32cube.ide.mpu.remote.serial 1 1 2026-05-19 19:15:43.435
!MESSAGE port: COM16

!ENTRY com.st.stm32cube.ide.mpu.remote.serial 1 1 2026-05-19 19:15:43.445
!MESSAGE port: COM14

!ENTRY com.st.stm32cube.ide.mpu.remote.serial 1 1 2026-05-19 19:15:43.453
!MESSAGE port: COM11

!ENTRY com.st.stm32cube.ide.mpu.remote.serial 1 1 2026-05-19 19:15:43.458
!MESSAGE port: COM4

!ENTRY com.st.stm32cube.ide.mpu.remote.serial 1 1 2026-05-19 19:15:43.459
!MESSAGE port: COM8

!ENTRY com.st.stm32cube.ide.mpu.remote.serial 1 1 2026-05-19 19:15:43.461
!MESSAGE port: COM13

!ENTRY com.st.stm32cube.ide.mpu.remote.serial 1 1 2026-05-19 19:15:43.461
!MESSAGE port: COM12

!ENTRY com.st.stm32cube.ide.mpu.remote.serial 1 1 2026-05-19 19:21:41.199
!MESSAGE Executed PowerShell command powershell.exe -Command "Get-CimInstance -ClassName Win32_SerialPort | Select-Object -ExpandProperty DeviceID":
COM7
COM6
COM15
COM16
COM14
COM11
COM4
COM8
COM13
COM12


!ENTRY com.st.stm32cube.ide.mpu.remote.serial 1 1 2026-05-19 19:21:41.202
!MESSAGE port: COM7

!ENTRY com.st.stm32cube.ide.mpu.remote.serial 1 1 2026-05-19 19:21:41.204
!MESSAGE port: COM6

!ENTRY com.st.stm32cube.ide.mpu.remote.serial 1 1 2026-05-19 19:21:41.205
!MESSAGE port: COM15

!ENTRY com.st.stm32cube.ide.mpu.remote.serial 1 1 2026-05-19 19:21:41.207
!MESSAGE port: COM16

!ENTRY com.st.stm32cube.ide.mpu.remote.serial 1 1 2026-05-19 19:21:41.207
!MESSAGE port: COM14

!ENTRY com.st.stm32cube.ide.mpu.remote.serial 1 1 2026-05-19 19:21:41.210
!MESSAGE port: COM11

!ENTRY com.st.stm32cube.ide.mpu.remote.serial 1 1 2026-05-19 19:21:41.215
!MESSAGE port: COM4

!ENTRY com.st.stm32cube.ide.mpu.remote.serial 1 1 2026-05-19 19:21:41.215
!MESSAGE port: COM8

!ENTRY com.st.stm32cube.ide.mpu.remote.serial 1 1 2026-05-19 19:21:41.215
!MESSAGE port: COM13

!ENTRY com.st.stm32cube.ide.mpu.remote.serial 1 1 2026-05-19 19:21:41.219
!MESSAGE port: COM12

!ENTRY com.st.stm32cube.ide.mpu.remote.serial 1 1 2026-05-19 19:22:10.497
!MESSAGE Executed PowerShell command powershell.exe -Command "Get-CimInstance -ClassName Win32_SerialPort | Select-Object -ExpandProperty DeviceID":
COM7
COM6
COM15
COM16
COM14
COM11
COM4
COM8
COM13
COM12


!ENTRY com.st.stm32cube.ide.mpu.remote.serial 1 1 2026-05-19 19:22:10.499
!MESSAGE port: COM7

!ENTRY com.st.stm32cube.ide.mpu.remote.serial 1 1 2026-05-19 19:22:10.501
!MESSAGE port: COM6

!ENTRY com.st.stm32cube.ide.mpu.remote.serial 1 1 2026-05-19 19:22:10.501
!MESSAGE port: COM15

!ENTRY com.st.stm32cube.ide.mpu.remote.serial 1 1 2026-05-19 19:22:10.503
!MESSAGE port: COM16

!ENTRY com.st.stm32cube.ide.mpu.remote.serial 1 1 2026-05-19 19:22:10.505
!MESSAGE port: COM14

!ENTRY com.st.stm32cube.ide.mpu.remote.serial 1 1 2026-05-19 19:22:10.505
!MESSAGE port: COM11

!ENTRY com.st.stm32cube.ide.mpu.remote.serial 1 1 2026-05-19 19:22:10.507
!MESSAGE port: COM4

!ENTRY com.st.stm32cube.ide.mpu.remote.serial 1 1 2026-05-19 19:22:10.507
!MESSAGE port: COM8

!ENTRY com.st.stm32cube.ide.mpu.remote.serial 1 1 2026-05-19 19:22:10.509
!MESSAGE port: COM13

!ENTRY com.st.stm32cube.ide.mpu.remote.serial 1 1 2026-05-19 19:22:10.509
!MESSAGE port: COM12

!ENTRY com.st.stm32cube.ide.mpu.remote.serial 1 1 2026-05-19 19:24:15.819
!MESSAGE Executed PowerShell command powershell.exe -Command "Get-CimInstance -ClassName Win32_SerialPort | Select-Object -ExpandProperty DeviceID":
COM7
COM6
COM15
COM16
COM14
COM11
COM4
COM8
COM13
COM12


!ENTRY com.st.stm32cube.ide.mpu.remote.serial 1 1 2026-05-19 19:24:15.819
!MESSAGE port: COM7

!ENTRY com.st.stm32cube.ide.mpu.remote.serial 1 1 2026-05-19 19:24:15.821
!MESSAGE port: COM6

!ENTRY com.st.stm32cube.ide.mpu.remote.serial 1 1 2026-05-19 19:24:15.821
!MESSAGE port: COM15

!ENTRY com.st.stm32cube.ide.mpu.remote.serial 1 1 2026-05-19 19:24:15.823
!MESSAGE port: COM16

!ENTRY com.st.stm32cube.ide.mpu.remote.serial 1 1 2026-05-19 19:24:15.823
!MESSAGE port: COM14

!ENTRY com.st.stm32cube.ide.mpu.remote.serial 1 1 2026-05-19 19:24:15.823
!MESSAGE port: COM11

!ENTRY com.st.stm32cube.ide.mpu.remote.serial 1 1 2026-05-19 19:24:15.826
!MESSAGE port: COM4

!ENTRY com.st.stm32cube.ide.mpu.remote.serial 1 1 2026-05-19 19:24:15.826
!MESSAGE port: COM8

!ENTRY com.st.stm32cube.ide.mpu.remote.serial 1 1 2026-05-19 19:24:15.826
!MESSAGE port: COM13

!ENTRY com.st.stm32cube.ide.mpu.remote.serial 1 1 2026-05-19 19:24:15.826
!MESSAGE port: COM12

!ENTRY com.st.stm32cube.ide.mpu.remote.serial 1 1 2026-05-19 19:24:45.227
!MESSAGE Executed PowerShell command powershell.exe -Command "Get-CimInstance -ClassName Win32_SerialPort | Select-Object -ExpandProperty DeviceID":
COM7
COM6
COM15
COM16
COM14
COM11
COM4
COM8
COM13
COM12


!ENTRY com.st.stm32cube.ide.mpu.remote.serial 1 1 2026-05-19 19:24:45.227
!MESSAGE port: COM7

!ENTRY com.st.stm32cube.ide.mpu.remote.serial 1 1 2026-05-19 19:24:45.229
!MESSAGE port: COM6

!ENTRY com.st.stm32cube.ide.mpu.remote.serial 1 1 2026-05-19 19:24:45.231
!MESSAGE port: COM15

!ENTRY com.st.stm32cube.ide.mpu.remote.serial 1 1 2026-05-19 19:24:45.232
!MESSAGE port: COM16

!ENTRY com.st.stm32cube.ide.mpu.remote.serial 1 1 2026-05-19 19:24:45.232
!MESSAGE port: COM14

!ENTRY com.st.stm32cube.ide.mpu.remote.serial 1 1 2026-05-19 19:24:45.233
!MESSAGE port: COM11

!ENTRY com.st.stm32cube.ide.mpu.remote.serial 1 1 2026-05-19 19:24:45.235
!MESSAGE port: COM4

!ENTRY com.st.stm32cube.ide.mpu.remote.serial 1 1 2026-05-19 19:24:45.235
!MESSAGE port: COM8

!ENTRY com.st.stm32cube.ide.mpu.remote.serial 1 1 2026-05-19 19:24:45.237
!MESSAGE port: COM13

!ENTRY com.st.stm32cube.ide.mpu.remote.serial 1 1 2026-05-19 19:24:45.238
!MESSAGE port: COM12

!ENTRY com.st.stm32cube.ide.mpu.remote.serial 1 1 2026-05-19 19:26:33.129
!MESSAGE Executed PowerShell command powershell.exe -Command "Get-CimInstance -ClassName Win32_SerialPort | Select-Object -ExpandProperty DeviceID":
COM7
COM6
COM15
COM16
COM14
COM11
COM4
COM8
COM13
COM12


!ENTRY com.st.stm32cube.ide.mpu.remote.serial 1 1 2026-05-19 19:26:33.133
!MESSAGE port: COM7

!ENTRY com.st.stm32cube.ide.mpu.remote.serial 1 1 2026-05-19 19:26:33.135
!MESSAGE port: COM6

!ENTRY com.st.stm32cube.ide.mpu.remote.serial 1 1 2026-05-19 19:26:33.135
!MESSAGE port: COM15

!ENTRY com.st.stm32cube.ide.mpu.remote.serial 1 1 2026-05-19 19:26:33.137
!MESSAGE port: COM16

!ENTRY com.st.stm32cube.ide.mpu.remote.serial 1 1 2026-05-19 19:26:33.139
!MESSAGE port: COM14

!ENTRY com.st.stm32cube.ide.mpu.remote.serial 1 1 2026-05-19 19:26:33.141
!MESSAGE port: COM11

!ENTRY com.st.stm32cube.ide.mpu.remote.serial 1 1 2026-05-19 19:26:33.146
!MESSAGE port: COM4

!ENTRY com.st.stm32cube.ide.mpu.remote.serial 1 1 2026-05-19 19:26:33.148
!MESSAGE port: COM8

!ENTRY com.st.stm32cube.ide.mpu.remote.serial 1 1 2026-05-19 19:26:33.150
!MESSAGE port: COM13

!ENTRY com.st.stm32cube.ide.mpu.remote.serial 1 1 2026-05-19 19:26:33.150
!MESSAGE port: COM12

!ENTRY com.st.stm32cube.ide.mpu.remote.serial 1 1 2026-05-19 19:27:48.199
!MESSAGE Executed PowerShell command powershell.exe -Command "Get-CimInstance -ClassName Win32_SerialPort | Select-Object -ExpandProperty DeviceID":
COM7
COM6
COM15
COM16
COM14
COM11
COM4
COM8
COM13
COM12


!ENTRY com.st.stm32cube.ide.mpu.remote.serial 1 1 2026-05-19 19:27:48.201
!MESSAGE port: COM7

!ENTRY com.st.stm32cube.ide.mpu.remote.serial 1 1 2026-05-19 19:27:48.201
!MESSAGE port: COM6

!ENTRY com.st.stm32cube.ide.mpu.remote.serial 1 1 2026-05-19 19:27:48.203
!MESSAGE port: COM15

!ENTRY com.st.stm32cube.ide.mpu.remote.serial 1 1 2026-05-19 19:27:48.203
!MESSAGE port: COM16

!ENTRY com.st.stm32cube.ide.mpu.remote.serial 1 1 2026-05-19 19:27:48.205
!MESSAGE port: COM14

!ENTRY com.st.stm32cube.ide.mpu.remote.serial 1 1 2026-05-19 19:27:48.205
!MESSAGE port: COM11

!ENTRY com.st.stm32cube.ide.mpu.remote.serial 1 1 2026-05-19 19:27:48.205
!MESSAGE port: COM4

!ENTRY com.st.stm32cube.ide.mpu.remote.serial 1 1 2026-05-19 19:27:48.207
!MESSAGE port: COM8

!ENTRY com.st.stm32cube.ide.mpu.remote.serial 1 1 2026-05-19 19:27:48.207
!MESSAGE port: COM13

!ENTRY com.st.stm32cube.ide.mpu.remote.serial 1 1 2026-05-19 19:27:48.209
!MESSAGE port: COM12

!ENTRY com.st.stm32cube.ide.mpu.remote.serial 1 1 2026-05-19 19:32:47.036
!MESSAGE Executed PowerShell command powershell.exe -Command "Get-CimInstance -ClassName Win32_SerialPort | Select-Object -ExpandProperty DeviceID":
COM7
COM6
COM15
COM16
COM14
COM11
COM4
COM8
COM13
COM12


!ENTRY com.st.stm32cube.ide.mpu.remote.serial 1 1 2026-05-19 19:32:47.037
!MESSAGE port: COM7

!ENTRY com.st.stm32cube.ide.mpu.remote.serial 1 1 2026-05-19 19:32:47.038
!MESSAGE port: COM6

!ENTRY com.st.stm32cube.ide.mpu.remote.serial 1 1 2026-05-19 19:32:47.039
!MESSAGE port: COM15

!ENTRY com.st.stm32cube.ide.mpu.remote.serial 1 1 2026-05-19 19:32:47.039
!MESSAGE port: COM16

!ENTRY com.st.stm32cube.ide.mpu.remote.serial 1 1 2026-05-19 19:32:47.040
!MESSAGE port: COM14

!ENTRY com.st.stm32cube.ide.mpu.remote.serial 1 1 2026-05-19 19:32:47.040
!MESSAGE port: COM11

!ENTRY com.st.stm32cube.ide.mpu.remote.serial 1 1 2026-05-19 19:32:47.041
!MESSAGE port: COM4

!ENTRY com.st.stm32cube.ide.mpu.remote.serial 1 1 2026-05-19 19:32:47.042
!MESSAGE port: COM8

!ENTRY com.st.stm32cube.ide.mpu.remote.serial 1 1 2026-05-19 19:32:47.047
!MESSAGE port: COM13

!ENTRY com.st.stm32cube.ide.mpu.remote.serial 1 1 2026-05-19 19:32:47.048
!MESSAGE port: COM12

!ENTRY com.st.stm32cube.ide.mpu.remote.serial 1 1 2026-05-19 19:33:16.337
!MESSAGE Executed PowerShell command powershell.exe -Command "Get-CimInstance -ClassName Win32_SerialPort | Select-Object -ExpandProperty DeviceID":
COM7
COM6
COM15
COM16
COM14
COM11
COM4
COM8
COM13
COM12


!ENTRY com.st.stm32cube.ide.mpu.remote.serial 1 1 2026-05-19 19:33:16.338
!MESSAGE port: COM7

!ENTRY com.st.stm32cube.ide.mpu.remote.serial 1 1 2026-05-19 19:33:16.339
!MESSAGE port: COM6

!ENTRY com.st.stm32cube.ide.mpu.remote.serial 1 1 2026-05-19 19:33:16.339
!MESSAGE port: COM15

!ENTRY com.st.stm32cube.ide.mpu.remote.serial 1 1 2026-05-19 19:33:16.341
!MESSAGE port: COM16

!ENTRY com.st.stm32cube.ide.mpu.remote.serial 1 1 2026-05-19 19:33:16.345
!MESSAGE port: COM14

!ENTRY com.st.stm32cube.ide.mpu.remote.serial 1 1 2026-05-19 19:33:16.347
!MESSAGE port: COM11

!ENTRY com.st.stm32cube.ide.mpu.remote.serial 1 1 2026-05-19 19:33:16.348
!MESSAGE port: COM4

!ENTRY com.st.stm32cube.ide.mpu.remote.serial 1 1 2026-05-19 19:33:16.349
!MESSAGE port: COM8

!ENTRY com.st.stm32cube.ide.mpu.remote.serial 1 1 2026-05-19 19:33:16.352
!MESSAGE port: COM13

!ENTRY com.st.stm32cube.ide.mpu.remote.serial 1 1 2026-05-19 19:33:16.353
!MESSAGE port: COM12

!ENTRY com.st.stm32cube.ide.mpu.remote.serial 1 1 2026-05-19 19:37:46.854
!MESSAGE Executed PowerShell command powershell.exe -Command "Get-CimInstance -ClassName Win32_SerialPort | Select-Object -ExpandProperty DeviceID":
COM7
COM6
COM15
COM16
COM14
COM11
COM4
COM8
COM13
COM12


!ENTRY com.st.stm32cube.ide.mpu.remote.serial 1 1 2026-05-19 19:37:46.856
!MESSAGE port: COM7

!ENTRY com.st.stm32cube.ide.mpu.remote.serial 1 1 2026-05-19 19:37:46.858
!MESSAGE port: COM6

!ENTRY com.st.stm32cube.ide.mpu.remote.serial 1 1 2026-05-19 19:37:46.858
!MESSAGE port: COM15

!ENTRY com.st.stm32cube.ide.mpu.remote.serial 1 1 2026-05-19 19:37:46.859
!MESSAGE port: COM16

!ENTRY com.st.stm32cube.ide.mpu.remote.serial 1 1 2026-05-19 19:37:46.859
!MESSAGE port: COM14

!ENTRY com.st.stm32cube.ide.mpu.remote.serial 1 1 2026-05-19 19:37:46.861
!MESSAGE port: COM11

!ENTRY com.st.stm32cube.ide.mpu.remote.serial 1 1 2026-05-19 19:37:46.861
!MESSAGE port: COM4

!ENTRY com.st.stm32cube.ide.mpu.remote.serial 1 1 2026-05-19 19:37:46.863
!MESSAGE port: COM8

!ENTRY com.st.stm32cube.ide.mpu.remote.serial 1 1 2026-05-19 19:37:46.865
!MESSAGE port: COM13

!ENTRY com.st.stm32cube.ide.mpu.remote.serial 1 1 2026-05-19 19:37:46.865
!MESSAGE port: COM12

!ENTRY com.st.stm32cube.ide.mpu.remote.serial 1 1 2026-05-19 19:39:29.474
!MESSAGE Executed PowerShell command powershell.exe -Command "Get-CimInstance -ClassName Win32_SerialPort | Select-Object -ExpandProperty DeviceID":
COM7
COM6
COM15
COM16
COM14
COM11
COM4
COM8
COM13
COM12


!ENTRY com.st.stm32cube.ide.mpu.remote.serial 1 1 2026-05-19 19:39:29.476
!MESSAGE port: COM7

!ENTRY com.st.stm32cube.ide.mpu.remote.serial 1 1 2026-05-19 19:39:29.476
!MESSAGE port: COM6

!ENTRY com.st.stm32cube.ide.mpu.remote.serial 1 1 2026-05-19 19:39:29.476
!MESSAGE port: COM15

!ENTRY com.st.stm32cube.ide.mpu.remote.serial 1 1 2026-05-19 19:39:29.476
!MESSAGE port: COM16

!ENTRY com.st.stm32cube.ide.mpu.remote.serial 1 1 2026-05-19 19:39:29.482
!MESSAGE port: COM14

!ENTRY com.st.stm32cube.ide.mpu.remote.serial 1 1 2026-05-19 19:39:29.484
!MESSAGE port: COM11

!ENTRY com.st.stm32cube.ide.mpu.remote.serial 1 1 2026-05-19 19:39:29.486
!MESSAGE port: COM4

!ENTRY com.st.stm32cube.ide.mpu.remote.serial 1 1 2026-05-19 19:39:29.486
!MESSAGE port: COM8

!ENTRY com.st.stm32cube.ide.mpu.remote.serial 1 1 2026-05-19 19:39:29.488
!MESSAGE port: COM13

!ENTRY com.st.stm32cube.ide.mpu.remote.serial 1 1 2026-05-19 19:39:29.488
!MESSAGE port: COM12

!ENTRY com.st.stm32cube.ide.mpu.remote.serial 1 1 2026-05-19 19:43:13.574
!MESSAGE Executed PowerShell command powershell.exe -Command "Get-CimInstance -ClassName Win32_SerialPort | Select-Object -ExpandProperty DeviceID":
COM7
COM6
COM15
COM16
COM14
COM11
COM4
COM8
COM13
COM12


!ENTRY com.st.stm32cube.ide.mpu.remote.serial 1 1 2026-05-19 19:43:13.576
!MESSAGE port: COM7

!ENTRY com.st.stm32cube.ide.mpu.remote.serial 1 1 2026-05-19 19:43:13.578
!MESSAGE port: COM6

!ENTRY com.st.stm32cube.ide.mpu.remote.serial 1 1 2026-05-19 19:43:13.578
!MESSAGE port: COM15

!ENTRY com.st.stm32cube.ide.mpu.remote.serial 1 1 2026-05-19 19:43:13.579
!MESSAGE port: COM16

!ENTRY com.st.stm32cube.ide.mpu.remote.serial 1 1 2026-05-19 19:43:13.580
!MESSAGE port: COM14

!ENTRY com.st.stm32cube.ide.mpu.remote.serial 1 1 2026-05-19 19:43:13.580
!MESSAGE port: COM11

!ENTRY com.st.stm32cube.ide.mpu.remote.serial 1 1 2026-05-19 19:43:13.581
!MESSAGE port: COM4

!ENTRY com.st.stm32cube.ide.mpu.remote.serial 1 1 2026-05-19 19:43:13.581
!MESSAGE port: COM8

!ENTRY com.st.stm32cube.ide.mpu.remote.serial 1 1 2026-05-19 19:43:13.582
!MESSAGE port: COM13

!ENTRY com.st.stm32cube.ide.mpu.remote.serial 1 1 2026-05-19 19:43:13.583
!MESSAGE port: COM12

!ENTRY org.eclipse.cdt.core 1 0 2026-05-19 19:49:38.928
!MESSAGE Indexed 'sologps' (21 sources, 154 headers) in 14,1 sec: 17.125 declarations; 66.871 references; 1 unresolved inclusions; 76 syntax errors; 240 unresolved names (0,28 %)

!ENTRY com.st.stm32cube.ide.mpu.remote.serial 1 1 2026-05-19 19:51:07.913
!MESSAGE Executed PowerShell command powershell.exe -Command "Get-CimInstance -ClassName Win32_SerialPort | Select-Object -ExpandProperty DeviceID":
COM7
COM6
COM15
COM16
COM14
COM11
COM4
COM8
COM13
COM12


!ENTRY com.st.stm32cube.ide.mpu.remote.serial 1 1 2026-05-19 19:51:07.915
!MESSAGE port: COM7

!ENTRY com.st.stm32cube.ide.mpu.remote.serial 1 1 2026-05-19 19:51:07.915
!MESSAGE port: COM6

!ENTRY com.st.stm32cube.ide.mpu.remote.serial 1 1 2026-05-19 19:51:07.917
!MESSAGE port: COM15

!ENTRY com.st.stm32cube.ide.mpu.remote.serial 1 1 2026-05-19 19:51:07.917
!MESSAGE port: COM16

!ENTRY com.st.stm32cube.ide.mpu.remote.serial 1 1 2026-05-19 19:51:07.919
!MESSAGE port: COM14

!ENTRY com.st.stm32cube.ide.mpu.remote.serial 1 1 2026-05-19 19:51:07.920
!MESSAGE port: COM11

!ENTRY com.st.stm32cube.ide.mpu.remote.serial 1 1 2026-05-19 19:51:07.921
!MESSAGE port: COM4

!ENTRY com.st.stm32cube.ide.mpu.remote.serial 1 1 2026-05-19 19:51:07.927
!MESSAGE port: COM8

!ENTRY com.st.stm32cube.ide.mpu.remote.serial 1 1 2026-05-19 19:51:07.927
!MESSAGE port: COM13

!ENTRY com.st.stm32cube.ide.mpu.remote.serial 1 1 2026-05-19 19:51:07.929
!MESSAGE port: COM12

!ENTRY com.st.stm32cube.ide.mpu.remote.serial 1 1 2026-05-19 19:51:45.674
!MESSAGE Executed PowerShell command powershell.exe -Command "Get-CimInstance -ClassName Win32_SerialPort | Select-Object -ExpandProperty DeviceID":
COM7
COM6
COM15
COM16
COM14
COM11
COM4
COM8
COM13
COM12


!ENTRY com.st.stm32cube.ide.mpu.remote.serial 1 1 2026-05-19 19:51:45.676
!MESSAGE port: COM7

!ENTRY com.st.stm32cube.ide.mpu.remote.serial 1 1 2026-05-19 19:51:45.677
!MESSAGE port: COM6

!ENTRY com.st.stm32cube.ide.mpu.remote.serial 1 1 2026-05-19 19:51:45.678
!MESSAGE port: COM15

!ENTRY com.st.stm32cube.ide.mpu.remote.serial 1 1 2026-05-19 19:51:45.681
!MESSAGE port: COM16

!ENTRY com.st.stm32cube.ide.mpu.remote.serial 1 1 2026-05-19 19:51:45.683
!MESSAGE port: COM14

!ENTRY com.st.stm32cube.ide.mpu.remote.serial 1 1 2026-05-19 19:51:45.684
!MESSAGE port: COM11

!ENTRY com.st.stm32cube.ide.mpu.remote.serial 1 1 2026-05-19 19:51:45.684
!MESSAGE port: COM4

!ENTRY com.st.stm32cube.ide.mpu.remote.serial 1 1 2026-05-19 19:51:45.685
!MESSAGE port: COM8

!ENTRY com.st.stm32cube.ide.mpu.remote.serial 1 1 2026-05-19 19:51:45.686
!MESSAGE port: COM13

!ENTRY com.st.stm32cube.ide.mpu.remote.serial 1 1 2026-05-19 19:51:45.687
!MESSAGE port: COM12

!ENTRY com.st.stm32cube.ide.mpu.remote.serial 1 1 2026-05-19 19:52:15.376
!MESSAGE Executed PowerShell command powershell.exe -Command "Get-CimInstance -ClassName Win32_SerialPort | Select-Object -ExpandProperty DeviceID":
COM7
COM6
COM15
COM16
COM14
COM11
COM4
COM8
COM13
COM12


!ENTRY com.st.stm32cube.ide.mpu.remote.serial 1 1 2026-05-19 19:52:15.377
!MESSAGE port: COM7

!ENTRY com.st.stm32cube.ide.mpu.remote.serial 1 1 2026-05-19 19:52:15.378
!MESSAGE port: COM6

!ENTRY com.st.stm32cube.ide.mpu.remote.serial 1 1 2026-05-19 19:52:15.379
!MESSAGE port: COM15

!ENTRY com.st.stm32cube.ide.mpu.remote.serial 1 1 2026-05-19 19:52:15.380
!MESSAGE port: COM16

!ENTRY com.st.stm32cube.ide.mpu.remote.serial 1 1 2026-05-19 19:52:15.380
!MESSAGE port: COM14

!ENTRY com.st.stm32cube.ide.mpu.remote.serial 1 1 2026-05-19 19:52:15.381
!MESSAGE port: COM11

!ENTRY com.st.stm32cube.ide.mpu.remote.serial 1 1 2026-05-19 19:52:15.382
!MESSAGE port: COM4

!ENTRY com.st.stm32cube.ide.mpu.remote.serial 1 1 2026-05-19 19:52:15.383
!MESSAGE port: COM8

!ENTRY com.st.stm32cube.ide.mpu.remote.serial 1 1 2026-05-19 19:52:15.383
!MESSAGE port: COM13

!ENTRY com.st.stm32cube.ide.mpu.remote.serial 1 1 2026-05-19 19:52:15.384
!MESSAGE port: COM12

!ENTRY com.st.stm32cube.ide.mpu.remote.serial 1 1 2026-05-19 19:56:18.760
!MESSAGE Executed PowerShell command powershell.exe -Command "Get-CimInstance -ClassName Win32_SerialPort | Select-Object -ExpandProperty DeviceID":
COM7
COM6
COM15
COM16
COM14
COM11
COM4
COM8
COM13
COM12


!ENTRY com.st.stm32cube.ide.mpu.remote.serial 1 1 2026-05-19 19:56:18.761
!MESSAGE port: COM7

!ENTRY com.st.stm32cube.ide.mpu.remote.serial 1 1 2026-05-19 19:56:18.762
!MESSAGE port: COM6

!ENTRY com.st.stm32cube.ide.mpu.remote.serial 1 1 2026-05-19 19:56:18.762
!MESSAGE port: COM15

!ENTRY com.st.stm32cube.ide.mpu.remote.serial 1 1 2026-05-19 19:56:18.763
!MESSAGE port: COM16

!ENTRY com.st.stm32cube.ide.mpu.remote.serial 1 1 2026-05-19 19:56:18.767
!MESSAGE port: COM14

!ENTRY com.st.stm32cube.ide.mpu.remote.serial 1 1 2026-05-19 19:56:18.768
!MESSAGE port: COM11

!ENTRY com.st.stm32cube.ide.mpu.remote.serial 1 1 2026-05-19 19:56:18.770
!MESSAGE port: COM4

!ENTRY com.st.stm32cube.ide.mpu.remote.serial 1 1 2026-05-19 19:56:18.770
!MESSAGE port: COM8

!ENTRY com.st.stm32cube.ide.mpu.remote.serial 1 1 2026-05-19 19:56:18.772
!MESSAGE port: COM13

!ENTRY com.st.stm32cube.ide.mpu.remote.serial 1 1 2026-05-19 19:56:18.773
!MESSAGE port: COM12

!ENTRY com.st.stm32cube.ide.mpu.remote.serial 1 1 2026-05-19 19:56:49.242
!MESSAGE Executed PowerShell command powershell.exe -Command "Get-CimInstance -ClassName Win32_SerialPort | Select-Object -ExpandProperty DeviceID":
COM7
COM6
COM15
COM16
COM14
COM11
COM4
COM8
COM13
COM12


!ENTRY com.st.stm32cube.ide.mpu.remote.serial 1 1 2026-05-19 19:56:49.243
!MESSAGE port: COM7

!ENTRY com.st.stm32cube.ide.mpu.remote.serial 1 1 2026-05-19 19:56:49.244
!MESSAGE port: COM6

!ENTRY com.st.stm32cube.ide.mpu.remote.serial 1 1 2026-05-19 19:56:49.245
!MESSAGE port: COM15

!ENTRY com.st.stm32cube.ide.mpu.remote.serial 1 1 2026-05-19 19:56:49.246
!MESSAGE port: COM16

!ENTRY com.st.stm32cube.ide.mpu.remote.serial 1 1 2026-05-19 19:56:49.247
!MESSAGE port: COM14

!ENTRY com.st.stm32cube.ide.mpu.remote.serial 1 1 2026-05-19 19:56:49.249
!MESSAGE port: COM11

!ENTRY com.st.stm32cube.ide.mpu.remote.serial 1 1 2026-05-19 19:56:49.252
!MESSAGE port: COM4

!ENTRY com.st.stm32cube.ide.mpu.remote.serial 1 1 2026-05-19 19:56:49.253
!MESSAGE port: COM8

!ENTRY com.st.stm32cube.ide.mpu.remote.serial 1 1 2026-05-19 19:56:49.256
!MESSAGE port: COM13

!ENTRY com.st.stm32cube.ide.mpu.remote.serial 1 1 2026-05-19 19:56:49.257
!MESSAGE port: COM12

!ENTRY com.st.stm32cube.ide.mpu.remote.serial 1 1 2026-05-19 19:57:26.986
!MESSAGE Executed PowerShell command powershell.exe -Command "Get-CimInstance -ClassName Win32_SerialPort | Select-Object -ExpandProperty DeviceID":
COM7
COM6
COM15
COM16
COM14
COM11
COM4
COM8
COM13
COM12


!ENTRY com.st.stm32cube.ide.mpu.remote.serial 1 1 2026-05-19 19:57:26.986
!MESSAGE port: COM7

!ENTRY com.st.stm32cube.ide.mpu.remote.serial 1 1 2026-05-19 19:57:26.992
!MESSAGE port: COM6

!ENTRY com.st.stm32cube.ide.mpu.remote.serial 1 1 2026-05-19 19:57:26.992
!MESSAGE port: COM15

!ENTRY com.st.stm32cube.ide.mpu.remote.serial 1 1 2026-05-19 19:57:26.995
!MESSAGE port: COM16

!ENTRY com.st.stm32cube.ide.mpu.remote.serial 1 1 2026-05-19 19:57:26.995
!MESSAGE port: COM14

!ENTRY com.st.stm32cube.ide.mpu.remote.serial 1 1 2026-05-19 19:57:27.000
!MESSAGE port: COM11

!ENTRY com.st.stm32cube.ide.mpu.remote.serial 1 1 2026-05-19 19:57:27.003
!MESSAGE port: COM4

!ENTRY com.st.stm32cube.ide.mpu.remote.serial 1 1 2026-05-19 19:57:27.003
!MESSAGE port: COM8

!ENTRY com.st.stm32cube.ide.mpu.remote.serial 1 1 2026-05-19 19:57:27.008
!MESSAGE port: COM13

!ENTRY com.st.stm32cube.ide.mpu.remote.serial 1 1 2026-05-19 19:57:27.010
!MESSAGE port: COM12

!ENTRY com.st.stm32cube.ide.mpu.remote.serial 1 1 2026-05-19 19:57:56.292
!MESSAGE Executed PowerShell command powershell.exe -Command "Get-CimInstance -ClassName Win32_SerialPort | Select-Object -ExpandProperty DeviceID":
COM7
COM6
COM15
COM16
COM14
COM11
COM4
COM8
COM13
COM12


!ENTRY com.st.stm32cube.ide.mpu.remote.serial 1 1 2026-05-19 19:57:56.305
!MESSAGE port: COM7

!ENTRY com.st.stm32cube.ide.mpu.remote.serial 1 1 2026-05-19 19:57:56.309
!MESSAGE port: COM6

!ENTRY com.st.stm32cube.ide.mpu.remote.serial 1 1 2026-05-19 19:57:56.311
!MESSAGE port: COM15

!ENTRY com.st.stm32cube.ide.mpu.remote.serial 1 1 2026-05-19 19:57:56.313
!MESSAGE port: COM16

!ENTRY com.st.stm32cube.ide.mpu.remote.serial 1 1 2026-05-19 19:57:56.315
!MESSAGE port: COM14

!ENTRY com.st.stm32cube.ide.mpu.remote.serial 1 1 2026-05-19 19:57:56.324
!MESSAGE port: COM11

!ENTRY com.st.stm32cube.ide.mpu.remote.serial 1 1 2026-05-19 19:57:56.325
!MESSAGE port: COM4

!ENTRY com.st.stm32cube.ide.mpu.remote.serial 1 1 2026-05-19 19:57:56.327
!MESSAGE port: COM8

!ENTRY com.st.stm32cube.ide.mpu.remote.serial 1 1 2026-05-19 19:57:56.330
!MESSAGE port: COM13

!ENTRY com.st.stm32cube.ide.mpu.remote.serial 1 1 2026-05-19 19:57:56.336
!MESSAGE port: COM12

!ENTRY com.st.stm32cube.ide.mpu.remote.serial 1 1 2026-05-20 09:08:21.476
!MESSAGE Executed PowerShell command powershell.exe -Command "Get-CimInstance -ClassName Win32_SerialPort | Select-Object -ExpandProperty DeviceID":
COM7
COM6
COM15
COM16
COM14
COM11
COM4
COM8
COM13
COM12


!ENTRY com.st.stm32cube.ide.mpu.remote.serial 1 1 2026-05-20 09:08:21.478
!MESSAGE port: COM7

!ENTRY com.st.stm32cube.ide.mpu.remote.serial 1 1 2026-05-20 09:08:21.480
!MESSAGE port: COM6

!ENTRY com.st.stm32cube.ide.mpu.remote.serial 1 1 2026-05-20 09:08:21.480
!MESSAGE port: COM15

!ENTRY com.st.stm32cube.ide.mpu.remote.serial 1 1 2026-05-20 09:08:21.480
!MESSAGE port: COM16

!ENTRY com.st.stm32cube.ide.mpu.remote.serial 1 1 2026-05-20 09:08:21.484
!MESSAGE port: COM14

!ENTRY com.st.stm32cube.ide.mpu.remote.serial 1 1 2026-05-20 09:08:21.484
!MESSAGE port: COM11

!ENTRY com.st.stm32cube.ide.mpu.remote.serial 1 1 2026-05-20 09:08:21.489
!MESSAGE port: COM4

!ENTRY com.st.stm32cube.ide.mpu.remote.serial 1 1 2026-05-20 09:08:21.489
!MESSAGE port: COM8

!ENTRY com.st.stm32cube.ide.mpu.remote.serial 1 1 2026-05-20 09:08:21.492
!MESSAGE port: COM13

!ENTRY com.st.stm32cube.ide.mpu.remote.serial 1 1 2026-05-20 09:08:21.494
!MESSAGE port: COM12

!ENTRY com.st.stm32cube.ide.mpu.remote.serial 1 1 2026-05-20 09:08:52.572
!MESSAGE Executed PowerShell command powershell.exe -Command "Get-CimInstance -ClassName Win32_SerialPort | Select-Object -ExpandProperty DeviceID":
COM7
COM6
COM15
COM16
COM14
COM11
COM4
COM8
COM13
COM12


!ENTRY com.st.stm32cube.ide.mpu.remote.serial 1 1 2026-05-20 09:08:52.574
!MESSAGE port: COM7

!ENTRY com.st.stm32cube.ide.mpu.remote.serial 1 1 2026-05-20 09:08:52.574
!MESSAGE port: COM6

!ENTRY com.st.stm32cube.ide.mpu.remote.serial 1 1 2026-05-20 09:08:52.574
!MESSAGE port: COM15

!ENTRY com.st.stm32cube.ide.mpu.remote.serial 1 1 2026-05-20 09:08:52.576
!MESSAGE port: COM16

!ENTRY com.st.stm32cube.ide.mpu.remote.serial 1 1 2026-05-20 09:08:52.577
!MESSAGE port: COM14

!ENTRY com.st.stm32cube.ide.mpu.remote.serial 1 1 2026-05-20 09:08:52.577
!MESSAGE port: COM11

!ENTRY com.st.stm32cube.ide.mpu.remote.serial 1 1 2026-05-20 09:08:52.579
!MESSAGE port: COM4

!ENTRY com.st.stm32cube.ide.mpu.remote.serial 1 1 2026-05-20 09:08:52.580
!MESSAGE port: COM8

!ENTRY com.st.stm32cube.ide.mpu.remote.serial 1 1 2026-05-20 09:08:52.580
!MESSAGE port: COM13

!ENTRY com.st.stm32cube.ide.mpu.remote.serial 1 1 2026-05-20 09:08:52.582
!MESSAGE port: COM12

!ENTRY com.st.stm32cube.ide.mpu.remote.serial 1 1 2026-05-20 09:14:56.951
!MESSAGE Executed PowerShell command powershell.exe -Command "Get-CimInstance -ClassName Win32_SerialPort | Select-Object -ExpandProperty DeviceID":
COM7
COM6
COM15
COM16
COM14
COM11
COM4
COM8
COM13
COM12


!ENTRY com.st.stm32cube.ide.mpu.remote.serial 1 1 2026-05-20 09:14:56.953
!MESSAGE port: COM7

!ENTRY com.st.stm32cube.ide.mpu.remote.serial 1 1 2026-05-20 09:14:56.954
!MESSAGE port: COM6

!ENTRY com.st.stm32cube.ide.mpu.remote.serial 1 1 2026-05-20 09:14:56.955
!MESSAGE port: COM15

!ENTRY com.st.stm32cube.ide.mpu.remote.serial 1 1 2026-05-20 09:14:56.956
!MESSAGE port: COM16

!ENTRY com.st.stm32cube.ide.mpu.remote.serial 1 1 2026-05-20 09:14:56.957
!MESSAGE port: COM14

!ENTRY com.st.stm32cube.ide.mpu.remote.serial 1 1 2026-05-20 09:14:56.958
!MESSAGE port: COM11

!ENTRY com.st.stm32cube.ide.mpu.remote.serial 1 1 2026-05-20 09:14:56.959
!MESSAGE port: COM4

!ENTRY com.st.stm32cube.ide.mpu.remote.serial 1 1 2026-05-20 09:14:56.961
!MESSAGE port: COM8

!ENTRY com.st.stm32cube.ide.mpu.remote.serial 1 1 2026-05-20 09:14:56.962
!MESSAGE port: COM13

!ENTRY com.st.stm32cube.ide.mpu.remote.serial 1 1 2026-05-20 09:14:56.964
!MESSAGE port: COM12

!ENTRY com.st.stm32cube.ide.mpu.remote.serial 1 1 2026-05-20 09:15:30.177
!MESSAGE Executed PowerShell command powershell.exe -Command "Get-CimInstance -ClassName Win32_SerialPort | Select-Object -ExpandProperty DeviceID":
COM7
COM6
COM15
COM16
COM14
COM11
COM4
COM8
COM13
COM12


!ENTRY com.st.stm32cube.ide.mpu.remote.serial 1 1 2026-05-20 09:15:30.179
!MESSAGE port: COM7

!ENTRY com.st.stm32cube.ide.mpu.remote.serial 1 1 2026-05-20 09:15:30.181
!MESSAGE port: COM6

!ENTRY com.st.stm32cube.ide.mpu.remote.serial 1 1 2026-05-20 09:15:30.183
!MESSAGE port: COM15

!ENTRY com.st.stm32cube.ide.mpu.remote.serial 1 1 2026-05-20 09:15:30.184
!MESSAGE port: COM16

!ENTRY com.st.stm32cube.ide.mpu.remote.serial 1 1 2026-05-20 09:15:30.186
!MESSAGE port: COM14

!ENTRY com.st.stm32cube.ide.mpu.remote.serial 1 1 2026-05-20 09:15:30.187
!MESSAGE port: COM11

!ENTRY com.st.stm32cube.ide.mpu.remote.serial 1 1 2026-05-20 09:15:30.189
!MESSAGE port: COM4

!ENTRY com.st.stm32cube.ide.mpu.remote.serial 1 1 2026-05-20 09:15:30.190
!MESSAGE port: COM8

!ENTRY com.st.stm32cube.ide.mpu.remote.serial 1 1 2026-05-20 09:15:30.191
!MESSAGE port: COM13

!ENTRY com.st.stm32cube.ide.mpu.remote.serial 1 1 2026-05-20 09:15:30.192
!MESSAGE port: COM12

!ENTRY com.st.stm32cube.ide.mpu.remote.serial 1 1 2026-05-20 09:15:58.625
!MESSAGE Executed PowerShell command powershell.exe -Command "Get-CimInstance -ClassName Win32_SerialPort | Select-Object -ExpandProperty DeviceID":
COM7
COM6
COM15
COM16
COM14
COM11
COM4
COM8
COM13
COM12


!ENTRY com.st.stm32cube.ide.mpu.remote.serial 1 1 2026-05-20 09:15:58.627
!MESSAGE port: COM7

!ENTRY com.st.stm32cube.ide.mpu.remote.serial 1 1 2026-05-20 09:15:58.629
!MESSAGE port: COM6

!ENTRY com.st.stm32cube.ide.mpu.remote.serial 1 1 2026-05-20 09:15:58.631
!MESSAGE port: COM15

!ENTRY com.st.stm32cube.ide.mpu.remote.serial 1 1 2026-05-20 09:15:58.633
!MESSAGE port: COM16

!ENTRY com.st.stm32cube.ide.mpu.remote.serial 1 1 2026-05-20 09:15:58.635
!MESSAGE port: COM14

!ENTRY com.st.stm32cube.ide.mpu.remote.serial 1 1 2026-05-20 09:15:58.636
!MESSAGE port: COM11

!ENTRY com.st.stm32cube.ide.mpu.remote.serial 1 1 2026-05-20 09:15:58.638
!MESSAGE port: COM4

!ENTRY com.st.stm32cube.ide.mpu.remote.serial 1 1 2026-05-20 09:15:58.640
!MESSAGE port: COM8

!ENTRY com.st.stm32cube.ide.mpu.remote.serial 1 1 2026-05-20 09:15:58.642
!MESSAGE port: COM13

!ENTRY com.st.stm32cube.ide.mpu.remote.serial 1 1 2026-05-20 09:15:58.644
!MESSAGE port: COM12

!ENTRY com.st.stm32cube.ide.mpu.remote.serial 1 1 2026-05-20 09:17:36.753
!MESSAGE Executed PowerShell command powershell.exe -Command "Get-CimInstance -ClassName Win32_SerialPort | Select-Object -ExpandProperty DeviceID":
COM7
COM6
COM15
COM16
COM14
COM11
COM4
COM8
COM13
COM12


!ENTRY com.st.stm32cube.ide.mpu.remote.serial 1 1 2026-05-20 09:17:36.755
!MESSAGE port: COM7

!ENTRY com.st.stm32cube.ide.mpu.remote.serial 1 1 2026-05-20 09:17:36.757
!MESSAGE port: COM6

!ENTRY com.st.stm32cube.ide.mpu.remote.serial 1 1 2026-05-20 09:17:36.759
!MESSAGE port: COM15

!ENTRY com.st.stm32cube.ide.mpu.remote.serial 1 1 2026-05-20 09:17:36.761
!MESSAGE port: COM16

!ENTRY com.st.stm32cube.ide.mpu.remote.serial 1 1 2026-05-20 09:17:36.763
!MESSAGE port: COM14

!ENTRY com.st.stm32cube.ide.mpu.remote.serial 1 1 2026-05-20 09:17:36.765
!MESSAGE port: COM11

!ENTRY com.st.stm32cube.ide.mpu.remote.serial 1 1 2026-05-20 09:17:36.766
!MESSAGE port: COM4

!ENTRY com.st.stm32cube.ide.mpu.remote.serial 1 1 2026-05-20 09:17:36.768
!MESSAGE port: COM8

!ENTRY com.st.stm32cube.ide.mpu.remote.serial 1 1 2026-05-20 09:17:36.770
!MESSAGE port: COM13

!ENTRY com.st.stm32cube.ide.mpu.remote.serial 1 1 2026-05-20 09:17:36.771
!MESSAGE port: COM12

!ENTRY com.st.stm32cube.ide.mpu.remote.serial 1 1 2026-05-20 09:18:05.335
!MESSAGE Executed PowerShell command powershell.exe -Command "Get-CimInstance -ClassName Win32_SerialPort | Select-Object -ExpandProperty DeviceID":
COM7
COM6
COM15
COM16
COM14
COM11
COM4
COM8
COM13
COM12


!ENTRY com.st.stm32cube.ide.mpu.remote.serial 1 1 2026-05-20 09:18:05.335
!MESSAGE port: COM7

!ENTRY com.st.stm32cube.ide.mpu.remote.serial 1 1 2026-05-20 09:18:05.336
!MESSAGE port: COM6

!ENTRY com.st.stm32cube.ide.mpu.remote.serial 1 1 2026-05-20 09:18:05.337
!MESSAGE port: COM15

!ENTRY com.st.stm32cube.ide.mpu.remote.serial 1 1 2026-05-20 09:18:05.338
!MESSAGE port: COM16

!ENTRY com.st.stm32cube.ide.mpu.remote.serial 1 1 2026-05-20 09:18:05.338
!MESSAGE port: COM14

!ENTRY com.st.stm32cube.ide.mpu.remote.serial 1 1 2026-05-20 09:18:05.339
!MESSAGE port: COM11

!ENTRY com.st.stm32cube.ide.mpu.remote.serial 1 1 2026-05-20 09:18:05.340
!MESSAGE port: COM4

!ENTRY com.st.stm32cube.ide.mpu.remote.serial 1 1 2026-05-20 09:18:05.341
!MESSAGE port: COM8

!ENTRY com.st.stm32cube.ide.mpu.remote.serial 1 1 2026-05-20 09:18:05.342
!MESSAGE port: COM13

!ENTRY com.st.stm32cube.ide.mpu.remote.serial 1 1 2026-05-20 09:18:05.342
!MESSAGE port: COM12

!ENTRY com.st.stm32cube.ide.mpu.remote.serial 1 1 2026-05-20 09:20:34.909
!MESSAGE Executed PowerShell command powershell.exe -Command "Get-CimInstance -ClassName Win32_SerialPort | Select-Object -ExpandProperty DeviceID":
COM7
COM6
COM15
COM16
COM14
COM11
COM4
COM8
COM13
COM12


!ENTRY com.st.stm32cube.ide.mpu.remote.serial 1 1 2026-05-20 09:20:34.911
!MESSAGE port: COM7

!ENTRY com.st.stm32cube.ide.mpu.remote.serial 1 1 2026-05-20 09:20:34.912
!MESSAGE port: COM6

!ENTRY com.st.stm32cube.ide.mpu.remote.serial 1 1 2026-05-20 09:20:34.914
!MESSAGE port: COM15

!ENTRY com.st.stm32cube.ide.mpu.remote.serial 1 1 2026-05-20 09:20:34.916
!MESSAGE port: COM16

!ENTRY com.st.stm32cube.ide.mpu.remote.serial 1 1 2026-05-20 09:20:34.917
!MESSAGE port: COM14

!ENTRY com.st.stm32cube.ide.mpu.remote.serial 1 1 2026-05-20 09:20:34.918
!MESSAGE port: COM11

!ENTRY com.st.stm32cube.ide.mpu.remote.serial 1 1 2026-05-20 09:20:34.920
!MESSAGE port: COM4

!ENTRY com.st.stm32cube.ide.mpu.remote.serial 1 1 2026-05-20 09:20:34.921
!MESSAGE port: COM8

!ENTRY com.st.stm32cube.ide.mpu.remote.serial 1 1 2026-05-20 09:20:34.923
!MESSAGE port: COM13

!ENTRY com.st.stm32cube.ide.mpu.remote.serial 1 1 2026-05-20 09:20:34.924
!MESSAGE port: COM12

!ENTRY com.st.stm32cube.ide.mpu.remote.serial 1 1 2026-05-20 09:22:16.082
!MESSAGE Executed PowerShell command powershell.exe -Command "Get-CimInstance -ClassName Win32_SerialPort | Select-Object -ExpandProperty DeviceID":
COM7
COM6
COM15
COM16
COM14
COM11
COM4
COM8
COM13
COM12


!ENTRY com.st.stm32cube.ide.mpu.remote.serial 1 1 2026-05-20 09:22:16.085
!MESSAGE port: COM7

!ENTRY com.st.stm32cube.ide.mpu.remote.serial 1 1 2026-05-20 09:22:16.086
!MESSAGE port: COM6

!ENTRY com.st.stm32cube.ide.mpu.remote.serial 1 1 2026-05-20 09:22:16.088
!MESSAGE port: COM15

!ENTRY com.st.stm32cube.ide.mpu.remote.serial 1 1 2026-05-20 09:22:16.090
!MESSAGE port: COM16

!ENTRY com.st.stm32cube.ide.mpu.remote.serial 1 1 2026-05-20 09:22:16.092
!MESSAGE port: COM14

!ENTRY com.st.stm32cube.ide.mpu.remote.serial 1 1 2026-05-20 09:22:16.093
!MESSAGE port: COM11

!ENTRY com.st.stm32cube.ide.mpu.remote.serial 1 1 2026-05-20 09:22:16.095
!MESSAGE port: COM4

!ENTRY com.st.stm32cube.ide.mpu.remote.serial 1 1 2026-05-20 09:22:16.096
!MESSAGE port: COM8

!ENTRY com.st.stm32cube.ide.mpu.remote.serial 1 1 2026-05-20 09:22:16.097
!MESSAGE port: COM13

!ENTRY com.st.stm32cube.ide.mpu.remote.serial 1 1 2026-05-20 09:22:16.099
!MESSAGE port: COM12

!ENTRY com.st.stm32cube.ide.mpu.remote.serial 1 1 2026-05-20 10:00:28.635
!MESSAGE Executed PowerShell command powershell.exe -Command "Get-CimInstance -ClassName Win32_SerialPort | Select-Object -ExpandProperty DeviceID":
COM7
COM6
COM15
COM16
COM14
COM11
COM4
COM8
COM13
COM12


!ENTRY com.st.stm32cube.ide.mpu.remote.serial 1 1 2026-05-20 10:00:28.635
!MESSAGE port: COM7

!ENTRY com.st.stm32cube.ide.mpu.remote.serial 1 1 2026-05-20 10:00:28.637
!MESSAGE port: COM6

!ENTRY com.st.stm32cube.ide.mpu.remote.serial 1 1 2026-05-20 10:00:28.637
!MESSAGE port: COM15

!ENTRY com.st.stm32cube.ide.mpu.remote.serial 1 1 2026-05-20 10:00:28.637
!MESSAGE port: COM16

!ENTRY com.st.stm32cube.ide.mpu.remote.serial 1 1 2026-05-20 10:00:28.639
!MESSAGE port: COM14

!ENTRY com.st.stm32cube.ide.mpu.remote.serial 1 1 2026-05-20 10:00:28.639
!MESSAGE port: COM11

!ENTRY com.st.stm32cube.ide.mpu.remote.serial 1 1 2026-05-20 10:00:28.639
!MESSAGE port: COM4

!ENTRY com.st.stm32cube.ide.mpu.remote.serial 1 1 2026-05-20 10:00:28.641
!MESSAGE port: COM8

!ENTRY com.st.stm32cube.ide.mpu.remote.serial 1 1 2026-05-20 10:00:28.641
!MESSAGE port: COM13

!ENTRY com.st.stm32cube.ide.mpu.remote.serial 1 1 2026-05-20 10:00:28.641
!MESSAGE port: COM12

!ENTRY com.st.stm32cube.ide.mpu.remote.serial 1 1 2026-05-20 10:45:09.071
!MESSAGE Executed PowerShell command powershell.exe -Command "Get-CimInstance -ClassName Win32_SerialPort | Select-Object -ExpandProperty DeviceID":
COM7
COM6
COM15
COM16
COM14
COM11
COM4
COM8
COM13
COM12


!ENTRY com.st.stm32cube.ide.mpu.remote.serial 1 1 2026-05-20 10:45:09.072
!MESSAGE port: COM7

!ENTRY com.st.stm32cube.ide.mpu.remote.serial 1 1 2026-05-20 10:45:09.073
!MESSAGE port: COM6

!ENTRY com.st.stm32cube.ide.mpu.remote.serial 1 1 2026-05-20 10:45:09.074
!MESSAGE port: COM15

!ENTRY com.st.stm32cube.ide.mpu.remote.serial 1 1 2026-05-20 10:45:09.075
!MESSAGE port: COM16

!ENTRY com.st.stm32cube.ide.mpu.remote.serial 1 1 2026-05-20 10:45:09.076
!MESSAGE port: COM14

!ENTRY com.st.stm32cube.ide.mpu.remote.serial 1 1 2026-05-20 10:45:09.076
!MESSAGE port: COM11

!ENTRY com.st.stm32cube.ide.mpu.remote.serial 1 1 2026-05-20 10:45:09.077
!MESSAGE port: COM4

!ENTRY com.st.stm32cube.ide.mpu.remote.serial 1 1 2026-05-20 10:45:09.078
!MESSAGE port: COM8

!ENTRY com.st.stm32cube.ide.mpu.remote.serial 1 1 2026-05-20 10:45:09.079
!MESSAGE port: COM13

!ENTRY com.st.stm32cube.ide.mpu.remote.serial 1 1 2026-05-20 10:45:09.079
!MESSAGE port: COM12

!ENTRY com.st.stm32cube.ide.mpu.remote.serial 1 1 2026-05-20 10:46:05.998
!MESSAGE Executed PowerShell command powershell.exe -Command "Get-CimInstance -ClassName Win32_SerialPort | Select-Object -ExpandProperty DeviceID":
COM7
COM6
COM15
COM16
COM14
COM11
COM4
COM8
COM13
COM12


!ENTRY com.st.stm32cube.ide.mpu.remote.serial 1 1 2026-05-20 10:46:06.000
!MESSAGE port: COM7

!ENTRY com.st.stm32cube.ide.mpu.remote.serial 1 1 2026-05-20 10:46:06.002
!MESSAGE port: COM6

!ENTRY com.st.stm32cube.ide.mpu.remote.serial 1 1 2026-05-20 10:46:06.003
!MESSAGE port: COM15

!ENTRY com.st.stm32cube.ide.mpu.remote.serial 1 1 2026-05-20 10:46:06.005
!MESSAGE port: COM16

!ENTRY com.st.stm32cube.ide.mpu.remote.serial 1 1 2026-05-20 10:46:06.007
!MESSAGE port: COM14

!ENTRY com.st.stm32cube.ide.mpu.remote.serial 1 1 2026-05-20 10:46:06.009
!MESSAGE port: COM11

!ENTRY com.st.stm32cube.ide.mpu.remote.serial 1 1 2026-05-20 10:46:06.011
!MESSAGE port: COM4

!ENTRY com.st.stm32cube.ide.mpu.remote.serial 1 1 2026-05-20 10:46:06.013
!MESSAGE port: COM8

!ENTRY com.st.stm32cube.ide.mpu.remote.serial 1 1 2026-05-20 10:46:06.015
!MESSAGE port: COM13

!ENTRY com.st.stm32cube.ide.mpu.remote.serial 1 1 2026-05-20 10:46:06.016
!MESSAGE port: COM12

!ENTRY com.st.stm32cube.ide.mpu.remote.serial 1 1 2026-05-20 10:46:34.910
!MESSAGE Executed PowerShell command powershell.exe -Command "Get-CimInstance -ClassName Win32_SerialPort | Select-Object -ExpandProperty DeviceID":
COM7
COM6
COM15
COM16
COM14
COM11
COM4
COM8
COM13
COM12


!ENTRY com.st.stm32cube.ide.mpu.remote.serial 1 1 2026-05-20 10:46:34.912
!MESSAGE port: COM7

!ENTRY com.st.stm32cube.ide.mpu.remote.serial 1 1 2026-05-20 10:46:34.914
!MESSAGE port: COM6

!ENTRY com.st.stm32cube.ide.mpu.remote.serial 1 1 2026-05-20 10:46:34.916
!MESSAGE port: COM15

!ENTRY com.st.stm32cube.ide.mpu.remote.serial 1 1 2026-05-20 10:46:34.918
!MESSAGE port: COM16

!ENTRY com.st.stm32cube.ide.mpu.remote.serial 1 1 2026-05-20 10:46:34.921
!MESSAGE port: COM14

!ENTRY com.st.stm32cube.ide.mpu.remote.serial 1 1 2026-05-20 10:46:34.923
!MESSAGE port: COM11

!ENTRY com.st.stm32cube.ide.mpu.remote.serial 1 1 2026-05-20 10:46:34.924
!MESSAGE port: COM4

!ENTRY com.st.stm32cube.ide.mpu.remote.serial 1 1 2026-05-20 10:46:34.927
!MESSAGE port: COM8

!ENTRY com.st.stm32cube.ide.mpu.remote.serial 1 1 2026-05-20 10:46:34.928
!MESSAGE port: COM13

!ENTRY com.st.stm32cube.ide.mpu.remote.serial 1 1 2026-05-20 10:46:34.930
!MESSAGE port: COM12

!ENTRY com.st.stm32cube.ide.mpu.remote.serial 1 1 2026-05-20 10:59:57.852
!MESSAGE Executed PowerShell command powershell.exe -Command "Get-CimInstance -ClassName Win32_SerialPort | Select-Object -ExpandProperty DeviceID":
COM7
COM6
COM15
COM16
COM14
COM11
COM4
COM8
COM13
COM12


!ENTRY com.st.stm32cube.ide.mpu.remote.serial 1 1 2026-05-20 10:59:57.854
!MESSAGE port: COM7

!ENTRY com.st.stm32cube.ide.mpu.remote.serial 1 1 2026-05-20 10:59:57.856
!MESSAGE port: COM6

!ENTRY com.st.stm32cube.ide.mpu.remote.serial 1 1 2026-05-20 10:59:57.858
!MESSAGE port: COM15

!ENTRY com.st.stm32cube.ide.mpu.remote.serial 1 1 2026-05-20 10:59:57.860
!MESSAGE port: COM16

!ENTRY com.st.stm32cube.ide.mpu.remote.serial 1 1 2026-05-20 10:59:57.862
!MESSAGE port: COM14

!ENTRY com.st.stm32cube.ide.mpu.remote.serial 1 1 2026-05-20 10:59:57.862
!MESSAGE port: COM11

!ENTRY com.st.stm32cube.ide.mpu.remote.serial 1 1 2026-05-20 10:59:57.864
!MESSAGE port: COM4

!ENTRY com.st.stm32cube.ide.mpu.remote.serial 1 1 2026-05-20 10:59:57.866
!MESSAGE port: COM8

!ENTRY com.st.stm32cube.ide.mpu.remote.serial 1 1 2026-05-20 10:59:57.866
!MESSAGE port: COM13

!ENTRY com.st.stm32cube.ide.mpu.remote.serial 1 1 2026-05-20 10:59:57.868
!MESSAGE port: COM12

!ENTRY com.st.stm32cube.ide.mpu.remote.serial 1 1 2026-05-20 11:00:31.829
!MESSAGE Executed PowerShell command powershell.exe -Command "Get-CimInstance -ClassName Win32_SerialPort | Select-Object -ExpandProperty DeviceID":
COM7
COM6
COM15
COM16
COM14
COM11
COM4
COM8
COM13
COM12


!ENTRY com.st.stm32cube.ide.mpu.remote.serial 1 1 2026-05-20 11:00:31.829
!MESSAGE port: COM7

!ENTRY com.st.stm32cube.ide.mpu.remote.serial 1 1 2026-05-20 11:00:31.829
!MESSAGE port: COM6

!ENTRY com.st.stm32cube.ide.mpu.remote.serial 1 1 2026-05-20 11:00:31.834
!MESSAGE port: COM15

!ENTRY com.st.stm32cube.ide.mpu.remote.serial 1 1 2026-05-20 11:00:31.834
!MESSAGE port: COM16

!ENTRY com.st.stm32cube.ide.mpu.remote.serial 1 1 2026-05-20 11:00:31.834
!MESSAGE port: COM14

!ENTRY com.st.stm32cube.ide.mpu.remote.serial 1 1 2026-05-20 11:00:31.836
!MESSAGE port: COM11

!ENTRY com.st.stm32cube.ide.mpu.remote.serial 1 1 2026-05-20 11:00:31.836
!MESSAGE port: COM4

!ENTRY com.st.stm32cube.ide.mpu.remote.serial 1 1 2026-05-20 11:00:31.838
!MESSAGE port: COM8

!ENTRY com.st.stm32cube.ide.mpu.remote.serial 1 1 2026-05-20 11:00:31.839
!MESSAGE port: COM13

!ENTRY com.st.stm32cube.ide.mpu.remote.serial 1 1 2026-05-20 11:00:31.839
!MESSAGE port: COM12

!ENTRY com.st.stm32cube.ide.mpu.remote.serial 1 1 2026-05-20 11:01:00.330
!MESSAGE Executed PowerShell command powershell.exe -Command "Get-CimInstance -ClassName Win32_SerialPort | Select-Object -ExpandProperty DeviceID":
COM7
COM6
COM15
COM16
COM14
COM11
COM4
COM8
COM13
COM12


!ENTRY com.st.stm32cube.ide.mpu.remote.serial 1 1 2026-05-20 11:01:00.340
!MESSAGE port: COM7

!ENTRY com.st.stm32cube.ide.mpu.remote.serial 1 1 2026-05-20 11:01:00.340
!MESSAGE port: COM6

!ENTRY com.st.stm32cube.ide.mpu.remote.serial 1 1 2026-05-20 11:01:00.340
!MESSAGE port: COM15

!ENTRY com.st.stm32cube.ide.mpu.remote.serial 1 1 2026-05-20 11:01:00.340
!MESSAGE port: COM16

!ENTRY com.st.stm32cube.ide.mpu.remote.serial 1 1 2026-05-20 11:01:00.347
!MESSAGE port: COM14

!ENTRY com.st.stm32cube.ide.mpu.remote.serial 1 1 2026-05-20 11:01:00.347
!MESSAGE port: COM11

!ENTRY com.st.stm32cube.ide.mpu.remote.serial 1 1 2026-05-20 11:01:00.350
!MESSAGE port: COM4

!ENTRY com.st.stm32cube.ide.mpu.remote.serial 1 1 2026-05-20 11:01:00.352
!MESSAGE port: COM8

!ENTRY com.st.stm32cube.ide.mpu.remote.serial 1 1 2026-05-20 11:01:00.352
!MESSAGE port: COM13

!ENTRY com.st.stm32cube.ide.mpu.remote.serial 1 1 2026-05-20 11:01:00.354
!MESSAGE port: COM12

!ENTRY com.st.stm32cube.ide.mpu.remote.serial 1 1 2026-05-20 11:01:48.633
!MESSAGE Executed PowerShell command powershell.exe -Command "Get-CimInstance -ClassName Win32_SerialPort | Select-Object -ExpandProperty DeviceID":
COM7
COM6
COM15
COM16
COM14
COM11
COM4
COM8
COM13
COM12


!ENTRY com.st.stm32cube.ide.mpu.remote.serial 1 1 2026-05-20 11:01:48.634
!MESSAGE port: COM7

!ENTRY com.st.stm32cube.ide.mpu.remote.serial 1 1 2026-05-20 11:01:48.635
!MESSAGE port: COM6

!ENTRY com.st.stm32cube.ide.mpu.remote.serial 1 1 2026-05-20 11:01:48.636
!MESSAGE port: COM15

!ENTRY com.st.stm32cube.ide.mpu.remote.serial 1 1 2026-05-20 11:01:48.637
!MESSAGE port: COM16

!ENTRY com.st.stm32cube.ide.mpu.remote.serial 1 1 2026-05-20 11:01:48.637
!MESSAGE port: COM14

!ENTRY com.st.stm32cube.ide.mpu.remote.serial 1 1 2026-05-20 11:01:48.638
!MESSAGE port: COM11

!ENTRY com.st.stm32cube.ide.mpu.remote.serial 1 1 2026-05-20 11:01:48.639
!MESSAGE port: COM4

!ENTRY com.st.stm32cube.ide.mpu.remote.serial 1 1 2026-05-20 11:01:48.640
!MESSAGE port: COM8

!ENTRY com.st.stm32cube.ide.mpu.remote.serial 1 1 2026-05-20 11:01:48.640
!MESSAGE port: COM13

!ENTRY com.st.stm32cube.ide.mpu.remote.serial 1 1 2026-05-20 11:01:48.641
!MESSAGE port: COM12

!ENTRY com.st.stm32cube.ide.mpu.remote.serial 1 1 2026-05-20 11:02:42.248
!MESSAGE Executed PowerShell command powershell.exe -Command "Get-CimInstance -ClassName Win32_SerialPort | Select-Object -ExpandProperty DeviceID":
COM7
COM6
COM15
COM16
COM14
COM11
COM4
COM8
COM13
COM12


!ENTRY com.st.stm32cube.ide.mpu.remote.serial 1 1 2026-05-20 11:02:42.249
!MESSAGE port: COM7

!ENTRY com.st.stm32cube.ide.mpu.remote.serial 1 1 2026-05-20 11:02:42.250
!MESSAGE port: COM6

!ENTRY com.st.stm32cube.ide.mpu.remote.serial 1 1 2026-05-20 11:02:42.251
!MESSAGE port: COM15

!ENTRY com.st.stm32cube.ide.mpu.remote.serial 1 1 2026-05-20 11:02:42.251
!MESSAGE port: COM16

!ENTRY com.st.stm32cube.ide.mpu.remote.serial 1 1 2026-05-20 11:02:42.252
!MESSAGE port: COM14

!ENTRY com.st.stm32cube.ide.mpu.remote.serial 1 1 2026-05-20 11:02:42.253
!MESSAGE port: COM11

!ENTRY com.st.stm32cube.ide.mpu.remote.serial 1 1 2026-05-20 11:02:42.253
!MESSAGE port: COM4

!ENTRY com.st.stm32cube.ide.mpu.remote.serial 1 1 2026-05-20 11:02:42.254
!MESSAGE port: COM8

!ENTRY com.st.stm32cube.ide.mpu.remote.serial 1 1 2026-05-20 11:02:42.255
!MESSAGE port: COM13

!ENTRY com.st.stm32cube.ide.mpu.remote.serial 1 1 2026-05-20 11:02:42.255
!MESSAGE port: COM12

!ENTRY com.st.stm32cube.ide.mpu.remote.serial 1 1 2026-05-20 11:03:10.688
!MESSAGE Executed PowerShell command powershell.exe -Command "Get-CimInstance -ClassName Win32_SerialPort | Select-Object -ExpandProperty DeviceID":
COM7
COM6
COM15
COM16
COM14
COM11
COM4
COM8
COM13
COM12


!ENTRY com.st.stm32cube.ide.mpu.remote.serial 1 1 2026-05-20 11:03:10.690
!MESSAGE port: COM7

!ENTRY com.st.stm32cube.ide.mpu.remote.serial 1 1 2026-05-20 11:03:10.692
!MESSAGE port: COM6

!ENTRY com.st.stm32cube.ide.mpu.remote.serial 1 1 2026-05-20 11:03:10.693
!MESSAGE port: COM15

!ENTRY com.st.stm32cube.ide.mpu.remote.serial 1 1 2026-05-20 11:03:10.695
!MESSAGE port: COM16

!ENTRY com.st.stm32cube.ide.mpu.remote.serial 1 1 2026-05-20 11:03:10.696
!MESSAGE port: COM14

!ENTRY com.st.stm32cube.ide.mpu.remote.serial 1 1 2026-05-20 11:03:10.698
!MESSAGE port: COM11

!ENTRY com.st.stm32cube.ide.mpu.remote.serial 1 1 2026-05-20 11:03:10.700
!MESSAGE port: COM4

!ENTRY com.st.stm32cube.ide.mpu.remote.serial 1 1 2026-05-20 11:03:10.701
!MESSAGE port: COM8

!ENTRY com.st.stm32cube.ide.mpu.remote.serial 1 1 2026-05-20 11:03:10.703
!MESSAGE port: COM13

!ENTRY com.st.stm32cube.ide.mpu.remote.serial 1 1 2026-05-20 11:03:10.704
!MESSAGE port: COM12

!ENTRY com.st.stm32cube.ide.mpu.remote.serial 1 1 2026-05-20 11:04:09.932
!MESSAGE Executed PowerShell command powershell.exe -Command "Get-CimInstance -ClassName Win32_SerialPort | Select-Object -ExpandProperty DeviceID":
COM7
COM6
COM15
COM16
COM14
COM11
COM4
COM8
COM13
COM12


!ENTRY com.st.stm32cube.ide.mpu.remote.serial 1 1 2026-05-20 11:04:09.933
!MESSAGE port: COM7

!ENTRY com.st.stm32cube.ide.mpu.remote.serial 1 1 2026-05-20 11:04:09.933
!MESSAGE port: COM6

!ENTRY com.st.stm32cube.ide.mpu.remote.serial 1 1 2026-05-20 11:04:09.934
!MESSAGE port: COM15

!ENTRY com.st.stm32cube.ide.mpu.remote.serial 1 1 2026-05-20 11:04:09.935
!MESSAGE port: COM16

!ENTRY com.st.stm32cube.ide.mpu.remote.serial 1 1 2026-05-20 11:04:09.936
!MESSAGE port: COM14

!ENTRY com.st.stm32cube.ide.mpu.remote.serial 1 1 2026-05-20 11:04:09.937
!MESSAGE port: COM11

!ENTRY com.st.stm32cube.ide.mpu.remote.serial 1 1 2026-05-20 11:04:09.937
!MESSAGE port: COM4

!ENTRY com.st.stm32cube.ide.mpu.remote.serial 1 1 2026-05-20 11:04:09.938
!MESSAGE port: COM8

!ENTRY com.st.stm32cube.ide.mpu.remote.serial 1 1 2026-05-20 11:04:09.939
!MESSAGE port: COM13

!ENTRY com.st.stm32cube.ide.mpu.remote.serial 1 1 2026-05-20 11:04:09.939
!MESSAGE port: COM12

!ENTRY com.st.stm32cube.ide.mpu.remote.serial 1 1 2026-05-20 11:05:36.723
!MESSAGE Executed PowerShell command powershell.exe -Command "Get-CimInstance -ClassName Win32_SerialPort | Select-Object -ExpandProperty DeviceID":
COM7
COM6
COM15
COM16
COM14
COM11
COM4
COM8
COM13
COM12


!ENTRY com.st.stm32cube.ide.mpu.remote.serial 1 1 2026-05-20 11:05:36.724
!MESSAGE port: COM7

!ENTRY com.st.stm32cube.ide.mpu.remote.serial 1 1 2026-05-20 11:05:36.725
!MESSAGE port: COM6

!ENTRY com.st.stm32cube.ide.mpu.remote.serial 1 1 2026-05-20 11:05:36.726
!MESSAGE port: COM15

!ENTRY com.st.stm32cube.ide.mpu.remote.serial 1 1 2026-05-20 11:05:36.727
!MESSAGE port: COM16

!ENTRY com.st.stm32cube.ide.mpu.remote.serial 1 1 2026-05-20 11:05:36.727
!MESSAGE port: COM14

!ENTRY com.st.stm32cube.ide.mpu.remote.serial 1 1 2026-05-20 11:05:36.728
!MESSAGE port: COM11

!ENTRY com.st.stm32cube.ide.mpu.remote.serial 1 1 2026-05-20 11:05:36.729
!MESSAGE port: COM4

!ENTRY com.st.stm32cube.ide.mpu.remote.serial 1 1 2026-05-20 11:05:36.730
!MESSAGE port: COM8

!ENTRY com.st.stm32cube.ide.mpu.remote.serial 1 1 2026-05-20 11:05:36.731
!MESSAGE port: COM13

!ENTRY com.st.stm32cube.ide.mpu.remote.serial 1 1 2026-05-20 11:05:36.731
!MESSAGE port: COM12

!ENTRY com.st.stm32cube.ide.mpu.remote.serial 1 1 2026-05-20 11:06:08.826
!MESSAGE Executed PowerShell command powershell.exe -Command "Get-CimInstance -ClassName Win32_SerialPort | Select-Object -ExpandProperty DeviceID":
COM7
COM6
COM15
COM16
COM14
COM11
COM4
COM8
COM13
COM12


!ENTRY com.st.stm32cube.ide.mpu.remote.serial 1 1 2026-05-20 11:06:08.828
!MESSAGE port: COM7

!ENTRY com.st.stm32cube.ide.mpu.remote.serial 1 1 2026-05-20 11:06:08.829
!MESSAGE port: COM6

!ENTRY com.st.stm32cube.ide.mpu.remote.serial 1 1 2026-05-20 11:06:08.831
!MESSAGE port: COM15

!ENTRY com.st.stm32cube.ide.mpu.remote.serial 1 1 2026-05-20 11:06:08.832
!MESSAGE port: COM16

!ENTRY com.st.stm32cube.ide.mpu.remote.serial 1 1 2026-05-20 11:06:08.834
!MESSAGE port: COM14

!ENTRY com.st.stm32cube.ide.mpu.remote.serial 1 1 2026-05-20 11:06:08.836
!MESSAGE port: COM11

!ENTRY com.st.stm32cube.ide.mpu.remote.serial 1 1 2026-05-20 11:06:08.837
!MESSAGE port: COM4

!ENTRY com.st.stm32cube.ide.mpu.remote.serial 1 1 2026-05-20 11:06:08.838
!MESSAGE port: COM8

!ENTRY com.st.stm32cube.ide.mpu.remote.serial 1 1 2026-05-20 11:06:08.840
!MESSAGE port: COM13

!ENTRY com.st.stm32cube.ide.mpu.remote.serial 1 1 2026-05-20 11:06:08.841
!MESSAGE port: COM12

!ENTRY com.st.stm32cube.ide.mpu.remote.serial 1 1 2026-05-20 11:06:37.052
!MESSAGE Executed PowerShell command powershell.exe -Command "Get-CimInstance -ClassName Win32_SerialPort | Select-Object -ExpandProperty DeviceID":
COM7
COM6
COM15
COM16
COM14
COM11
COM4
COM8
COM13
COM12


!ENTRY com.st.stm32cube.ide.mpu.remote.serial 1 1 2026-05-20 11:06:37.053
!MESSAGE port: COM7

!ENTRY com.st.stm32cube.ide.mpu.remote.serial 1 1 2026-05-20 11:06:37.054
!MESSAGE port: COM6

!ENTRY com.st.stm32cube.ide.mpu.remote.serial 1 1 2026-05-20 11:06:37.055
!MESSAGE port: COM15

!ENTRY com.st.stm32cube.ide.mpu.remote.serial 1 1 2026-05-20 11:06:37.056
!MESSAGE port: COM16

!ENTRY com.st.stm32cube.ide.mpu.remote.serial 1 1 2026-05-20 11:06:37.056
!MESSAGE port: COM14

!ENTRY com.st.stm32cube.ide.mpu.remote.serial 1 1 2026-05-20 11:06:37.057
!MESSAGE port: COM11

!ENTRY com.st.stm32cube.ide.mpu.remote.serial 1 1 2026-05-20 11:06:37.058
!MESSAGE port: COM4

!ENTRY com.st.stm32cube.ide.mpu.remote.serial 1 1 2026-05-20 11:06:37.059
!MESSAGE port: COM8

!ENTRY com.st.stm32cube.ide.mpu.remote.serial 1 1 2026-05-20 11:06:37.059
!MESSAGE port: COM13

!ENTRY com.st.stm32cube.ide.mpu.remote.serial 1 1 2026-05-20 11:06:37.060
!MESSAGE port: COM12

!ENTRY com.st.stm32cube.ide.mpu.remote.serial 1 1 2026-05-20 11:07:13.952
!MESSAGE Executed PowerShell command powershell.exe -Command "Get-CimInstance -ClassName Win32_SerialPort | Select-Object -ExpandProperty DeviceID":
COM7
COM6
COM15
COM16
COM14
COM11
COM4
COM8
COM13
COM12


!ENTRY com.st.stm32cube.ide.mpu.remote.serial 1 1 2026-05-20 11:07:13.954
!MESSAGE port: COM7

!ENTRY com.st.stm32cube.ide.mpu.remote.serial 1 1 2026-05-20 11:07:13.955
!MESSAGE port: COM6

!ENTRY com.st.stm32cube.ide.mpu.remote.serial 1 1 2026-05-20 11:07:13.957
!MESSAGE port: COM15

!ENTRY com.st.stm32cube.ide.mpu.remote.serial 1 1 2026-05-20 11:07:13.959
!MESSAGE port: COM16

!ENTRY com.st.stm32cube.ide.mpu.remote.serial 1 1 2026-05-20 11:07:13.960
!MESSAGE port: COM14

!ENTRY com.st.stm32cube.ide.mpu.remote.serial 1 1 2026-05-20 11:07:13.962
!MESSAGE port: COM11

!ENTRY com.st.stm32cube.ide.mpu.remote.serial 1 1 2026-05-20 11:07:13.963
!MESSAGE port: COM4

!ENTRY com.st.stm32cube.ide.mpu.remote.serial 1 1 2026-05-20 11:07:13.965
!MESSAGE port: COM8

!ENTRY com.st.stm32cube.ide.mpu.remote.serial 1 1 2026-05-20 11:07:13.966
!MESSAGE port: COM13

!ENTRY com.st.stm32cube.ide.mpu.remote.serial 1 1 2026-05-20 11:07:13.968
!MESSAGE port: COM12

!ENTRY com.st.stm32cube.ide.mpu.remote.serial 1 1 2026-05-20 11:08:52.276
!MESSAGE Executed PowerShell command powershell.exe -Command "Get-CimInstance -ClassName Win32_SerialPort | Select-Object -ExpandProperty DeviceID":
COM7
COM6
COM15
COM16
COM14
COM11
COM4
COM8
COM13
COM12


!ENTRY com.st.stm32cube.ide.mpu.remote.serial 1 1 2026-05-20 11:08:52.278
!MESSAGE port: COM7

!ENTRY com.st.stm32cube.ide.mpu.remote.serial 1 1 2026-05-20 11:08:52.281
!MESSAGE port: COM6

!ENTRY com.st.stm32cube.ide.mpu.remote.serial 1 1 2026-05-20 11:08:52.283
!MESSAGE port: COM15

!ENTRY com.st.stm32cube.ide.mpu.remote.serial 1 1 2026-05-20 11:08:52.285
!MESSAGE port: COM16

!ENTRY com.st.stm32cube.ide.mpu.remote.serial 1 1 2026-05-20 11:08:52.287
!MESSAGE port: COM14

!ENTRY com.st.stm32cube.ide.mpu.remote.serial 1 1 2026-05-20 11:08:52.290
!MESSAGE port: COM11

!ENTRY com.st.stm32cube.ide.mpu.remote.serial 1 1 2026-05-20 11:08:52.292
!MESSAGE port: COM4

!ENTRY com.st.stm32cube.ide.mpu.remote.serial 1 1 2026-05-20 11:08:52.294
!MESSAGE port: COM8

!ENTRY com.st.stm32cube.ide.mpu.remote.serial 1 1 2026-05-20 11:08:52.296
!MESSAGE port: COM13

!ENTRY com.st.stm32cube.ide.mpu.remote.serial 1 1 2026-05-20 11:08:52.298
!MESSAGE port: COM12

!ENTRY com.st.stm32cube.ide.mpu.remote.serial 1 1 2026-05-20 11:09:29.115
!MESSAGE Executed PowerShell command powershell.exe -Command "Get-CimInstance -ClassName Win32_SerialPort | Select-Object -ExpandProperty DeviceID":
COM7
COM6
COM15
COM16
COM14
COM11
COM4
COM8
COM13
COM12


!ENTRY com.st.stm32cube.ide.mpu.remote.serial 1 1 2026-05-20 11:09:29.116
!MESSAGE port: COM7

!ENTRY com.st.stm32cube.ide.mpu.remote.serial 1 1 2026-05-20 11:09:29.117
!MESSAGE port: COM6

!ENTRY com.st.stm32cube.ide.mpu.remote.serial 1 1 2026-05-20 11:09:29.117
!MESSAGE port: COM15

!ENTRY com.st.stm32cube.ide.mpu.remote.serial 1 1 2026-05-20 11:09:29.118
!MESSAGE port: COM16

!ENTRY com.st.stm32cube.ide.mpu.remote.serial 1 1 2026-05-20 11:09:29.119
!MESSAGE port: COM14

!ENTRY com.st.stm32cube.ide.mpu.remote.serial 1 1 2026-05-20 11:09:29.119
!MESSAGE port: COM11

!ENTRY com.st.stm32cube.ide.mpu.remote.serial 1 1 2026-05-20 11:09:29.120
!MESSAGE port: COM4

!ENTRY com.st.stm32cube.ide.mpu.remote.serial 1 1 2026-05-20 11:09:29.121
!MESSAGE port: COM8

!ENTRY com.st.stm32cube.ide.mpu.remote.serial 1 1 2026-05-20 11:09:29.121
!MESSAGE port: COM13

!ENTRY com.st.stm32cube.ide.mpu.remote.serial 1 1 2026-05-20 11:09:29.122
!MESSAGE port: COM12

!ENTRY com.st.stm32cube.ide.mpu.remote.serial 1 1 2026-05-20 11:09:57.618
!MESSAGE Executed PowerShell command powershell.exe -Command "Get-CimInstance -ClassName Win32_SerialPort | Select-Object -ExpandProperty DeviceID":
COM7
COM6
COM15
COM16
COM14
COM11
COM4
COM8
COM13
COM12


!ENTRY com.st.stm32cube.ide.mpu.remote.serial 1 1 2026-05-20 11:09:57.620
!MESSAGE port: COM7

!ENTRY com.st.stm32cube.ide.mpu.remote.serial 1 1 2026-05-20 11:09:57.621
!MESSAGE port: COM6

!ENTRY com.st.stm32cube.ide.mpu.remote.serial 1 1 2026-05-20 11:09:57.622
!MESSAGE port: COM15

!ENTRY com.st.stm32cube.ide.mpu.remote.serial 1 1 2026-05-20 11:09:57.624
!MESSAGE port: COM16

!ENTRY com.st.stm32cube.ide.mpu.remote.serial 1 1 2026-05-20 11:09:57.625
!MESSAGE port: COM14

!ENTRY com.st.stm32cube.ide.mpu.remote.serial 1 1 2026-05-20 11:09:57.626
!MESSAGE port: COM11

!ENTRY com.st.stm32cube.ide.mpu.remote.serial 1 1 2026-05-20 11:09:57.627
!MESSAGE port: COM4

!ENTRY com.st.stm32cube.ide.mpu.remote.serial 1 1 2026-05-20 11:09:57.629
!MESSAGE port: COM8

!ENTRY com.st.stm32cube.ide.mpu.remote.serial 1 1 2026-05-20 11:09:57.630
!MESSAGE port: COM13

!ENTRY com.st.stm32cube.ide.mpu.remote.serial 1 1 2026-05-20 11:09:57.631
!MESSAGE port: COM12

!ENTRY com.st.stm32cube.ide.mpu.remote.serial 1 1 2026-05-20 11:11:11.979
!MESSAGE Executed PowerShell command powershell.exe -Command "Get-CimInstance -ClassName Win32_SerialPort | Select-Object -ExpandProperty DeviceID":
COM7
COM6
COM15
COM16
COM14
COM11
COM4
COM8
COM13
COM12


!ENTRY com.st.stm32cube.ide.mpu.remote.serial 1 1 2026-05-20 11:11:11.981
!MESSAGE port: COM7

!ENTRY com.st.stm32cube.ide.mpu.remote.serial 1 1 2026-05-20 11:11:11.981
!MESSAGE port: COM6

!ENTRY com.st.stm32cube.ide.mpu.remote.serial 1 1 2026-05-20 11:11:11.982
!MESSAGE port: COM15

!ENTRY com.st.stm32cube.ide.mpu.remote.serial 1 1 2026-05-20 11:11:11.982
!MESSAGE port: COM16

!ENTRY com.st.stm32cube.ide.mpu.remote.serial 1 1 2026-05-20 11:11:11.984
!MESSAGE port: COM14

!ENTRY com.st.stm32cube.ide.mpu.remote.serial 1 1 2026-05-20 11:11:11.984
!MESSAGE port: COM11

!ENTRY com.st.stm32cube.ide.mpu.remote.serial 1 1 2026-05-20 11:11:11.985
!MESSAGE port: COM4

!ENTRY com.st.stm32cube.ide.mpu.remote.serial 1 1 2026-05-20 11:11:11.986
!MESSAGE port: COM8

!ENTRY com.st.stm32cube.ide.mpu.remote.serial 1 1 2026-05-20 11:11:11.987
!MESSAGE port: COM13

!ENTRY com.st.stm32cube.ide.mpu.remote.serial 1 1 2026-05-20 11:11:11.988
!MESSAGE port: COM12

!ENTRY com.st.stm32cube.ide.mpu.remote.serial 1 1 2026-05-20 11:11:40.355
!MESSAGE Executed PowerShell command powershell.exe -Command "Get-CimInstance -ClassName Win32_SerialPort | Select-Object -ExpandProperty DeviceID":
COM7
COM6
COM15
COM16
COM14
COM11
COM4
COM8
COM13
COM12


!ENTRY com.st.stm32cube.ide.mpu.remote.serial 1 1 2026-05-20 11:11:40.357
!MESSAGE port: COM7

!ENTRY com.st.stm32cube.ide.mpu.remote.serial 1 1 2026-05-20 11:11:40.358
!MESSAGE port: COM6

!ENTRY com.st.stm32cube.ide.mpu.remote.serial 1 1 2026-05-20 11:11:40.360
!MESSAGE port: COM15

!ENTRY com.st.stm32cube.ide.mpu.remote.serial 1 1 2026-05-20 11:11:40.362
!MESSAGE port: COM16

!ENTRY com.st.stm32cube.ide.mpu.remote.serial 1 1 2026-05-20 11:11:40.363
!MESSAGE port: COM14

!ENTRY com.st.stm32cube.ide.mpu.remote.serial 1 1 2026-05-20 11:11:40.365
!MESSAGE port: COM11

!ENTRY com.st.stm32cube.ide.mpu.remote.serial 1 1 2026-05-20 11:11:40.368
!MESSAGE port: COM4

!ENTRY com.st.stm32cube.ide.mpu.remote.serial 1 1 2026-05-20 11:11:40.368
!MESSAGE port: COM8

!ENTRY com.st.stm32cube.ide.mpu.remote.serial 1 1 2026-05-20 11:11:40.369
!MESSAGE port: COM13

!ENTRY com.st.stm32cube.ide.mpu.remote.serial 1 1 2026-05-20 11:11:40.371
!MESSAGE port: COM12

!ENTRY com.st.stm32cube.ide.mpu.remote.serial 1 1 2026-05-20 11:39:34.673
!MESSAGE Executed PowerShell command powershell.exe -Command "Get-CimInstance -ClassName Win32_SerialPort | Select-Object -ExpandProperty DeviceID":
COM7
COM6
COM15
COM16
COM14
COM11
COM4
COM8
COM13
COM12


!ENTRY com.st.stm32cube.ide.mpu.remote.serial 1 1 2026-05-20 11:39:34.674
!MESSAGE port: COM7

!ENTRY com.st.stm32cube.ide.mpu.remote.serial 1 1 2026-05-20 11:39:34.675
!MESSAGE port: COM6

!ENTRY com.st.stm32cube.ide.mpu.remote.serial 1 1 2026-05-20 11:39:34.676
!MESSAGE port: COM15

!ENTRY com.st.stm32cube.ide.mpu.remote.serial 1 1 2026-05-20 11:39:34.677
!MESSAGE port: COM16

!ENTRY com.st.stm32cube.ide.mpu.remote.serial 1 1 2026-05-20 11:39:34.678
!MESSAGE port: COM14

!ENTRY com.st.stm32cube.ide.mpu.remote.serial 1 1 2026-05-20 11:39:34.678
!MESSAGE port: COM11

!ENTRY com.st.stm32cube.ide.mpu.remote.serial 1 1 2026-05-20 11:39:34.679
!MESSAGE port: COM4

!ENTRY com.st.stm32cube.ide.mpu.remote.serial 1 1 2026-05-20 11:39:34.680
!MESSAGE port: COM8

!ENTRY com.st.stm32cube.ide.mpu.remote.serial 1 1 2026-05-20 11:39:34.681
!MESSAGE port: COM13

!ENTRY com.st.stm32cube.ide.mpu.remote.serial 1 1 2026-05-20 11:39:34.681
!MESSAGE port: COM12

!ENTRY com.st.stm32cube.ide.mpu.remote.serial 1 1 2026-05-20 11:40:03.410
!MESSAGE Executed PowerShell command powershell.exe -Command "Get-CimInstance -ClassName Win32_SerialPort | Select-Object -ExpandProperty DeviceID":
COM7
COM6
COM15
COM16
COM14
COM11
COM4
COM8
COM13
COM12


!ENTRY com.st.stm32cube.ide.mpu.remote.serial 1 1 2026-05-20 11:40:03.410
!MESSAGE port: COM7

!ENTRY com.st.stm32cube.ide.mpu.remote.serial 1 1 2026-05-20 11:40:03.411
!MESSAGE port: COM6

!ENTRY com.st.stm32cube.ide.mpu.remote.serial 1 1 2026-05-20 11:40:03.412
!MESSAGE port: COM15

!ENTRY com.st.stm32cube.ide.mpu.remote.serial 1 1 2026-05-20 11:40:03.413
!MESSAGE port: COM16

!ENTRY com.st.stm32cube.ide.mpu.remote.serial 1 1 2026-05-20 11:40:03.413
!MESSAGE port: COM14

!ENTRY com.st.stm32cube.ide.mpu.remote.serial 1 1 2026-05-20 11:40:03.414
!MESSAGE port: COM11

!ENTRY com.st.stm32cube.ide.mpu.remote.serial 1 1 2026-05-20 11:40:03.415
!MESSAGE port: COM4

!ENTRY com.st.stm32cube.ide.mpu.remote.serial 1 1 2026-05-20 11:40:03.415
!MESSAGE port: COM8

!ENTRY com.st.stm32cube.ide.mpu.remote.serial 1 1 2026-05-20 11:40:03.416
!MESSAGE port: COM13

!ENTRY com.st.stm32cube.ide.mpu.remote.serial 1 1 2026-05-20 11:40:03.417
!MESSAGE port: COM12

!ENTRY org.eclipse.cdt.core 1 0 2026-05-20 11:55:27.535
!MESSAGE Indexed 'Prueba_tx_rak' (52 sources, 173 headers) in 5,33 sec: 17.719 declarations; 70.125 references; 3 unresolved inclusions; 33 syntax errors; 171 unresolved names (0,19 %)

!ENTRY com.st.stm32cube.ide.mpu.remote.serial 1 1 2026-05-20 11:58:14.228
!MESSAGE Executed PowerShell command powershell.exe -Command "Get-CimInstance -ClassName Win32_SerialPort | Select-Object -ExpandProperty DeviceID":
COM7
COM6
COM15
COM16
COM14
COM11
COM4
COM8
COM13
COM12


!ENTRY com.st.stm32cube.ide.mpu.remote.serial 1 1 2026-05-20 11:58:14.229
!MESSAGE port: COM7

!ENTRY com.st.stm32cube.ide.mpu.remote.serial 1 1 2026-05-20 11:58:14.230
!MESSAGE port: COM6

!ENTRY com.st.stm32cube.ide.mpu.remote.serial 1 1 2026-05-20 11:58:14.231
!MESSAGE port: COM15

!ENTRY com.st.stm32cube.ide.mpu.remote.serial 1 1 2026-05-20 11:58:14.231
!MESSAGE port: COM16

!ENTRY com.st.stm32cube.ide.mpu.remote.serial 1 1 2026-05-20 11:58:14.232
!MESSAGE port: COM14

!ENTRY com.st.stm32cube.ide.mpu.remote.serial 1 1 2026-05-20 11:58:14.233
!MESSAGE port: COM11

!ENTRY com.st.stm32cube.ide.mpu.remote.serial 1 1 2026-05-20 11:58:14.233
!MESSAGE port: COM4

!ENTRY com.st.stm32cube.ide.mpu.remote.serial 1 1 2026-05-20 11:58:14.234
!MESSAGE port: COM8

!ENTRY com.st.stm32cube.ide.mpu.remote.serial 1 1 2026-05-20 11:58:14.235
!MESSAGE port: COM13

!ENTRY com.st.stm32cube.ide.mpu.remote.serial 1 1 2026-05-20 11:58:14.235
!MESSAGE port: COM12

!ENTRY com.st.stm32cube.ide.mpu.remote.serial 1 1 2026-05-20 11:58:42.603
!MESSAGE Executed PowerShell command powershell.exe -Command "Get-CimInstance -ClassName Win32_SerialPort | Select-Object -ExpandProperty DeviceID":
COM7
COM6
COM15
COM16
COM14
COM11
COM4
COM8
COM13
COM12


!ENTRY com.st.stm32cube.ide.mpu.remote.serial 1 1 2026-05-20 11:58:42.604
!MESSAGE port: COM7

!ENTRY com.st.stm32cube.ide.mpu.remote.serial 1 1 2026-05-20 11:58:42.605
!MESSAGE port: COM6

!ENTRY com.st.stm32cube.ide.mpu.remote.serial 1 1 2026-05-20 11:58:42.605
!MESSAGE port: COM15

!ENTRY com.st.stm32cube.ide.mpu.remote.serial 1 1 2026-05-20 11:58:42.606
!MESSAGE port: COM16

!ENTRY com.st.stm32cube.ide.mpu.remote.serial 1 1 2026-05-20 11:58:42.607
!MESSAGE port: COM14

!ENTRY com.st.stm32cube.ide.mpu.remote.serial 1 1 2026-05-20 11:58:42.608
!MESSAGE port: COM11

!ENTRY com.st.stm32cube.ide.mpu.remote.serial 1 1 2026-05-20 11:58:42.608
!MESSAGE port: COM4

!ENTRY com.st.stm32cube.ide.mpu.remote.serial 1 1 2026-05-20 11:58:42.609
!MESSAGE port: COM8

!ENTRY com.st.stm32cube.ide.mpu.remote.serial 1 1 2026-05-20 11:58:42.609
!MESSAGE port: COM13

!ENTRY com.st.stm32cube.ide.mpu.remote.serial 1 1 2026-05-20 11:58:42.610
!MESSAGE port: COM12

!ENTRY com.st.stm32cube.ide.mpu.remote.serial 1 1 2026-05-20 11:59:55.866
!MESSAGE Executed PowerShell command powershell.exe -Command "Get-CimInstance -ClassName Win32_SerialPort | Select-Object -ExpandProperty DeviceID":
COM7
COM6
COM15
COM16
COM14
COM11
COM4
COM8
COM13
COM12


!ENTRY com.st.stm32cube.ide.mpu.remote.serial 1 1 2026-05-20 11:59:55.867
!MESSAGE port: COM7

!ENTRY com.st.stm32cube.ide.mpu.remote.serial 1 1 2026-05-20 11:59:55.867
!MESSAGE port: COM6

!ENTRY com.st.stm32cube.ide.mpu.remote.serial 1 1 2026-05-20 11:59:55.868
!MESSAGE port: COM15

!ENTRY com.st.stm32cube.ide.mpu.remote.serial 1 1 2026-05-20 11:59:55.868
!MESSAGE port: COM16

!ENTRY com.st.stm32cube.ide.mpu.remote.serial 1 1 2026-05-20 11:59:55.869
!MESSAGE port: COM14

!ENTRY com.st.stm32cube.ide.mpu.remote.serial 1 1 2026-05-20 11:59:55.870
!MESSAGE port: COM11

!ENTRY com.st.stm32cube.ide.mpu.remote.serial 1 1 2026-05-20 11:59:55.870
!MESSAGE port: COM4

!ENTRY com.st.stm32cube.ide.mpu.remote.serial 1 1 2026-05-20 11:59:55.870
!MESSAGE port: COM8

!ENTRY com.st.stm32cube.ide.mpu.remote.serial 1 1 2026-05-20 11:59:55.870
!MESSAGE port: COM13

!ENTRY com.st.stm32cube.ide.mpu.remote.serial 1 1 2026-05-20 11:59:55.870
!MESSAGE port: COM12

!ENTRY com.st.stm32cube.ide.mpu.remote.serial 1 1 2026-05-20 12:16:07.253
!MESSAGE Executed PowerShell command powershell.exe -Command "Get-CimInstance -ClassName Win32_SerialPort | Select-Object -ExpandProperty DeviceID":
COM7
COM6
COM15
COM16
COM14
COM11
COM4
COM8
COM13
COM12


!ENTRY com.st.stm32cube.ide.mpu.remote.serial 1 1 2026-05-20 12:16:07.253
!MESSAGE port: COM7

!ENTRY com.st.stm32cube.ide.mpu.remote.serial 1 1 2026-05-20 12:16:07.255
!MESSAGE port: COM6

!ENTRY com.st.stm32cube.ide.mpu.remote.serial 1 1 2026-05-20 12:16:07.256
!MESSAGE port: COM15

!ENTRY com.st.stm32cube.ide.mpu.remote.serial 1 1 2026-05-20 12:16:07.257
!MESSAGE port: COM16

!ENTRY com.st.stm32cube.ide.mpu.remote.serial 1 1 2026-05-20 12:16:07.258
!MESSAGE port: COM14

!ENTRY com.st.stm32cube.ide.mpu.remote.serial 1 1 2026-05-20 12:16:07.259
!MESSAGE port: COM11

!ENTRY com.st.stm32cube.ide.mpu.remote.serial 1 1 2026-05-20 12:16:07.260
!MESSAGE port: COM4

!ENTRY com.st.stm32cube.ide.mpu.remote.serial 1 1 2026-05-20 12:16:07.260
!MESSAGE port: COM8

!ENTRY com.st.stm32cube.ide.mpu.remote.serial 1 1 2026-05-20 12:16:07.261
!MESSAGE port: COM13

!ENTRY com.st.stm32cube.ide.mpu.remote.serial 1 1 2026-05-20 12:16:07.262
!MESSAGE port: COM12

!ENTRY com.st.stm32cube.ide.mpu.remote.serial 1 1 2026-05-20 12:16:36.099
!MESSAGE Executed PowerShell command powershell.exe -Command "Get-CimInstance -ClassName Win32_SerialPort | Select-Object -ExpandProperty DeviceID":
COM7
COM6
COM15
COM16
COM14
COM11
COM4
COM8
COM13
COM12


!ENTRY com.st.stm32cube.ide.mpu.remote.serial 1 1 2026-05-20 12:16:36.100
!MESSAGE port: COM7

!ENTRY com.st.stm32cube.ide.mpu.remote.serial 1 1 2026-05-20 12:16:36.100
!MESSAGE port: COM6

!ENTRY com.st.stm32cube.ide.mpu.remote.serial 1 1 2026-05-20 12:16:36.101
!MESSAGE port: COM15

!ENTRY com.st.stm32cube.ide.mpu.remote.serial 1 1 2026-05-20 12:16:36.102
!MESSAGE port: COM16

!ENTRY com.st.stm32cube.ide.mpu.remote.serial 1 1 2026-05-20 12:16:36.102
!MESSAGE port: COM14

!ENTRY com.st.stm32cube.ide.mpu.remote.serial 1 1 2026-05-20 12:16:36.103
!MESSAGE port: COM11

!ENTRY com.st.stm32cube.ide.mpu.remote.serial 1 1 2026-05-20 12:16:36.104
!MESSAGE port: COM4

!ENTRY com.st.stm32cube.ide.mpu.remote.serial 1 1 2026-05-20 12:16:36.104
!MESSAGE port: COM8

!ENTRY com.st.stm32cube.ide.mpu.remote.serial 1 1 2026-05-20 12:16:36.105
!MESSAGE port: COM13

!ENTRY com.st.stm32cube.ide.mpu.remote.serial 1 1 2026-05-20 12:16:36.106
!MESSAGE port: COM12

!ENTRY org.eclipse.cdt.core 1 0 2026-05-20 12:56:30.920
!MESSAGE Indexed 'LED_STM32WL' (21 sources, 154 headers) in 5,05 sec: 16.236 declarations; 62.643 references; 1 unresolved inclusions; 76 syntax errors; 240 unresolved names (0,3 %)

!ENTRY com.st.stm32cube.ide.mpu.remote.serial 1 1 2026-05-20 17:50:16.341
!MESSAGE Executed PowerShell command powershell.exe -Command "Get-CimInstance -ClassName Win32_SerialPort | Select-Object -ExpandProperty DeviceID":
COM7
COM6
COM15
COM16
COM14
COM11
COM4
COM8
COM13
COM12


!ENTRY com.st.stm32cube.ide.mpu.remote.serial 1 1 2026-05-20 17:50:16.344
!MESSAGE port: COM7

!ENTRY com.st.stm32cube.ide.mpu.remote.serial 1 1 2026-05-20 17:50:16.346
!MESSAGE port: COM6

!ENTRY com.st.stm32cube.ide.mpu.remote.serial 1 1 2026-05-20 17:50:16.348
!MESSAGE port: COM15

!ENTRY com.st.stm32cube.ide.mpu.remote.serial 1 1 2026-05-20 17:50:16.350
!MESSAGE port: COM16

!ENTRY com.st.stm32cube.ide.mpu.remote.serial 1 1 2026-05-20 17:50:16.351
!MESSAGE port: COM14

!ENTRY com.st.stm32cube.ide.mpu.remote.serial 1 1 2026-05-20 17:50:16.354
!MESSAGE port: COM11

!ENTRY com.st.stm32cube.ide.mpu.remote.serial 1 1 2026-05-20 17:50:16.355
!MESSAGE port: COM4

!ENTRY com.st.stm32cube.ide.mpu.remote.serial 1 1 2026-05-20 17:50:16.357
!MESSAGE port: COM8

!ENTRY com.st.stm32cube.ide.mpu.remote.serial 1 1 2026-05-20 17:50:16.358
!MESSAGE port: COM13

!ENTRY com.st.stm32cube.ide.mpu.remote.serial 1 1 2026-05-20 17:50:16.360
!MESSAGE port: COM12

!ENTRY com.st.stm32cube.ide.mpu.remote.serial 1 1 2026-05-20 17:52:51.647
!MESSAGE Executed PowerShell command powershell.exe -Command "Get-CimInstance -ClassName Win32_SerialPort | Select-Object -ExpandProperty DeviceID":
COM7
COM6
COM15
COM16
COM14
COM11
COM4
COM8
COM13
COM12


!ENTRY com.st.stm32cube.ide.mpu.remote.serial 1 1 2026-05-20 17:52:51.648
!MESSAGE port: COM7

!ENTRY com.st.stm32cube.ide.mpu.remote.serial 1 1 2026-05-20 17:52:51.648
!MESSAGE port: COM6

!ENTRY com.st.stm32cube.ide.mpu.remote.serial 1 1 2026-05-20 17:52:51.649
!MESSAGE port: COM15

!ENTRY com.st.stm32cube.ide.mpu.remote.serial 1 1 2026-05-20 17:52:51.650
!MESSAGE port: COM16

!ENTRY com.st.stm32cube.ide.mpu.remote.serial 1 1 2026-05-20 17:52:51.651
!MESSAGE port: COM14

!ENTRY com.st.stm32cube.ide.mpu.remote.serial 1 1 2026-05-20 17:52:51.652
!MESSAGE port: COM11

!ENTRY com.st.stm32cube.ide.mpu.remote.serial 1 1 2026-05-20 17:52:51.653
!MESSAGE port: COM4

!ENTRY com.st.stm32cube.ide.mpu.remote.serial 1 1 2026-05-20 17:52:51.653
!MESSAGE port: COM8

!ENTRY com.st.stm32cube.ide.mpu.remote.serial 1 1 2026-05-20 17:52:51.654
!MESSAGE port: COM13

!ENTRY com.st.stm32cube.ide.mpu.remote.serial 1 1 2026-05-20 17:52:51.655
!MESSAGE port: COM12

!ENTRY com.st.stm32cube.ide.mpu.remote.serial 1 1 2026-05-20 17:53:19.949
!MESSAGE Executed PowerShell command powershell.exe -Command "Get-CimInstance -ClassName Win32_SerialPort | Select-Object -ExpandProperty DeviceID":
COM7
COM6
COM15
COM16
COM14
COM11
COM4
COM8
COM13
COM12


!ENTRY com.st.stm32cube.ide.mpu.remote.serial 1 1 2026-05-20 17:53:19.960
!MESSAGE port: COM7

!ENTRY com.st.stm32cube.ide.mpu.remote.serial 1 1 2026-05-20 17:53:19.960
!MESSAGE port: COM6

!ENTRY com.st.stm32cube.ide.mpu.remote.serial 1 1 2026-05-20 17:53:19.960
!MESSAGE port: COM15

!ENTRY com.st.stm32cube.ide.mpu.remote.serial 1 1 2026-05-20 17:53:19.960
!MESSAGE port: COM16

!ENTRY com.st.stm32cube.ide.mpu.remote.serial 1 1 2026-05-20 17:53:19.966
!MESSAGE port: COM14

!ENTRY com.st.stm32cube.ide.mpu.remote.serial 1 1 2026-05-20 17:53:19.968
!MESSAGE port: COM11

!ENTRY com.st.stm32cube.ide.mpu.remote.serial 1 1 2026-05-20 17:53:19.970
!MESSAGE port: COM4

!ENTRY com.st.stm32cube.ide.mpu.remote.serial 1 1 2026-05-20 17:53:19.970
!MESSAGE port: COM8

!ENTRY com.st.stm32cube.ide.mpu.remote.serial 1 1 2026-05-20 17:53:19.970
!MESSAGE port: COM13

!ENTRY com.st.stm32cube.ide.mpu.remote.serial 1 1 2026-05-20 17:53:19.970
!MESSAGE port: COM12

!ENTRY com.st.stm32cube.ide.mpu.remote.serial 1 1 2026-05-20 18:10:18.582
!MESSAGE Executed PowerShell command powershell.exe -Command "Get-CimInstance -ClassName Win32_SerialPort | Select-Object -ExpandProperty DeviceID":
COM7
COM6
COM15
COM16
COM14
COM11
COM4
COM8
COM13
COM12


!ENTRY com.st.stm32cube.ide.mpu.remote.serial 1 1 2026-05-20 18:10:18.582
!MESSAGE port: COM7

!ENTRY com.st.stm32cube.ide.mpu.remote.serial 1 1 2026-05-20 18:10:18.584
!MESSAGE port: COM6

!ENTRY com.st.stm32cube.ide.mpu.remote.serial 1 1 2026-05-20 18:10:18.585
!MESSAGE port: COM15

!ENTRY com.st.stm32cube.ide.mpu.remote.serial 1 1 2026-05-20 18:10:18.589
!MESSAGE port: COM16

!ENTRY com.st.stm32cube.ide.mpu.remote.serial 1 1 2026-05-20 18:10:18.593
!MESSAGE port: COM14

!ENTRY com.st.stm32cube.ide.mpu.remote.serial 1 1 2026-05-20 18:10:18.598
!MESSAGE port: COM11

!ENTRY com.st.stm32cube.ide.mpu.remote.serial 1 1 2026-05-20 18:10:18.600
!MESSAGE port: COM4

!ENTRY com.st.stm32cube.ide.mpu.remote.serial 1 1 2026-05-20 18:10:18.602
!MESSAGE port: COM8

!ENTRY com.st.stm32cube.ide.mpu.remote.serial 1 1 2026-05-20 18:10:18.604
!MESSAGE port: COM13

!ENTRY com.st.stm32cube.ide.mpu.remote.serial 1 1 2026-05-20 18:10:18.606
!MESSAGE port: COM12

!ENTRY com.st.stm32cube.ide.mpu.remote.serial 1 1 2026-05-20 18:10:48.685
!MESSAGE Executed PowerShell command powershell.exe -Command "Get-CimInstance -ClassName Win32_SerialPort | Select-Object -ExpandProperty DeviceID":
COM7
COM6
COM15
COM16
COM14
COM11
COM4
COM8
COM13
COM12


!ENTRY com.st.stm32cube.ide.mpu.remote.serial 1 1 2026-05-20 18:10:48.685
!MESSAGE port: COM7

!ENTRY com.st.stm32cube.ide.mpu.remote.serial 1 1 2026-05-20 18:10:48.687
!MESSAGE port: COM6

!ENTRY com.st.stm32cube.ide.mpu.remote.serial 1 1 2026-05-20 18:10:48.687
!MESSAGE port: COM15

!ENTRY com.st.stm32cube.ide.mpu.remote.serial 1 1 2026-05-20 18:10:48.689
!MESSAGE port: COM16

!ENTRY com.st.stm32cube.ide.mpu.remote.serial 1 1 2026-05-20 18:10:48.696
!MESSAGE port: COM14

!ENTRY com.st.stm32cube.ide.mpu.remote.serial 1 1 2026-05-20 18:10:48.696
!MESSAGE port: COM11

!ENTRY com.st.stm32cube.ide.mpu.remote.serial 1 1 2026-05-20 18:10:48.706
!MESSAGE port: COM4

!ENTRY com.st.stm32cube.ide.mpu.remote.serial 1 1 2026-05-20 18:10:48.706
!MESSAGE port: COM8

!ENTRY com.st.stm32cube.ide.mpu.remote.serial 1 1 2026-05-20 18:10:48.708
!MESSAGE port: COM13

!ENTRY com.st.stm32cube.ide.mpu.remote.serial 1 1 2026-05-20 18:10:48.708
!MESSAGE port: COM12

!ENTRY com.st.stm32cube.ide.mpu.remote.serial 1 1 2026-05-20 18:11:43.193
!MESSAGE Executed PowerShell command powershell.exe -Command "Get-CimInstance -ClassName Win32_SerialPort | Select-Object -ExpandProperty DeviceID":
COM7
COM6
COM15
COM16
COM14
COM11
COM4
COM8
COM13
COM12


!ENTRY com.st.stm32cube.ide.mpu.remote.serial 1 1 2026-05-20 18:11:43.200
!MESSAGE port: COM7

!ENTRY com.st.stm32cube.ide.mpu.remote.serial 1 1 2026-05-20 18:11:43.203
!MESSAGE port: COM6

!ENTRY com.st.stm32cube.ide.mpu.remote.serial 1 1 2026-05-20 18:11:43.206
!MESSAGE port: COM15

!ENTRY com.st.stm32cube.ide.mpu.remote.serial 1 1 2026-05-20 18:11:43.209
!MESSAGE port: COM16

!ENTRY com.st.stm32cube.ide.mpu.remote.serial 1 1 2026-05-20 18:11:43.212
!MESSAGE port: COM14

!ENTRY com.st.stm32cube.ide.mpu.remote.serial 1 1 2026-05-20 18:11:43.214
!MESSAGE port: COM11

!ENTRY com.st.stm32cube.ide.mpu.remote.serial 1 1 2026-05-20 18:11:43.217
!MESSAGE port: COM4

!ENTRY com.st.stm32cube.ide.mpu.remote.serial 1 1 2026-05-20 18:11:43.220
!MESSAGE port: COM8

!ENTRY com.st.stm32cube.ide.mpu.remote.serial 1 1 2026-05-20 18:11:43.223
!MESSAGE port: COM13

!ENTRY com.st.stm32cube.ide.mpu.remote.serial 1 1 2026-05-20 18:11:43.223
!MESSAGE port: COM12

!ENTRY com.st.stm32cube.ide.mpu.remote.serial 1 1 2026-05-20 18:12:11.845
!MESSAGE Executed PowerShell command powershell.exe -Command "Get-CimInstance -ClassName Win32_SerialPort | Select-Object -ExpandProperty DeviceID":
COM7
COM6
COM15
COM16
COM14
COM11
COM4
COM8
COM13
COM12


!ENTRY com.st.stm32cube.ide.mpu.remote.serial 1 1 2026-05-20 18:12:11.846
!MESSAGE port: COM7

!ENTRY com.st.stm32cube.ide.mpu.remote.serial 1 1 2026-05-20 18:12:11.847
!MESSAGE port: COM6

!ENTRY com.st.stm32cube.ide.mpu.remote.serial 1 1 2026-05-20 18:12:11.847
!MESSAGE port: COM15

!ENTRY com.st.stm32cube.ide.mpu.remote.serial 1 1 2026-05-20 18:12:11.848
!MESSAGE port: COM16

!ENTRY com.st.stm32cube.ide.mpu.remote.serial 1 1 2026-05-20 18:12:11.849
!MESSAGE port: COM14

!ENTRY com.st.stm32cube.ide.mpu.remote.serial 1 1 2026-05-20 18:12:11.850
!MESSAGE port: COM11

!ENTRY com.st.stm32cube.ide.mpu.remote.serial 1 1 2026-05-20 18:12:11.851
!MESSAGE port: COM4

!ENTRY com.st.stm32cube.ide.mpu.remote.serial 1 1 2026-05-20 18:12:11.852
!MESSAGE port: COM8

!ENTRY com.st.stm32cube.ide.mpu.remote.serial 1 1 2026-05-20 18:12:11.853
!MESSAGE port: COM13

!ENTRY com.st.stm32cube.ide.mpu.remote.serial 1 1 2026-05-20 18:12:11.854
!MESSAGE port: COM12

!ENTRY com.st.stm32cube.ide.mpu.remote.serial 1 1 2026-05-20 18:13:20.628
!MESSAGE Executed PowerShell command powershell.exe -Command "Get-CimInstance -ClassName Win32_SerialPort | Select-Object -ExpandProperty DeviceID":
COM7
COM6
COM15
COM16
COM14
COM11
COM4
COM8
COM13
COM12


!ENTRY com.st.stm32cube.ide.mpu.remote.serial 1 1 2026-05-20 18:13:20.630
!MESSAGE port: COM7

!ENTRY com.st.stm32cube.ide.mpu.remote.serial 1 1 2026-05-20 18:13:20.633
!MESSAGE port: COM6

!ENTRY com.st.stm32cube.ide.mpu.remote.serial 1 1 2026-05-20 18:13:20.635
!MESSAGE port: COM15

!ENTRY com.st.stm32cube.ide.mpu.remote.serial 1 1 2026-05-20 18:13:20.637
!MESSAGE port: COM16

!ENTRY com.st.stm32cube.ide.mpu.remote.serial 1 1 2026-05-20 18:13:20.639
!MESSAGE port: COM14

!ENTRY com.st.stm32cube.ide.mpu.remote.serial 1 1 2026-05-20 18:13:20.642
!MESSAGE port: COM11

!ENTRY com.st.stm32cube.ide.mpu.remote.serial 1 1 2026-05-20 18:13:20.643
!MESSAGE port: COM4

!ENTRY com.st.stm32cube.ide.mpu.remote.serial 1 1 2026-05-20 18:13:20.644
!MESSAGE port: COM8

!ENTRY com.st.stm32cube.ide.mpu.remote.serial 1 1 2026-05-20 18:13:20.647
!MESSAGE port: COM13

!ENTRY com.st.stm32cube.ide.mpu.remote.serial 1 1 2026-05-20 18:13:20.648
!MESSAGE port: COM12

!ENTRY com.st.stm32cube.ide.mpu.remote.serial 1 1 2026-05-20 18:13:49.678
!MESSAGE Executed PowerShell command powershell.exe -Command "Get-CimInstance -ClassName Win32_SerialPort | Select-Object -ExpandProperty DeviceID":
COM7
COM6
COM15
COM16
COM14
COM11
COM4
COM8
COM13
COM12


!ENTRY com.st.stm32cube.ide.mpu.remote.serial 1 1 2026-05-20 18:13:49.678
!MESSAGE port: COM7

!ENTRY com.st.stm32cube.ide.mpu.remote.serial 1 1 2026-05-20 18:13:49.680
!MESSAGE port: COM6

!ENTRY com.st.stm32cube.ide.mpu.remote.serial 1 1 2026-05-20 18:13:49.680
!MESSAGE port: COM15

!ENTRY com.st.stm32cube.ide.mpu.remote.serial 1 1 2026-05-20 18:13:49.682
!MESSAGE port: COM16

!ENTRY com.st.stm32cube.ide.mpu.remote.serial 1 1 2026-05-20 18:13:49.684
!MESSAGE port: COM14

!ENTRY com.st.stm32cube.ide.mpu.remote.serial 1 1 2026-05-20 18:13:49.684
!MESSAGE port: COM11

!ENTRY com.st.stm32cube.ide.mpu.remote.serial 1 1 2026-05-20 18:13:49.686
!MESSAGE port: COM4

!ENTRY com.st.stm32cube.ide.mpu.remote.serial 1 1 2026-05-20 18:13:49.688
!MESSAGE port: COM8

!ENTRY com.st.stm32cube.ide.mpu.remote.serial 1 1 2026-05-20 18:13:49.689
!MESSAGE port: COM13

!ENTRY com.st.stm32cube.ide.mpu.remote.serial 1 1 2026-05-20 18:13:49.689
!MESSAGE port: COM12

!ENTRY com.st.stm32cube.ide.mpu.remote.serial 1 1 2026-05-20 18:18:45.759
!MESSAGE Executed PowerShell command powershell.exe -Command "Get-CimInstance -ClassName Win32_SerialPort | Select-Object -ExpandProperty DeviceID":
COM7
COM6
COM15
COM16
COM14
COM11
COM4
COM8
COM13
COM12


!ENTRY com.st.stm32cube.ide.mpu.remote.serial 1 1 2026-05-20 18:18:45.763
!MESSAGE port: COM7

!ENTRY com.st.stm32cube.ide.mpu.remote.serial 1 1 2026-05-20 18:18:45.765
!MESSAGE port: COM6

!ENTRY com.st.stm32cube.ide.mpu.remote.serial 1 1 2026-05-20 18:18:45.767
!MESSAGE port: COM15

!ENTRY com.st.stm32cube.ide.mpu.remote.serial 1 1 2026-05-20 18:18:45.770
!MESSAGE port: COM16

!ENTRY com.st.stm32cube.ide.mpu.remote.serial 1 1 2026-05-20 18:18:45.772
!MESSAGE port: COM14

!ENTRY com.st.stm32cube.ide.mpu.remote.serial 1 1 2026-05-20 18:18:45.774
!MESSAGE port: COM11

!ENTRY com.st.stm32cube.ide.mpu.remote.serial 1 1 2026-05-20 18:18:45.776
!MESSAGE port: COM4

!ENTRY com.st.stm32cube.ide.mpu.remote.serial 1 1 2026-05-20 18:18:45.779
!MESSAGE port: COM8

!ENTRY com.st.stm32cube.ide.mpu.remote.serial 1 1 2026-05-20 18:18:45.781
!MESSAGE port: COM13

!ENTRY com.st.stm32cube.ide.mpu.remote.serial 1 1 2026-05-20 18:18:45.782
!MESSAGE port: COM12

!ENTRY com.st.stm32cube.ide.mpu.remote.serial 1 1 2026-05-20 18:21:42.277
!MESSAGE Executed PowerShell command powershell.exe -Command "Get-CimInstance -ClassName Win32_SerialPort | Select-Object -ExpandProperty DeviceID":
COM7
COM6
COM15
COM16
COM14
COM11
COM4
COM8
COM13
COM12


!ENTRY com.st.stm32cube.ide.mpu.remote.serial 1 1 2026-05-20 18:21:42.280
!MESSAGE port: COM7

!ENTRY com.st.stm32cube.ide.mpu.remote.serial 1 1 2026-05-20 18:21:42.282
!MESSAGE port: COM6

!ENTRY com.st.stm32cube.ide.mpu.remote.serial 1 1 2026-05-20 18:21:42.285
!MESSAGE port: COM15

!ENTRY com.st.stm32cube.ide.mpu.remote.serial 1 1 2026-05-20 18:21:42.287
!MESSAGE port: COM16

!ENTRY com.st.stm32cube.ide.mpu.remote.serial 1 1 2026-05-20 18:21:42.290
!MESSAGE port: COM14

!ENTRY com.st.stm32cube.ide.mpu.remote.serial 1 1 2026-05-20 18:21:42.292
!MESSAGE port: COM11

!ENTRY com.st.stm32cube.ide.mpu.remote.serial 1 1 2026-05-20 18:21:42.294
!MESSAGE port: COM4

!ENTRY com.st.stm32cube.ide.mpu.remote.serial 1 1 2026-05-20 18:21:42.296
!MESSAGE port: COM8

!ENTRY com.st.stm32cube.ide.mpu.remote.serial 1 1 2026-05-20 18:21:42.298
!MESSAGE port: COM13

!ENTRY com.st.stm32cube.ide.mpu.remote.serial 1 1 2026-05-20 18:21:42.302
!MESSAGE port: COM12

!ENTRY com.st.stm32cube.ide.mpu.remote.serial 1 1 2026-05-20 18:22:23.553
!MESSAGE Executed PowerShell command powershell.exe -Command "Get-CimInstance -ClassName Win32_SerialPort | Select-Object -ExpandProperty DeviceID":
COM7
COM6
COM15
COM16
COM14
COM11
COM4
COM8
COM13
COM12


!ENTRY com.st.stm32cube.ide.mpu.remote.serial 1 1 2026-05-20 18:22:23.556
!MESSAGE port: COM7

!ENTRY com.st.stm32cube.ide.mpu.remote.serial 1 1 2026-05-20 18:22:23.558
!MESSAGE port: COM6

!ENTRY com.st.stm32cube.ide.mpu.remote.serial 1 1 2026-05-20 18:22:23.561
!MESSAGE port: COM15

!ENTRY com.st.stm32cube.ide.mpu.remote.serial 1 1 2026-05-20 18:22:23.563
!MESSAGE port: COM16

!ENTRY com.st.stm32cube.ide.mpu.remote.serial 1 1 2026-05-20 18:22:23.565
!MESSAGE port: COM14

!ENTRY com.st.stm32cube.ide.mpu.remote.serial 1 1 2026-05-20 18:22:23.567
!MESSAGE port: COM11

!ENTRY com.st.stm32cube.ide.mpu.remote.serial 1 1 2026-05-20 18:22:23.568
!MESSAGE port: COM4

!ENTRY com.st.stm32cube.ide.mpu.remote.serial 1 1 2026-05-20 18:22:23.569
!MESSAGE port: COM8

!ENTRY com.st.stm32cube.ide.mpu.remote.serial 1 1 2026-05-20 18:22:23.572
!MESSAGE port: COM13

!ENTRY com.st.stm32cube.ide.mpu.remote.serial 1 1 2026-05-20 18:22:23.574
!MESSAGE port: COM12

!ENTRY com.st.stm32cube.ide.mpu.remote.serial 1 1 2026-05-20 18:22:52.522
!MESSAGE Executed PowerShell command powershell.exe -Command "Get-CimInstance -ClassName Win32_SerialPort | Select-Object -ExpandProperty DeviceID":
COM7
COM6
COM15
COM16
COM14
COM11
COM4
COM8
COM13
COM12


!ENTRY com.st.stm32cube.ide.mpu.remote.serial 1 1 2026-05-20 18:22:52.525
!MESSAGE port: COM7

!ENTRY com.st.stm32cube.ide.mpu.remote.serial 1 1 2026-05-20 18:22:52.527
!MESSAGE port: COM6

!ENTRY com.st.stm32cube.ide.mpu.remote.serial 1 1 2026-05-20 18:22:52.529
!MESSAGE port: COM15

!ENTRY com.st.stm32cube.ide.mpu.remote.serial 1 1 2026-05-20 18:22:52.531
!MESSAGE port: COM16

!ENTRY com.st.stm32cube.ide.mpu.remote.serial 1 1 2026-05-20 18:22:52.533
!MESSAGE port: COM14

!ENTRY com.st.stm32cube.ide.mpu.remote.serial 1 1 2026-05-20 18:22:52.535
!MESSAGE port: COM11

!ENTRY com.st.stm32cube.ide.mpu.remote.serial 1 1 2026-05-20 18:22:52.537
!MESSAGE port: COM4

!ENTRY com.st.stm32cube.ide.mpu.remote.serial 1 1 2026-05-20 18:22:52.539
!MESSAGE port: COM8

!ENTRY com.st.stm32cube.ide.mpu.remote.serial 1 1 2026-05-20 18:22:52.540
!MESSAGE port: COM13

!ENTRY com.st.stm32cube.ide.mpu.remote.serial 1 1 2026-05-20 18:22:52.542
!MESSAGE port: COM12

!ENTRY com.st.stm32cube.ide.mpu.remote.serial 1 1 2026-05-20 18:24:01.472
!MESSAGE Executed PowerShell command powershell.exe -Command "Get-CimInstance -ClassName Win32_SerialPort | Select-Object -ExpandProperty DeviceID":
COM7
COM6
COM15
COM16
COM14
COM11
COM4
COM8
COM13
COM12


!ENTRY com.st.stm32cube.ide.mpu.remote.serial 1 1 2026-05-20 18:24:01.474
!MESSAGE port: COM7

!ENTRY com.st.stm32cube.ide.mpu.remote.serial 1 1 2026-05-20 18:24:01.476
!MESSAGE port: COM6

!ENTRY com.st.stm32cube.ide.mpu.remote.serial 1 1 2026-05-20 18:24:01.478
!MESSAGE port: COM15

!ENTRY com.st.stm32cube.ide.mpu.remote.serial 1 1 2026-05-20 18:24:01.480
!MESSAGE port: COM16

!ENTRY com.st.stm32cube.ide.mpu.remote.serial 1 1 2026-05-20 18:24:01.482
!MESSAGE port: COM14

!ENTRY com.st.stm32cube.ide.mpu.remote.serial 1 1 2026-05-20 18:24:01.483
!MESSAGE port: COM11

!ENTRY com.st.stm32cube.ide.mpu.remote.serial 1 1 2026-05-20 18:24:01.485
!MESSAGE port: COM4

!ENTRY com.st.stm32cube.ide.mpu.remote.serial 1 1 2026-05-20 18:24:01.487
!MESSAGE port: COM8

!ENTRY com.st.stm32cube.ide.mpu.remote.serial 1 1 2026-05-20 18:24:01.489
!MESSAGE port: COM13

!ENTRY com.st.stm32cube.ide.mpu.remote.serial 1 1 2026-05-20 18:24:01.491
!MESSAGE port: COM12

!ENTRY com.st.stm32cube.ide.mpu.remote.serial 1 1 2026-05-20 18:24:30.525
!MESSAGE Executed PowerShell command powershell.exe -Command "Get-CimInstance -ClassName Win32_SerialPort | Select-Object -ExpandProperty DeviceID":
COM7
COM6
COM15
COM16
COM14
COM11
COM4
COM8
COM13
COM12


!ENTRY com.st.stm32cube.ide.mpu.remote.serial 1 1 2026-05-20 18:24:30.526
!MESSAGE port: COM7

!ENTRY com.st.stm32cube.ide.mpu.remote.serial 1 1 2026-05-20 18:24:30.526
!MESSAGE port: COM6

!ENTRY com.st.stm32cube.ide.mpu.remote.serial 1 1 2026-05-20 18:24:30.527
!MESSAGE port: COM15

!ENTRY com.st.stm32cube.ide.mpu.remote.serial 1 1 2026-05-20 18:24:30.528
!MESSAGE port: COM16

!ENTRY com.st.stm32cube.ide.mpu.remote.serial 1 1 2026-05-20 18:24:30.529
!MESSAGE port: COM14

!ENTRY com.st.stm32cube.ide.mpu.remote.serial 1 1 2026-05-20 18:24:30.529
!MESSAGE port: COM11

!ENTRY com.st.stm32cube.ide.mpu.remote.serial 1 1 2026-05-20 18:24:30.530
!MESSAGE port: COM4

!ENTRY com.st.stm32cube.ide.mpu.remote.serial 1 1 2026-05-20 18:24:30.531
!MESSAGE port: COM8

!ENTRY com.st.stm32cube.ide.mpu.remote.serial 1 1 2026-05-20 18:24:30.531
!MESSAGE port: COM13

!ENTRY com.st.stm32cube.ide.mpu.remote.serial 1 1 2026-05-20 18:24:30.532
!MESSAGE port: COM12

!ENTRY com.st.stm32cube.ide.mpu.remote.serial 1 1 2026-05-20 18:26:42.118
!MESSAGE Executed PowerShell command powershell.exe -Command "Get-CimInstance -ClassName Win32_SerialPort | Select-Object -ExpandProperty DeviceID":
COM7
COM6
COM15
COM16
COM14
COM11
COM4
COM8
COM13
COM12


!ENTRY com.st.stm32cube.ide.mpu.remote.serial 1 1 2026-05-20 18:26:42.119
!MESSAGE port: COM7

!ENTRY com.st.stm32cube.ide.mpu.remote.serial 1 1 2026-05-20 18:26:42.122
!MESSAGE port: COM6

!ENTRY com.st.stm32cube.ide.mpu.remote.serial 1 1 2026-05-20 18:26:42.123
!MESSAGE port: COM15

!ENTRY com.st.stm32cube.ide.mpu.remote.serial 1 1 2026-05-20 18:26:42.124
!MESSAGE port: COM16

!ENTRY com.st.stm32cube.ide.mpu.remote.serial 1 1 2026-05-20 18:26:42.124
!MESSAGE port: COM14

!ENTRY com.st.stm32cube.ide.mpu.remote.serial 1 1 2026-05-20 18:26:42.125
!MESSAGE port: COM11

!ENTRY com.st.stm32cube.ide.mpu.remote.serial 1 1 2026-05-20 18:26:42.126
!MESSAGE port: COM4

!ENTRY com.st.stm32cube.ide.mpu.remote.serial 1 1 2026-05-20 18:26:42.127
!MESSAGE port: COM8

!ENTRY com.st.stm32cube.ide.mpu.remote.serial 1 1 2026-05-20 18:26:42.128
!MESSAGE port: COM13

!ENTRY com.st.stm32cube.ide.mpu.remote.serial 1 1 2026-05-20 18:26:42.129
!MESSAGE port: COM12

!ENTRY com.st.stm32cube.ide.mpu.remote.serial 1 1 2026-05-20 18:27:12.006
!MESSAGE Executed PowerShell command powershell.exe -Command "Get-CimInstance -ClassName Win32_SerialPort | Select-Object -ExpandProperty DeviceID":
COM7
COM6
COM15
COM16
COM14
COM11
COM4
COM8
COM13
COM12


!ENTRY com.st.stm32cube.ide.mpu.remote.serial 1 1 2026-05-20 18:27:12.007
!MESSAGE port: COM7

!ENTRY com.st.stm32cube.ide.mpu.remote.serial 1 1 2026-05-20 18:27:12.008
!MESSAGE port: COM6

!ENTRY com.st.stm32cube.ide.mpu.remote.serial 1 1 2026-05-20 18:27:12.009
!MESSAGE port: COM15

!ENTRY com.st.stm32cube.ide.mpu.remote.serial 1 1 2026-05-20 18:27:12.010
!MESSAGE port: COM16

!ENTRY com.st.stm32cube.ide.mpu.remote.serial 1 1 2026-05-20 18:27:12.011
!MESSAGE port: COM14

!ENTRY com.st.stm32cube.ide.mpu.remote.serial 1 1 2026-05-20 18:27:12.012
!MESSAGE port: COM11

!ENTRY com.st.stm32cube.ide.mpu.remote.serial 1 1 2026-05-20 18:27:12.013
!MESSAGE port: COM4

!ENTRY com.st.stm32cube.ide.mpu.remote.serial 1 1 2026-05-20 18:27:12.013
!MESSAGE port: COM8

!ENTRY com.st.stm32cube.ide.mpu.remote.serial 1 1 2026-05-20 18:27:12.014
!MESSAGE port: COM13

!ENTRY com.st.stm32cube.ide.mpu.remote.serial 1 1 2026-05-20 18:27:12.015
!MESSAGE port: COM12

!ENTRY com.st.stm32cube.ide.mpu.remote.serial 1 1 2026-05-20 18:29:55.809
!MESSAGE Executed PowerShell command powershell.exe -Command "Get-CimInstance -ClassName Win32_SerialPort | Select-Object -ExpandProperty DeviceID":
COM7
COM6
COM15
COM16
COM14
COM11
COM4
COM8
COM13
COM12


!ENTRY com.st.stm32cube.ide.mpu.remote.serial 1 1 2026-05-20 18:29:55.810
!MESSAGE port: COM7

!ENTRY com.st.stm32cube.ide.mpu.remote.serial 1 1 2026-05-20 18:29:55.811
!MESSAGE port: COM6

!ENTRY com.st.stm32cube.ide.mpu.remote.serial 1 1 2026-05-20 18:29:55.811
!MESSAGE port: COM15

!ENTRY com.st.stm32cube.ide.mpu.remote.serial 1 1 2026-05-20 18:29:55.812
!MESSAGE port: COM16

!ENTRY com.st.stm32cube.ide.mpu.remote.serial 1 1 2026-05-20 18:29:55.813
!MESSAGE port: COM14

!ENTRY com.st.stm32cube.ide.mpu.remote.serial 1 1 2026-05-20 18:29:55.814
!MESSAGE port: COM11

!ENTRY com.st.stm32cube.ide.mpu.remote.serial 1 1 2026-05-20 18:29:55.814
!MESSAGE port: COM4

!ENTRY com.st.stm32cube.ide.mpu.remote.serial 1 1 2026-05-20 18:29:55.815
!MESSAGE port: COM8

!ENTRY com.st.stm32cube.ide.mpu.remote.serial 1 1 2026-05-20 18:29:55.816
!MESSAGE port: COM13

!ENTRY com.st.stm32cube.ide.mpu.remote.serial 1 1 2026-05-20 18:29:55.817
!MESSAGE port: COM12

!ENTRY com.st.stm32cube.ide.mpu.remote.serial 1 1 2026-05-20 18:30:24.804
!MESSAGE Executed PowerShell command powershell.exe -Command "Get-CimInstance -ClassName Win32_SerialPort | Select-Object -ExpandProperty DeviceID":
COM7
COM6
COM15
COM16
COM14
COM11
COM4
COM8
COM13
COM12


!ENTRY com.st.stm32cube.ide.mpu.remote.serial 1 1 2026-05-20 18:30:24.806
!MESSAGE port: COM7

!ENTRY com.st.stm32cube.ide.mpu.remote.serial 1 1 2026-05-20 18:30:24.808
!MESSAGE port: COM6

!ENTRY com.st.stm32cube.ide.mpu.remote.serial 1 1 2026-05-20 18:30:24.810
!MESSAGE port: COM15

!ENTRY com.st.stm32cube.ide.mpu.remote.serial 1 1 2026-05-20 18:30:24.811
!MESSAGE port: COM16

!ENTRY com.st.stm32cube.ide.mpu.remote.serial 1 1 2026-05-20 18:30:24.813
!MESSAGE port: COM14

!ENTRY com.st.stm32cube.ide.mpu.remote.serial 1 1 2026-05-20 18:30:24.815
!MESSAGE port: COM11

!ENTRY com.st.stm32cube.ide.mpu.remote.serial 1 1 2026-05-20 18:30:24.817
!MESSAGE port: COM4

!ENTRY com.st.stm32cube.ide.mpu.remote.serial 1 1 2026-05-20 18:30:24.819
!MESSAGE port: COM8

!ENTRY com.st.stm32cube.ide.mpu.remote.serial 1 1 2026-05-20 18:30:24.821
!MESSAGE port: COM13

!ENTRY com.st.stm32cube.ide.mpu.remote.serial 1 1 2026-05-20 18:30:24.823
!MESSAGE port: COM12

!ENTRY com.st.stm32cube.ide.mpu.remote.serial 1 1 2026-05-20 18:30:53.508
!MESSAGE Executed PowerShell command powershell.exe -Command "Get-CimInstance -ClassName Win32_SerialPort | Select-Object -ExpandProperty DeviceID":
COM7
COM6
COM15
COM16
COM14
COM11
COM4
COM8
COM13
COM12


!ENTRY com.st.stm32cube.ide.mpu.remote.serial 1 1 2026-05-20 18:30:53.510
!MESSAGE port: COM7

!ENTRY com.st.stm32cube.ide.mpu.remote.serial 1 1 2026-05-20 18:30:53.512
!MESSAGE port: COM6

!ENTRY com.st.stm32cube.ide.mpu.remote.serial 1 1 2026-05-20 18:30:53.514
!MESSAGE port: COM15

!ENTRY com.st.stm32cube.ide.mpu.remote.serial 1 1 2026-05-20 18:30:53.515
!MESSAGE port: COM16

!ENTRY com.st.stm32cube.ide.mpu.remote.serial 1 1 2026-05-20 18:30:53.517
!MESSAGE port: COM14

!ENTRY com.st.stm32cube.ide.mpu.remote.serial 1 1 2026-05-20 18:30:53.519
!MESSAGE port: COM11

!ENTRY com.st.stm32cube.ide.mpu.remote.serial 1 1 2026-05-20 18:30:53.521
!MESSAGE port: COM4

!ENTRY com.st.stm32cube.ide.mpu.remote.serial 1 1 2026-05-20 18:30:53.523
!MESSAGE port: COM8

!ENTRY com.st.stm32cube.ide.mpu.remote.serial 1 1 2026-05-20 18:30:53.525
!MESSAGE port: COM13

!ENTRY com.st.stm32cube.ide.mpu.remote.serial 1 1 2026-05-20 18:30:53.527
!MESSAGE port: COM12

!ENTRY com.st.stm32cube.ide.mpu.remote.serial 1 1 2026-05-20 18:31:24.350
!MESSAGE Executed PowerShell command powershell.exe -Command "Get-CimInstance -ClassName Win32_SerialPort | Select-Object -ExpandProperty DeviceID":
COM7
COM6
COM15
COM16
COM14
COM11
COM4
COM8
COM13
COM12


!ENTRY com.st.stm32cube.ide.mpu.remote.serial 1 1 2026-05-20 18:31:24.351
!MESSAGE port: COM7

!ENTRY com.st.stm32cube.ide.mpu.remote.serial 1 1 2026-05-20 18:31:24.353
!MESSAGE port: COM6

!ENTRY com.st.stm32cube.ide.mpu.remote.serial 1 1 2026-05-20 18:31:24.354
!MESSAGE port: COM15

!ENTRY com.st.stm32cube.ide.mpu.remote.serial 1 1 2026-05-20 18:31:24.356
!MESSAGE port: COM16

!ENTRY com.st.stm32cube.ide.mpu.remote.serial 1 1 2026-05-20 18:31:24.358
!MESSAGE port: COM14

!ENTRY com.st.stm32cube.ide.mpu.remote.serial 1 1 2026-05-20 18:31:24.359
!MESSAGE port: COM11

!ENTRY com.st.stm32cube.ide.mpu.remote.serial 1 1 2026-05-20 18:31:24.361
!MESSAGE port: COM4

!ENTRY com.st.stm32cube.ide.mpu.remote.serial 1 1 2026-05-20 18:31:24.363
!MESSAGE port: COM8

!ENTRY com.st.stm32cube.ide.mpu.remote.serial 1 1 2026-05-20 18:31:24.365
!MESSAGE port: COM13

!ENTRY com.st.stm32cube.ide.mpu.remote.serial 1 1 2026-05-20 18:31:24.367
!MESSAGE port: COM12

!ENTRY com.st.stm32cube.ide.mpu.remote.serial 1 1 2026-05-20 18:33:10.711
!MESSAGE Executed PowerShell command powershell.exe -Command "Get-CimInstance -ClassName Win32_SerialPort | Select-Object -ExpandProperty DeviceID":
COM7
COM6
COM15
COM16
COM14
COM11
COM4
COM8
COM13
COM12


!ENTRY com.st.stm32cube.ide.mpu.remote.serial 1 1 2026-05-20 18:33:10.712
!MESSAGE port: COM7

!ENTRY com.st.stm32cube.ide.mpu.remote.serial 1 1 2026-05-20 18:33:10.713
!MESSAGE port: COM6

!ENTRY com.st.stm32cube.ide.mpu.remote.serial 1 1 2026-05-20 18:33:10.713
!MESSAGE port: COM15

!ENTRY com.st.stm32cube.ide.mpu.remote.serial 1 1 2026-05-20 18:33:10.714
!MESSAGE port: COM16

!ENTRY com.st.stm32cube.ide.mpu.remote.serial 1 1 2026-05-20 18:33:10.714
!MESSAGE port: COM14

!ENTRY com.st.stm32cube.ide.mpu.remote.serial 1 1 2026-05-20 18:33:10.715
!MESSAGE port: COM11

!ENTRY com.st.stm32cube.ide.mpu.remote.serial 1 1 2026-05-20 18:33:10.716
!MESSAGE port: COM4

!ENTRY com.st.stm32cube.ide.mpu.remote.serial 1 1 2026-05-20 18:33:10.717
!MESSAGE port: COM8

!ENTRY com.st.stm32cube.ide.mpu.remote.serial 1 1 2026-05-20 18:33:10.718
!MESSAGE port: COM13

!ENTRY com.st.stm32cube.ide.mpu.remote.serial 1 1 2026-05-20 18:33:10.719
!MESSAGE port: COM12

!ENTRY com.st.stm32cube.ide.mpu.remote.serial 1 1 2026-05-20 18:33:39.966
!MESSAGE Executed PowerShell command powershell.exe -Command "Get-CimInstance -ClassName Win32_SerialPort | Select-Object -ExpandProperty DeviceID":
COM7
COM6
COM15
COM16
COM14
COM11
COM4
COM8
COM13
COM12


!ENTRY com.st.stm32cube.ide.mpu.remote.serial 1 1 2026-05-20 18:33:39.969
!MESSAGE port: COM7

!ENTRY com.st.stm32cube.ide.mpu.remote.serial 1 1 2026-05-20 18:33:39.970
!MESSAGE port: COM6

!ENTRY com.st.stm32cube.ide.mpu.remote.serial 1 1 2026-05-20 18:33:39.972
!MESSAGE port: COM15

!ENTRY com.st.stm32cube.ide.mpu.remote.serial 1 1 2026-05-20 18:33:39.974
!MESSAGE port: COM16

!ENTRY com.st.stm32cube.ide.mpu.remote.serial 1 1 2026-05-20 18:33:39.975
!MESSAGE port: COM14

!ENTRY com.st.stm32cube.ide.mpu.remote.serial 1 1 2026-05-20 18:33:39.977
!MESSAGE port: COM11

!ENTRY com.st.stm32cube.ide.mpu.remote.serial 1 1 2026-05-20 18:33:39.979
!MESSAGE port: COM4

!ENTRY com.st.stm32cube.ide.mpu.remote.serial 1 1 2026-05-20 18:33:39.981
!MESSAGE port: COM8

!ENTRY com.st.stm32cube.ide.mpu.remote.serial 1 1 2026-05-20 18:33:39.983
!MESSAGE port: COM13

!ENTRY com.st.stm32cube.ide.mpu.remote.serial 1 1 2026-05-20 18:33:39.984
!MESSAGE port: COM12

!ENTRY com.st.stm32cube.ide.mpu.remote.serial 1 1 2026-05-20 18:34:09.278
!MESSAGE Executed PowerShell command powershell.exe -Command "Get-CimInstance -ClassName Win32_SerialPort | Select-Object -ExpandProperty DeviceID":
COM7
COM6
COM15
COM16
COM14
COM11
COM4
COM8
COM13
COM12


!ENTRY com.st.stm32cube.ide.mpu.remote.serial 1 1 2026-05-20 18:34:09.278
!MESSAGE port: COM7

!ENTRY com.st.stm32cube.ide.mpu.remote.serial 1 1 2026-05-20 18:34:09.280
!MESSAGE port: COM6

!ENTRY com.st.stm32cube.ide.mpu.remote.serial 1 1 2026-05-20 18:34:09.280
!MESSAGE port: COM15

!ENTRY com.st.stm32cube.ide.mpu.remote.serial 1 1 2026-05-20 18:34:09.283
!MESSAGE port: COM16

!ENTRY com.st.stm32cube.ide.mpu.remote.serial 1 1 2026-05-20 18:34:09.283
!MESSAGE port: COM14

!ENTRY com.st.stm32cube.ide.mpu.remote.serial 1 1 2026-05-20 18:34:09.285
!MESSAGE port: COM11

!ENTRY com.st.stm32cube.ide.mpu.remote.serial 1 1 2026-05-20 18:34:09.285
!MESSAGE port: COM4

!ENTRY com.st.stm32cube.ide.mpu.remote.serial 1 1 2026-05-20 18:34:09.287
!MESSAGE port: COM8

!ENTRY com.st.stm32cube.ide.mpu.remote.serial 1 1 2026-05-20 18:34:09.287
!MESSAGE port: COM13

!ENTRY com.st.stm32cube.ide.mpu.remote.serial 1 1 2026-05-20 18:34:09.287
!MESSAGE port: COM12

!ENTRY com.st.stm32cube.ide.mpu.remote.serial 1 1 2026-05-20 18:34:38.317
!MESSAGE Executed PowerShell command powershell.exe -Command "Get-CimInstance -ClassName Win32_SerialPort | Select-Object -ExpandProperty DeviceID":
COM7
COM6
COM15
COM16
COM14
COM11
COM4
COM8
COM13
COM12


!ENTRY com.st.stm32cube.ide.mpu.remote.serial 1 1 2026-05-20 18:34:38.317
!MESSAGE port: COM7

!ENTRY com.st.stm32cube.ide.mpu.remote.serial 1 1 2026-05-20 18:34:38.317
!MESSAGE port: COM6

!ENTRY com.st.stm32cube.ide.mpu.remote.serial 1 1 2026-05-20 18:34:38.322
!MESSAGE port: COM15

!ENTRY com.st.stm32cube.ide.mpu.remote.serial 1 1 2026-05-20 18:34:38.325
!MESSAGE port: COM16

!ENTRY com.st.stm32cube.ide.mpu.remote.serial 1 1 2026-05-20 18:34:38.328
!MESSAGE port: COM14

!ENTRY com.st.stm32cube.ide.mpu.remote.serial 1 1 2026-05-20 18:34:38.329
!MESSAGE port: COM11

!ENTRY com.st.stm32cube.ide.mpu.remote.serial 1 1 2026-05-20 18:34:38.331
!MESSAGE port: COM4

!ENTRY com.st.stm32cube.ide.mpu.remote.serial 1 1 2026-05-20 18:34:38.332
!MESSAGE port: COM8

!ENTRY com.st.stm32cube.ide.mpu.remote.serial 1 1 2026-05-20 18:34:38.333
!MESSAGE port: COM13

!ENTRY com.st.stm32cube.ide.mpu.remote.serial 1 1 2026-05-20 18:34:38.334
!MESSAGE port: COM12

!ENTRY com.st.stm32cube.ide.mpu.remote.serial 1 1 2026-05-20 18:35:28.550
!MESSAGE Executed PowerShell command powershell.exe -Command "Get-CimInstance -ClassName Win32_SerialPort | Select-Object -ExpandProperty DeviceID":
COM7
COM6
COM15
COM16
COM14
COM11
COM4
COM8
COM13
COM12


!ENTRY com.st.stm32cube.ide.mpu.remote.serial 1 1 2026-05-20 18:35:28.552
!MESSAGE port: COM7

!ENTRY com.st.stm32cube.ide.mpu.remote.serial 1 1 2026-05-20 18:35:28.556
!MESSAGE port: COM6

!ENTRY com.st.stm32cube.ide.mpu.remote.serial 1 1 2026-05-20 18:35:28.559
!MESSAGE port: COM15

!ENTRY com.st.stm32cube.ide.mpu.remote.serial 1 1 2026-05-20 18:35:28.564
!MESSAGE port: COM16

!ENTRY com.st.stm32cube.ide.mpu.remote.serial 1 1 2026-05-20 18:35:28.572
!MESSAGE port: COM14

!ENTRY com.st.stm32cube.ide.mpu.remote.serial 1 1 2026-05-20 18:35:28.574
!MESSAGE port: COM11

!ENTRY com.st.stm32cube.ide.mpu.remote.serial 1 1 2026-05-20 18:35:28.580
!MESSAGE port: COM4

!ENTRY com.st.stm32cube.ide.mpu.remote.serial 1 1 2026-05-20 18:35:28.582
!MESSAGE port: COM8

!ENTRY com.st.stm32cube.ide.mpu.remote.serial 1 1 2026-05-20 18:35:28.588
!MESSAGE port: COM13

!ENTRY com.st.stm32cube.ide.mpu.remote.serial 1 1 2026-05-20 18:35:28.590
!MESSAGE port: COM12

!ENTRY com.st.stm32cube.ide.mpu.remote.serial 1 1 2026-05-20 18:35:57.526
!MESSAGE Executed PowerShell command powershell.exe -Command "Get-CimInstance -ClassName Win32_SerialPort | Select-Object -ExpandProperty DeviceID":
COM7
COM6
COM15
COM16
COM14
COM11
COM4
COM8
COM13
COM12


!ENTRY com.st.stm32cube.ide.mpu.remote.serial 1 1 2026-05-20 18:35:57.528
!MESSAGE port: COM7

!ENTRY com.st.stm32cube.ide.mpu.remote.serial 1 1 2026-05-20 18:35:57.530
!MESSAGE port: COM6

!ENTRY com.st.stm32cube.ide.mpu.remote.serial 1 1 2026-05-20 18:35:57.531
!MESSAGE port: COM15

!ENTRY com.st.stm32cube.ide.mpu.remote.serial 1 1 2026-05-20 18:35:57.533
!MESSAGE port: COM16

!ENTRY com.st.stm32cube.ide.mpu.remote.serial 1 1 2026-05-20 18:35:57.534
!MESSAGE port: COM14

!ENTRY com.st.stm32cube.ide.mpu.remote.serial 1 1 2026-05-20 18:35:57.536
!MESSAGE port: COM11

!ENTRY com.st.stm32cube.ide.mpu.remote.serial 1 1 2026-05-20 18:35:57.538
!MESSAGE port: COM4

!ENTRY com.st.stm32cube.ide.mpu.remote.serial 1 1 2026-05-20 18:35:57.539
!MESSAGE port: COM8

!ENTRY com.st.stm32cube.ide.mpu.remote.serial 1 1 2026-05-20 18:35:57.541
!MESSAGE port: COM13

!ENTRY com.st.stm32cube.ide.mpu.remote.serial 1 1 2026-05-20 18:35:57.543
!MESSAGE port: COM12

!ENTRY com.st.stm32cube.ide.mpu.remote.serial 1 1 2026-05-20 18:36:44.476
!MESSAGE Executed PowerShell command powershell.exe -Command "Get-CimInstance -ClassName Win32_SerialPort | Select-Object -ExpandProperty DeviceID":
COM7
COM6
COM15
COM16
COM14
COM11
COM4
COM8
COM13
COM12


!ENTRY com.st.stm32cube.ide.mpu.remote.serial 1 1 2026-05-20 18:36:44.479
!MESSAGE port: COM7

!ENTRY com.st.stm32cube.ide.mpu.remote.serial 1 1 2026-05-20 18:36:44.479
!MESSAGE port: COM6

!ENTRY com.st.stm32cube.ide.mpu.remote.serial 1 1 2026-05-20 18:36:44.481
!MESSAGE port: COM15

!ENTRY com.st.stm32cube.ide.mpu.remote.serial 1 1 2026-05-20 18:36:44.481
!MESSAGE port: COM16

!ENTRY com.st.stm32cube.ide.mpu.remote.serial 1 1 2026-05-20 18:36:44.481
!MESSAGE port: COM14

!ENTRY com.st.stm32cube.ide.mpu.remote.serial 1 1 2026-05-20 18:36:44.483
!MESSAGE port: COM11

!ENTRY com.st.stm32cube.ide.mpu.remote.serial 1 1 2026-05-20 18:36:44.483
!MESSAGE port: COM4

!ENTRY com.st.stm32cube.ide.mpu.remote.serial 1 1 2026-05-20 18:36:44.485
!MESSAGE port: COM8

!ENTRY com.st.stm32cube.ide.mpu.remote.serial 1 1 2026-05-20 18:36:44.485
!MESSAGE port: COM13

!ENTRY com.st.stm32cube.ide.mpu.remote.serial 1 1 2026-05-20 18:36:44.485
!MESSAGE port: COM12

!ENTRY com.st.stm32cube.ide.mpu.remote.serial 1 1 2026-05-20 18:37:13.628
!MESSAGE Executed PowerShell command powershell.exe -Command "Get-CimInstance -ClassName Win32_SerialPort | Select-Object -ExpandProperty DeviceID":
COM7
COM6
COM15
COM16
COM14
COM11
COM4
COM8
COM13
COM12


!ENTRY com.st.stm32cube.ide.mpu.remote.serial 1 1 2026-05-20 18:37:13.630
!MESSAGE port: COM7

!ENTRY com.st.stm32cube.ide.mpu.remote.serial 1 1 2026-05-20 18:37:13.630
!MESSAGE port: COM6

!ENTRY com.st.stm32cube.ide.mpu.remote.serial 1 1 2026-05-20 18:37:13.634
!MESSAGE port: COM15

!ENTRY com.st.stm32cube.ide.mpu.remote.serial 1 1 2026-05-20 18:37:13.635
!MESSAGE port: COM16

!ENTRY com.st.stm32cube.ide.mpu.remote.serial 1 1 2026-05-20 18:37:13.638
!MESSAGE port: COM14

!ENTRY com.st.stm32cube.ide.mpu.remote.serial 1 1 2026-05-20 18:37:13.640
!MESSAGE port: COM11

!ENTRY com.st.stm32cube.ide.mpu.remote.serial 1 1 2026-05-20 18:37:13.642
!MESSAGE port: COM4

!ENTRY com.st.stm32cube.ide.mpu.remote.serial 1 1 2026-05-20 18:37:13.644
!MESSAGE port: COM8

!ENTRY com.st.stm32cube.ide.mpu.remote.serial 1 1 2026-05-20 18:37:13.646
!MESSAGE port: COM13

!ENTRY com.st.stm32cube.ide.mpu.remote.serial 1 1 2026-05-20 18:37:13.650
!MESSAGE port: COM12

!ENTRY com.st.stm32cube.ide.mpu.remote.serial 1 1 2026-05-20 18:37:56.101
!MESSAGE Executed PowerShell command powershell.exe -Command "Get-CimInstance -ClassName Win32_SerialPort | Select-Object -ExpandProperty DeviceID":
COM7
COM6
COM15
COM16
COM14
COM11
COM4
COM8
COM13
COM12


!ENTRY com.st.stm32cube.ide.mpu.remote.serial 1 1 2026-05-20 18:37:56.102
!MESSAGE port: COM7

!ENTRY com.st.stm32cube.ide.mpu.remote.serial 1 1 2026-05-20 18:37:56.103
!MESSAGE port: COM6

!ENTRY com.st.stm32cube.ide.mpu.remote.serial 1 1 2026-05-20 18:37:56.104
!MESSAGE port: COM15

!ENTRY com.st.stm32cube.ide.mpu.remote.serial 1 1 2026-05-20 18:37:56.105
!MESSAGE port: COM16

!ENTRY com.st.stm32cube.ide.mpu.remote.serial 1 1 2026-05-20 18:37:56.107
!MESSAGE port: COM14

!ENTRY com.st.stm32cube.ide.mpu.remote.serial 1 1 2026-05-20 18:37:56.107
!MESSAGE port: COM11

!ENTRY com.st.stm32cube.ide.mpu.remote.serial 1 1 2026-05-20 18:37:56.108
!MESSAGE port: COM4

!ENTRY com.st.stm32cube.ide.mpu.remote.serial 1 1 2026-05-20 18:37:56.109
!MESSAGE port: COM8

!ENTRY com.st.stm32cube.ide.mpu.remote.serial 1 1 2026-05-20 18:37:56.110
!MESSAGE port: COM13

!ENTRY com.st.stm32cube.ide.mpu.remote.serial 1 1 2026-05-20 18:37:56.111
!MESSAGE port: COM12

!ENTRY com.st.stm32cube.ide.mpu.remote.serial 1 1 2026-05-20 18:38:25.157
!MESSAGE Executed PowerShell command powershell.exe -Command "Get-CimInstance -ClassName Win32_SerialPort | Select-Object -ExpandProperty DeviceID":
COM7
COM6
COM15
COM16
COM14
COM11
COM4
COM8
COM13
COM12


!ENTRY com.st.stm32cube.ide.mpu.remote.serial 1 1 2026-05-20 18:38:25.157
!MESSAGE port: COM7

!ENTRY com.st.stm32cube.ide.mpu.remote.serial 1 1 2026-05-20 18:38:25.157
!MESSAGE port: COM6

!ENTRY com.st.stm32cube.ide.mpu.remote.serial 1 1 2026-05-20 18:38:25.157
!MESSAGE port: COM15

!ENTRY com.st.stm32cube.ide.mpu.remote.serial 1 1 2026-05-20 18:38:25.165
!MESSAGE port: COM16

!ENTRY com.st.stm32cube.ide.mpu.remote.serial 1 1 2026-05-20 18:38:25.167
!MESSAGE port: COM14

!ENTRY com.st.stm32cube.ide.mpu.remote.serial 1 1 2026-05-20 18:38:25.167
!MESSAGE port: COM11

!ENTRY com.st.stm32cube.ide.mpu.remote.serial 1 1 2026-05-20 18:38:25.170
!MESSAGE port: COM4

!ENTRY com.st.stm32cube.ide.mpu.remote.serial 1 1 2026-05-20 18:38:25.172
!MESSAGE port: COM8

!ENTRY com.st.stm32cube.ide.mpu.remote.serial 1 1 2026-05-20 18:38:25.174
!MESSAGE port: COM13

!ENTRY com.st.stm32cube.ide.mpu.remote.serial 1 1 2026-05-20 18:38:25.175
!MESSAGE port: COM12

!ENTRY com.st.stm32cube.ide.mpu.remote.serial 1 1 2026-05-20 18:39:42.122
!MESSAGE Executed PowerShell command powershell.exe -Command "Get-CimInstance -ClassName Win32_SerialPort | Select-Object -ExpandProperty DeviceID":
COM7
COM6
COM15
COM16
COM14
COM11
COM4
COM8
COM13
COM12


!ENTRY com.st.stm32cube.ide.mpu.remote.serial 1 1 2026-05-20 18:39:42.123
!MESSAGE port: COM7

!ENTRY com.st.stm32cube.ide.mpu.remote.serial 1 1 2026-05-20 18:39:42.124
!MESSAGE port: COM6

!ENTRY com.st.stm32cube.ide.mpu.remote.serial 1 1 2026-05-20 18:39:42.125
!MESSAGE port: COM15

!ENTRY com.st.stm32cube.ide.mpu.remote.serial 1 1 2026-05-20 18:39:42.125
!MESSAGE port: COM16

!ENTRY com.st.stm32cube.ide.mpu.remote.serial 1 1 2026-05-20 18:39:42.126
!MESSAGE port: COM14

!ENTRY com.st.stm32cube.ide.mpu.remote.serial 1 1 2026-05-20 18:39:42.127
!MESSAGE port: COM11

!ENTRY com.st.stm32cube.ide.mpu.remote.serial 1 1 2026-05-20 18:39:42.127
!MESSAGE port: COM4

!ENTRY com.st.stm32cube.ide.mpu.remote.serial 1 1 2026-05-20 18:39:42.128
!MESSAGE port: COM8

!ENTRY com.st.stm32cube.ide.mpu.remote.serial 1 1 2026-05-20 18:39:42.130
!MESSAGE port: COM13

!ENTRY com.st.stm32cube.ide.mpu.remote.serial 1 1 2026-05-20 18:39:42.131
!MESSAGE port: COM12

!ENTRY com.st.stm32cube.ide.mpu.remote.serial 1 1 2026-05-20 18:40:11.316
!MESSAGE Executed PowerShell command powershell.exe -Command "Get-CimInstance -ClassName Win32_SerialPort | Select-Object -ExpandProperty DeviceID":
COM7
COM6
COM15
COM16
COM14
COM11
COM4
COM8
COM13
COM12


!ENTRY com.st.stm32cube.ide.mpu.remote.serial 1 1 2026-05-20 18:40:11.318
!MESSAGE port: COM7

!ENTRY com.st.stm32cube.ide.mpu.remote.serial 1 1 2026-05-20 18:40:11.320
!MESSAGE port: COM6

!ENTRY com.st.stm32cube.ide.mpu.remote.serial 1 1 2026-05-20 18:40:11.322
!MESSAGE port: COM15

!ENTRY com.st.stm32cube.ide.mpu.remote.serial 1 1 2026-05-20 18:40:11.323
!MESSAGE port: COM16

!ENTRY com.st.stm32cube.ide.mpu.remote.serial 1 1 2026-05-20 18:40:11.325
!MESSAGE port: COM14

!ENTRY com.st.stm32cube.ide.mpu.remote.serial 1 1 2026-05-20 18:40:11.327
!MESSAGE port: COM11

!ENTRY com.st.stm32cube.ide.mpu.remote.serial 1 1 2026-05-20 18:40:11.329
!MESSAGE port: COM4

!ENTRY com.st.stm32cube.ide.mpu.remote.serial 1 1 2026-05-20 18:40:11.330
!MESSAGE port: COM8

!ENTRY com.st.stm32cube.ide.mpu.remote.serial 1 1 2026-05-20 18:40:11.332
!MESSAGE port: COM13

!ENTRY com.st.stm32cube.ide.mpu.remote.serial 1 1 2026-05-20 18:40:11.334
!MESSAGE port: COM12

!ENTRY com.st.stm32cube.ide.mpu.remote.serial 1 1 2026-05-20 18:41:23.315
!MESSAGE Executed PowerShell command powershell.exe -Command "Get-CimInstance -ClassName Win32_SerialPort | Select-Object -ExpandProperty DeviceID":
COM7
COM6
COM15
COM16
COM14
COM11
COM4
COM8
COM13
COM12


!ENTRY com.st.stm32cube.ide.mpu.remote.serial 1 1 2026-05-20 18:41:23.316
!MESSAGE port: COM7

!ENTRY com.st.stm32cube.ide.mpu.remote.serial 1 1 2026-05-20 18:41:23.316
!MESSAGE port: COM6

!ENTRY com.st.stm32cube.ide.mpu.remote.serial 1 1 2026-05-20 18:41:23.317
!MESSAGE port: COM15

!ENTRY com.st.stm32cube.ide.mpu.remote.serial 1 1 2026-05-20 18:41:23.318
!MESSAGE port: COM16

!ENTRY com.st.stm32cube.ide.mpu.remote.serial 1 1 2026-05-20 18:41:23.318
!MESSAGE port: COM14

!ENTRY com.st.stm32cube.ide.mpu.remote.serial 1 1 2026-05-20 18:41:23.319
!MESSAGE port: COM11

!ENTRY com.st.stm32cube.ide.mpu.remote.serial 1 1 2026-05-20 18:41:23.320
!MESSAGE port: COM4

!ENTRY com.st.stm32cube.ide.mpu.remote.serial 1 1 2026-05-20 18:41:23.321
!MESSAGE port: COM8

!ENTRY com.st.stm32cube.ide.mpu.remote.serial 1 1 2026-05-20 18:41:23.321
!MESSAGE port: COM13

!ENTRY com.st.stm32cube.ide.mpu.remote.serial 1 1 2026-05-20 18:41:23.322
!MESSAGE port: COM12

!ENTRY com.st.stm32cube.ide.mpu.remote.serial 1 1 2026-05-20 18:41:58.280
!MESSAGE Executed PowerShell command powershell.exe -Command "Get-CimInstance -ClassName Win32_SerialPort | Select-Object -ExpandProperty DeviceID":
COM7
COM6
COM15
COM16
COM14
COM11
COM4
COM8
COM13
COM12


!ENTRY com.st.stm32cube.ide.mpu.remote.serial 1 1 2026-05-20 18:41:58.282
!MESSAGE port: COM7

!ENTRY com.st.stm32cube.ide.mpu.remote.serial 1 1 2026-05-20 18:41:58.284
!MESSAGE port: COM6

!ENTRY com.st.stm32cube.ide.mpu.remote.serial 1 1 2026-05-20 18:41:58.286
!MESSAGE port: COM15

!ENTRY com.st.stm32cube.ide.mpu.remote.serial 1 1 2026-05-20 18:41:58.288
!MESSAGE port: COM16

!ENTRY com.st.stm32cube.ide.mpu.remote.serial 1 1 2026-05-20 18:41:58.290
!MESSAGE port: COM14

!ENTRY com.st.stm32cube.ide.mpu.remote.serial 1 1 2026-05-20 18:41:58.291
!MESSAGE port: COM11

!ENTRY com.st.stm32cube.ide.mpu.remote.serial 1 1 2026-05-20 18:41:58.293
!MESSAGE port: COM4

!ENTRY com.st.stm32cube.ide.mpu.remote.serial 1 1 2026-05-20 18:41:58.295
!MESSAGE port: COM8

!ENTRY com.st.stm32cube.ide.mpu.remote.serial 1 1 2026-05-20 18:41:58.297
!MESSAGE port: COM13

!ENTRY com.st.stm32cube.ide.mpu.remote.serial 1 1 2026-05-20 18:41:58.299
!MESSAGE port: COM12

!ENTRY com.st.stm32cube.ide.mpu.remote.serial 1 1 2026-05-20 18:42:33.919
!MESSAGE Executed PowerShell command powershell.exe -Command "Get-CimInstance -ClassName Win32_SerialPort | Select-Object -ExpandProperty DeviceID":
COM7
COM6
COM15
COM16
COM14
COM11
COM4
COM8
COM13
COM12


!ENTRY com.st.stm32cube.ide.mpu.remote.serial 1 1 2026-05-20 18:42:33.922
!MESSAGE port: COM7

!ENTRY com.st.stm32cube.ide.mpu.remote.serial 1 1 2026-05-20 18:42:33.924
!MESSAGE port: COM6

!ENTRY com.st.stm32cube.ide.mpu.remote.serial 1 1 2026-05-20 18:42:33.926
!MESSAGE port: COM15

!ENTRY com.st.stm32cube.ide.mpu.remote.serial 1 1 2026-05-20 18:42:33.928
!MESSAGE port: COM16

!ENTRY com.st.stm32cube.ide.mpu.remote.serial 1 1 2026-05-20 18:42:33.931
!MESSAGE port: COM14

!ENTRY com.st.stm32cube.ide.mpu.remote.serial 1 1 2026-05-20 18:42:33.934
!MESSAGE port: COM11

!ENTRY com.st.stm32cube.ide.mpu.remote.serial 1 1 2026-05-20 18:42:33.936
!MESSAGE port: COM4

!ENTRY com.st.stm32cube.ide.mpu.remote.serial 1 1 2026-05-20 18:42:33.938
!MESSAGE port: COM8

!ENTRY com.st.stm32cube.ide.mpu.remote.serial 1 1 2026-05-20 18:42:33.941
!MESSAGE port: COM13

!ENTRY com.st.stm32cube.ide.mpu.remote.serial 1 1 2026-05-20 18:42:33.942
!MESSAGE port: COM12

!ENTRY com.st.stm32cube.ide.mpu.remote.serial 1 1 2026-05-20 18:43:03.172
!MESSAGE Executed PowerShell command powershell.exe -Command "Get-CimInstance -ClassName Win32_SerialPort | Select-Object -ExpandProperty DeviceID":
COM7
COM6
COM15
COM16
COM14
COM11
COM4
COM8
COM13
COM12


!ENTRY com.st.stm32cube.ide.mpu.remote.serial 1 1 2026-05-20 18:43:03.173
!MESSAGE port: COM7

!ENTRY com.st.stm32cube.ide.mpu.remote.serial 1 1 2026-05-20 18:43:03.174
!MESSAGE port: COM6

!ENTRY com.st.stm32cube.ide.mpu.remote.serial 1 1 2026-05-20 18:43:03.175
!MESSAGE port: COM15

!ENTRY com.st.stm32cube.ide.mpu.remote.serial 1 1 2026-05-20 18:43:03.176
!MESSAGE port: COM16

!ENTRY com.st.stm32cube.ide.mpu.remote.serial 1 1 2026-05-20 18:43:03.176
!MESSAGE port: COM14

!ENTRY com.st.stm32cube.ide.mpu.remote.serial 1 1 2026-05-20 18:43:03.177
!MESSAGE port: COM11

!ENTRY com.st.stm32cube.ide.mpu.remote.serial 1 1 2026-05-20 18:43:03.178
!MESSAGE port: COM4

!ENTRY com.st.stm32cube.ide.mpu.remote.serial 1 1 2026-05-20 18:43:03.178
!MESSAGE port: COM8

!ENTRY com.st.stm32cube.ide.mpu.remote.serial 1 1 2026-05-20 18:43:03.179
!MESSAGE port: COM13

!ENTRY com.st.stm32cube.ide.mpu.remote.serial 1 1 2026-05-20 18:43:03.180
!MESSAGE port: COM12

!ENTRY com.st.stm32cube.ide.mpu.remote.serial 1 1 2026-05-20 18:43:46.962
!MESSAGE Executed PowerShell command powershell.exe -Command "Get-CimInstance -ClassName Win32_SerialPort | Select-Object -ExpandProperty DeviceID":
COM7
COM6
COM15
COM16
COM14
COM11
COM4
COM8
COM13
COM12


!ENTRY com.st.stm32cube.ide.mpu.remote.serial 1 1 2026-05-20 18:43:46.963
!MESSAGE port: COM7

!ENTRY com.st.stm32cube.ide.mpu.remote.serial 1 1 2026-05-20 18:43:46.963
!MESSAGE port: COM6

!ENTRY com.st.stm32cube.ide.mpu.remote.serial 1 1 2026-05-20 18:43:46.964
!MESSAGE port: COM15

!ENTRY com.st.stm32cube.ide.mpu.remote.serial 1 1 2026-05-20 18:43:46.965
!MESSAGE port: COM16

!ENTRY com.st.stm32cube.ide.mpu.remote.serial 1 1 2026-05-20 18:43:46.965
!MESSAGE port: COM14

!ENTRY com.st.stm32cube.ide.mpu.remote.serial 1 1 2026-05-20 18:43:46.966
!MESSAGE port: COM11

!ENTRY com.st.stm32cube.ide.mpu.remote.serial 1 1 2026-05-20 18:43:46.966
!MESSAGE port: COM4

!ENTRY com.st.stm32cube.ide.mpu.remote.serial 1 1 2026-05-20 18:43:46.967
!MESSAGE port: COM8

!ENTRY com.st.stm32cube.ide.mpu.remote.serial 1 1 2026-05-20 18:43:46.967
!MESSAGE port: COM13

!ENTRY com.st.stm32cube.ide.mpu.remote.serial 1 1 2026-05-20 18:43:46.968
!MESSAGE port: COM12

!ENTRY com.st.stm32cube.ide.mpu.remote.serial 1 1 2026-05-20 18:45:24.384
!MESSAGE Executed PowerShell command powershell.exe -Command "Get-CimInstance -ClassName Win32_SerialPort | Select-Object -ExpandProperty DeviceID":
COM7
COM6
COM15
COM16
COM14
COM11
COM4
COM8
COM13
COM12


!ENTRY com.st.stm32cube.ide.mpu.remote.serial 1 1 2026-05-20 18:45:24.385
!MESSAGE port: COM7

!ENTRY com.st.stm32cube.ide.mpu.remote.serial 1 1 2026-05-20 18:45:24.386
!MESSAGE port: COM6

!ENTRY com.st.stm32cube.ide.mpu.remote.serial 1 1 2026-05-20 18:45:24.386
!MESSAGE port: COM15

!ENTRY com.st.stm32cube.ide.mpu.remote.serial 1 1 2026-05-20 18:45:24.387
!MESSAGE port: COM16

!ENTRY com.st.stm32cube.ide.mpu.remote.serial 1 1 2026-05-20 18:45:24.388
!MESSAGE port: COM14

!ENTRY com.st.stm32cube.ide.mpu.remote.serial 1 1 2026-05-20 18:45:24.388
!MESSAGE port: COM11

!ENTRY com.st.stm32cube.ide.mpu.remote.serial 1 1 2026-05-20 18:45:24.389
!MESSAGE port: COM4

!ENTRY com.st.stm32cube.ide.mpu.remote.serial 1 1 2026-05-20 18:45:24.390
!MESSAGE port: COM8

!ENTRY com.st.stm32cube.ide.mpu.remote.serial 1 1 2026-05-20 18:45:24.391
!MESSAGE port: COM13

!ENTRY com.st.stm32cube.ide.mpu.remote.serial 1 1 2026-05-20 18:45:24.392
!MESSAGE port: COM12

!ENTRY com.st.stm32cube.ide.mpu.remote.serial 1 1 2026-05-20 18:45:57.331
!MESSAGE Executed PowerShell command powershell.exe -Command "Get-CimInstance -ClassName Win32_SerialPort | Select-Object -ExpandProperty DeviceID":
COM7
COM6
COM15
COM16
COM14
COM11
COM4
COM8
COM13
COM12


!ENTRY com.st.stm32cube.ide.mpu.remote.serial 1 1 2026-05-20 18:45:57.332
!MESSAGE port: COM7

!ENTRY com.st.stm32cube.ide.mpu.remote.serial 1 1 2026-05-20 18:45:57.333
!MESSAGE port: COM6

!ENTRY com.st.stm32cube.ide.mpu.remote.serial 1 1 2026-05-20 18:45:57.334
!MESSAGE port: COM15

!ENTRY com.st.stm32cube.ide.mpu.remote.serial 1 1 2026-05-20 18:45:57.335
!MESSAGE port: COM16

!ENTRY com.st.stm32cube.ide.mpu.remote.serial 1 1 2026-05-20 18:45:57.335
!MESSAGE port: COM14

!ENTRY com.st.stm32cube.ide.mpu.remote.serial 1 1 2026-05-20 18:45:57.336
!MESSAGE port: COM11

!ENTRY com.st.stm32cube.ide.mpu.remote.serial 1 1 2026-05-20 18:45:57.337
!MESSAGE port: COM4

!ENTRY com.st.stm32cube.ide.mpu.remote.serial 1 1 2026-05-20 18:45:57.337
!MESSAGE port: COM8

!ENTRY com.st.stm32cube.ide.mpu.remote.serial 1 1 2026-05-20 18:45:57.338
!MESSAGE port: COM13

!ENTRY com.st.stm32cube.ide.mpu.remote.serial 1 1 2026-05-20 18:45:57.339
!MESSAGE port: COM12

!ENTRY com.st.stm32cube.ide.mpu.remote.serial 1 1 2026-05-20 18:46:26.691
!MESSAGE Executed PowerShell command powershell.exe -Command "Get-CimInstance -ClassName Win32_SerialPort | Select-Object -ExpandProperty DeviceID":
COM7
COM6
COM15
COM16
COM14
COM11
COM4
COM8
COM13
COM12


!ENTRY com.st.stm32cube.ide.mpu.remote.serial 1 1 2026-05-20 18:46:26.692
!MESSAGE port: COM7

!ENTRY com.st.stm32cube.ide.mpu.remote.serial 1 1 2026-05-20 18:46:26.693
!MESSAGE port: COM6

!ENTRY com.st.stm32cube.ide.mpu.remote.serial 1 1 2026-05-20 18:46:26.693
!MESSAGE port: COM15

!ENTRY com.st.stm32cube.ide.mpu.remote.serial 1 1 2026-05-20 18:46:26.694
!MESSAGE port: COM16

!ENTRY com.st.stm32cube.ide.mpu.remote.serial 1 1 2026-05-20 18:46:26.695
!MESSAGE port: COM14

!ENTRY com.st.stm32cube.ide.mpu.remote.serial 1 1 2026-05-20 18:46:26.695
!MESSAGE port: COM11

!ENTRY com.st.stm32cube.ide.mpu.remote.serial 1 1 2026-05-20 18:46:26.696
!MESSAGE port: COM4

!ENTRY com.st.stm32cube.ide.mpu.remote.serial 1 1 2026-05-20 18:46:26.696
!MESSAGE port: COM8

!ENTRY com.st.stm32cube.ide.mpu.remote.serial 1 1 2026-05-20 18:46:26.697
!MESSAGE port: COM13

!ENTRY com.st.stm32cube.ide.mpu.remote.serial 1 1 2026-05-20 18:46:26.698
!MESSAGE port: COM12

!ENTRY com.st.stm32cube.ide.mpu.remote.serial 1 1 2026-05-20 18:47:22.649
!MESSAGE Executed PowerShell command powershell.exe -Command "Get-CimInstance -ClassName Win32_SerialPort | Select-Object -ExpandProperty DeviceID":
COM7
COM6
COM15
COM16
COM14
COM11
COM4
COM8
COM13
COM12


!ENTRY com.st.stm32cube.ide.mpu.remote.serial 1 1 2026-05-20 18:47:22.650
!MESSAGE port: COM7

!ENTRY com.st.stm32cube.ide.mpu.remote.serial 1 1 2026-05-20 18:47:22.650
!MESSAGE port: COM6

!ENTRY com.st.stm32cube.ide.mpu.remote.serial 1 1 2026-05-20 18:47:22.651
!MESSAGE port: COM15

!ENTRY com.st.stm32cube.ide.mpu.remote.serial 1 1 2026-05-20 18:47:22.652
!MESSAGE port: COM16

!ENTRY com.st.stm32cube.ide.mpu.remote.serial 1 1 2026-05-20 18:47:22.653
!MESSAGE port: COM14

!ENTRY com.st.stm32cube.ide.mpu.remote.serial 1 1 2026-05-20 18:47:22.653
!MESSAGE port: COM11

!ENTRY com.st.stm32cube.ide.mpu.remote.serial 1 1 2026-05-20 18:47:22.654
!MESSAGE port: COM4

!ENTRY com.st.stm32cube.ide.mpu.remote.serial 1 1 2026-05-20 18:47:22.655
!MESSAGE port: COM8

!ENTRY com.st.stm32cube.ide.mpu.remote.serial 1 1 2026-05-20 18:47:22.655
!MESSAGE port: COM13

!ENTRY com.st.stm32cube.ide.mpu.remote.serial 1 1 2026-05-20 18:47:22.656
!MESSAGE port: COM12

!ENTRY com.st.stm32cube.ide.mpu.remote.serial 1 1 2026-05-20 18:47:52.001
!MESSAGE Executed PowerShell command powershell.exe -Command "Get-CimInstance -ClassName Win32_SerialPort | Select-Object -ExpandProperty DeviceID":
COM7
COM6
COM15
COM16
COM14
COM11
COM4
COM8
COM13
COM12


!ENTRY com.st.stm32cube.ide.mpu.remote.serial 1 1 2026-05-20 18:47:52.003
!MESSAGE port: COM7

!ENTRY com.st.stm32cube.ide.mpu.remote.serial 1 1 2026-05-20 18:47:52.005
!MESSAGE port: COM6

!ENTRY com.st.stm32cube.ide.mpu.remote.serial 1 1 2026-05-20 18:47:52.006
!MESSAGE port: COM15

!ENTRY com.st.stm32cube.ide.mpu.remote.serial 1 1 2026-05-20 18:47:52.006
!MESSAGE port: COM16

!ENTRY com.st.stm32cube.ide.mpu.remote.serial 1 1 2026-05-20 18:47:52.007
!MESSAGE port: COM14

!ENTRY com.st.stm32cube.ide.mpu.remote.serial 1 1 2026-05-20 18:47:52.008
!MESSAGE port: COM11

!ENTRY com.st.stm32cube.ide.mpu.remote.serial 1 1 2026-05-20 18:47:52.009
!MESSAGE port: COM4

!ENTRY com.st.stm32cube.ide.mpu.remote.serial 1 1 2026-05-20 18:47:52.009
!MESSAGE port: COM8

!ENTRY com.st.stm32cube.ide.mpu.remote.serial 1 1 2026-05-20 18:47:52.010
!MESSAGE port: COM13

!ENTRY com.st.stm32cube.ide.mpu.remote.serial 1 1 2026-05-20 18:47:52.011
!MESSAGE port: COM12

!ENTRY com.st.stm32cube.ide.mpu.remote.serial 1 1 2026-05-20 18:48:21.290
!MESSAGE Executed PowerShell command powershell.exe -Command "Get-CimInstance -ClassName Win32_SerialPort | Select-Object -ExpandProperty DeviceID":
COM7
COM6
COM15
COM16
COM14
COM11
COM4
COM8
COM13
COM12


!ENTRY com.st.stm32cube.ide.mpu.remote.serial 1 1 2026-05-20 18:48:21.290
!MESSAGE port: COM7

!ENTRY com.st.stm32cube.ide.mpu.remote.serial 1 1 2026-05-20 18:48:21.290
!MESSAGE port: COM6

!ENTRY com.st.stm32cube.ide.mpu.remote.serial 1 1 2026-05-20 18:48:21.291
!MESSAGE port: COM15

!ENTRY com.st.stm32cube.ide.mpu.remote.serial 1 1 2026-05-20 18:48:21.292
!MESSAGE port: COM16

!ENTRY com.st.stm32cube.ide.mpu.remote.serial 1 1 2026-05-20 18:48:21.295
!MESSAGE port: COM14

!ENTRY com.st.stm32cube.ide.mpu.remote.serial 1 1 2026-05-20 18:48:21.297
!MESSAGE port: COM11

!ENTRY com.st.stm32cube.ide.mpu.remote.serial 1 1 2026-05-20 18:48:21.300
!MESSAGE port: COM4

!ENTRY com.st.stm32cube.ide.mpu.remote.serial 1 1 2026-05-20 18:48:21.300
!MESSAGE port: COM8

!ENTRY com.st.stm32cube.ide.mpu.remote.serial 1 1 2026-05-20 18:48:21.303
!MESSAGE port: COM13

!ENTRY com.st.stm32cube.ide.mpu.remote.serial 1 1 2026-05-20 18:48:21.304
!MESSAGE port: COM12

!ENTRY com.st.stm32cube.ide.mpu.remote.serial 1 1 2026-05-20 18:50:49.722
!MESSAGE Executed PowerShell command powershell.exe -Command "Get-CimInstance -ClassName Win32_SerialPort | Select-Object -ExpandProperty DeviceID":
COM7
COM6
COM15
COM16
COM14
COM11
COM4
COM8
COM13
COM12


!ENTRY com.st.stm32cube.ide.mpu.remote.serial 1 1 2026-05-20 18:50:49.723
!MESSAGE port: COM7

!ENTRY com.st.stm32cube.ide.mpu.remote.serial 1 1 2026-05-20 18:50:49.724
!MESSAGE port: COM6

!ENTRY com.st.stm32cube.ide.mpu.remote.serial 1 1 2026-05-20 18:50:49.724
!MESSAGE port: COM15

!ENTRY com.st.stm32cube.ide.mpu.remote.serial 1 1 2026-05-20 18:50:49.725
!MESSAGE port: COM16

!ENTRY com.st.stm32cube.ide.mpu.remote.serial 1 1 2026-05-20 18:50:49.726
!MESSAGE port: COM14

!ENTRY com.st.stm32cube.ide.mpu.remote.serial 1 1 2026-05-20 18:50:49.726
!MESSAGE port: COM11

!ENTRY com.st.stm32cube.ide.mpu.remote.serial 1 1 2026-05-20 18:50:49.727
!MESSAGE port: COM4

!ENTRY com.st.stm32cube.ide.mpu.remote.serial 1 1 2026-05-20 18:50:49.727
!MESSAGE port: COM8

!ENTRY com.st.stm32cube.ide.mpu.remote.serial 1 1 2026-05-20 18:50:49.728
!MESSAGE port: COM13

!ENTRY com.st.stm32cube.ide.mpu.remote.serial 1 1 2026-05-20 18:50:49.728
!MESSAGE port: COM12

!ENTRY com.st.stm32cube.ide.mpu.remote.serial 1 1 2026-05-20 18:51:38.991
!MESSAGE Executed PowerShell command powershell.exe -Command "Get-CimInstance -ClassName Win32_SerialPort | Select-Object -ExpandProperty DeviceID":
COM7
COM6
COM15
COM16
COM14
COM11
COM4
COM8
COM13
COM12


!ENTRY com.st.stm32cube.ide.mpu.remote.serial 1 1 2026-05-20 18:51:38.992
!MESSAGE port: COM7

!ENTRY com.st.stm32cube.ide.mpu.remote.serial 1 1 2026-05-20 18:51:38.993
!MESSAGE port: COM6

!ENTRY com.st.stm32cube.ide.mpu.remote.serial 1 1 2026-05-20 18:51:38.994
!MESSAGE port: COM15

!ENTRY com.st.stm32cube.ide.mpu.remote.serial 1 1 2026-05-20 18:51:38.994
!MESSAGE port: COM16

!ENTRY com.st.stm32cube.ide.mpu.remote.serial 1 1 2026-05-20 18:51:38.995
!MESSAGE port: COM14

!ENTRY com.st.stm32cube.ide.mpu.remote.serial 1 1 2026-05-20 18:51:38.996
!MESSAGE port: COM11

!ENTRY com.st.stm32cube.ide.mpu.remote.serial 1 1 2026-05-20 18:51:38.996
!MESSAGE port: COM4

!ENTRY com.st.stm32cube.ide.mpu.remote.serial 1 1 2026-05-20 18:51:38.997
!MESSAGE port: COM8

!ENTRY com.st.stm32cube.ide.mpu.remote.serial 1 1 2026-05-20 18:51:38.997
!MESSAGE port: COM13

!ENTRY com.st.stm32cube.ide.mpu.remote.serial 1 1 2026-05-20 18:51:38.998
!MESSAGE port: COM12

!ENTRY com.st.stm32cube.ide.mpu.remote.serial 1 1 2026-05-20 18:52:07.127
!MESSAGE Executed PowerShell command powershell.exe -Command "Get-CimInstance -ClassName Win32_SerialPort | Select-Object -ExpandProperty DeviceID":
COM7
COM6
COM15
COM16
COM14
COM11
COM4
COM8
COM13
COM12


!ENTRY com.st.stm32cube.ide.mpu.remote.serial 1 1 2026-05-20 18:52:07.128
!MESSAGE port: COM7

!ENTRY com.st.stm32cube.ide.mpu.remote.serial 1 1 2026-05-20 18:52:07.128
!MESSAGE port: COM6

!ENTRY com.st.stm32cube.ide.mpu.remote.serial 1 1 2026-05-20 18:52:07.129
!MESSAGE port: COM15

!ENTRY com.st.stm32cube.ide.mpu.remote.serial 1 1 2026-05-20 18:52:07.130
!MESSAGE port: COM16

!ENTRY com.st.stm32cube.ide.mpu.remote.serial 1 1 2026-05-20 18:52:07.131
!MESSAGE port: COM14

!ENTRY com.st.stm32cube.ide.mpu.remote.serial 1 1 2026-05-20 18:52:07.132
!MESSAGE port: COM11

!ENTRY com.st.stm32cube.ide.mpu.remote.serial 1 1 2026-05-20 18:52:07.134
!MESSAGE port: COM4

!ENTRY com.st.stm32cube.ide.mpu.remote.serial 1 1 2026-05-20 18:52:07.135
!MESSAGE port: COM8

!ENTRY com.st.stm32cube.ide.mpu.remote.serial 1 1 2026-05-20 18:52:07.137
!MESSAGE port: COM13

!ENTRY com.st.stm32cube.ide.mpu.remote.serial 1 1 2026-05-20 18:52:07.137
!MESSAGE port: COM12

!ENTRY com.st.stm32cube.ide.mpu.remote.serial 1 1 2026-05-20 18:52:57.446
!MESSAGE Executed PowerShell command powershell.exe -Command "Get-CimInstance -ClassName Win32_SerialPort | Select-Object -ExpandProperty DeviceID":
COM7
COM6
COM15
COM16
COM14
COM11
COM4
COM8
COM13
COM12


!ENTRY com.st.stm32cube.ide.mpu.remote.serial 1 1 2026-05-20 18:52:57.448
!MESSAGE port: COM7

!ENTRY com.st.stm32cube.ide.mpu.remote.serial 1 1 2026-05-20 18:52:57.449
!MESSAGE port: COM6

!ENTRY com.st.stm32cube.ide.mpu.remote.serial 1 1 2026-05-20 18:52:57.450
!MESSAGE port: COM15

!ENTRY com.st.stm32cube.ide.mpu.remote.serial 1 1 2026-05-20 18:52:57.453
!MESSAGE port: COM16

!ENTRY com.st.stm32cube.ide.mpu.remote.serial 1 1 2026-05-20 18:52:57.455
!MESSAGE port: COM14

!ENTRY com.st.stm32cube.ide.mpu.remote.serial 1 1 2026-05-20 18:52:57.457
!MESSAGE port: COM11

!ENTRY com.st.stm32cube.ide.mpu.remote.serial 1 1 2026-05-20 18:52:57.458
!MESSAGE port: COM4

!ENTRY com.st.stm32cube.ide.mpu.remote.serial 1 1 2026-05-20 18:52:57.459
!MESSAGE port: COM8

!ENTRY com.st.stm32cube.ide.mpu.remote.serial 1 1 2026-05-20 18:52:57.459
!MESSAGE port: COM13

!ENTRY com.st.stm32cube.ide.mpu.remote.serial 1 1 2026-05-20 18:52:57.460
!MESSAGE port: COM12

!ENTRY com.st.stm32cube.ide.mpu.remote.serial 1 1 2026-05-20 18:53:26.193
!MESSAGE Executed PowerShell command powershell.exe -Command "Get-CimInstance -ClassName Win32_SerialPort | Select-Object -ExpandProperty DeviceID":
COM7
COM6
COM15
COM16
COM14
COM11
COM4
COM8
COM13
COM12


!ENTRY com.st.stm32cube.ide.mpu.remote.serial 1 1 2026-05-20 18:53:26.194
!MESSAGE port: COM7

!ENTRY com.st.stm32cube.ide.mpu.remote.serial 1 1 2026-05-20 18:53:26.195
!MESSAGE port: COM6

!ENTRY com.st.stm32cube.ide.mpu.remote.serial 1 1 2026-05-20 18:53:26.196
!MESSAGE port: COM15

!ENTRY com.st.stm32cube.ide.mpu.remote.serial 1 1 2026-05-20 18:53:26.196
!MESSAGE port: COM16

!ENTRY com.st.stm32cube.ide.mpu.remote.serial 1 1 2026-05-20 18:53:26.197
!MESSAGE port: COM14

!ENTRY com.st.stm32cube.ide.mpu.remote.serial 1 1 2026-05-20 18:53:26.198
!MESSAGE port: COM11

!ENTRY com.st.stm32cube.ide.mpu.remote.serial 1 1 2026-05-20 18:53:26.198
!MESSAGE port: COM4

!ENTRY com.st.stm32cube.ide.mpu.remote.serial 1 1 2026-05-20 18:53:26.199
!MESSAGE port: COM8

!ENTRY com.st.stm32cube.ide.mpu.remote.serial 1 1 2026-05-20 18:53:26.199
!MESSAGE port: COM13

!ENTRY com.st.stm32cube.ide.mpu.remote.serial 1 1 2026-05-20 18:53:26.200
!MESSAGE port: COM12

!ENTRY com.st.stm32cube.ide.mpu.remote.serial 1 1 2026-05-20 18:53:56.548
!MESSAGE Executed PowerShell command powershell.exe -Command "Get-CimInstance -ClassName Win32_SerialPort | Select-Object -ExpandProperty DeviceID":
COM7
COM6
COM15
COM16
COM14
COM11
COM4
COM8
COM13
COM12


!ENTRY com.st.stm32cube.ide.mpu.remote.serial 1 1 2026-05-20 18:53:56.549
!MESSAGE port: COM7

!ENTRY com.st.stm32cube.ide.mpu.remote.serial 1 1 2026-05-20 18:53:56.549
!MESSAGE port: COM6

!ENTRY com.st.stm32cube.ide.mpu.remote.serial 1 1 2026-05-20 18:53:56.550
!MESSAGE port: COM15

!ENTRY com.st.stm32cube.ide.mpu.remote.serial 1 1 2026-05-20 18:53:56.551
!MESSAGE port: COM16

!ENTRY com.st.stm32cube.ide.mpu.remote.serial 1 1 2026-05-20 18:53:56.551
!MESSAGE port: COM14

!ENTRY com.st.stm32cube.ide.mpu.remote.serial 1 1 2026-05-20 18:53:56.552
!MESSAGE port: COM11

!ENTRY com.st.stm32cube.ide.mpu.remote.serial 1 1 2026-05-20 18:53:56.552
!MESSAGE port: COM4

!ENTRY com.st.stm32cube.ide.mpu.remote.serial 1 1 2026-05-20 18:53:56.553
!MESSAGE port: COM8

!ENTRY com.st.stm32cube.ide.mpu.remote.serial 1 1 2026-05-20 18:53:56.554
!MESSAGE port: COM13

!ENTRY com.st.stm32cube.ide.mpu.remote.serial 1 1 2026-05-20 18:53:56.554
!MESSAGE port: COM12

!ENTRY com.st.stm32cube.ide.mpu.remote.serial 1 1 2026-05-20 18:54:24.906
!MESSAGE Executed PowerShell command powershell.exe -Command "Get-CimInstance -ClassName Win32_SerialPort | Select-Object -ExpandProperty DeviceID":
COM7
COM6
COM15
COM16
COM14
COM11
COM4
COM8
COM13
COM12


!ENTRY com.st.stm32cube.ide.mpu.remote.serial 1 1 2026-05-20 18:54:24.907
!MESSAGE port: COM7

!ENTRY com.st.stm32cube.ide.mpu.remote.serial 1 1 2026-05-20 18:54:24.907
!MESSAGE port: COM6

!ENTRY com.st.stm32cube.ide.mpu.remote.serial 1 1 2026-05-20 18:54:24.908
!MESSAGE port: COM15

!ENTRY com.st.stm32cube.ide.mpu.remote.serial 1 1 2026-05-20 18:54:24.908
!MESSAGE port: COM16

!ENTRY com.st.stm32cube.ide.mpu.remote.serial 1 1 2026-05-20 18:54:24.909
!MESSAGE port: COM14

!ENTRY com.st.stm32cube.ide.mpu.remote.serial 1 1 2026-05-20 18:54:24.910
!MESSAGE port: COM11

!ENTRY com.st.stm32cube.ide.mpu.remote.serial 1 1 2026-05-20 18:54:24.910
!MESSAGE port: COM4

!ENTRY com.st.stm32cube.ide.mpu.remote.serial 1 1 2026-05-20 18:54:24.911
!MESSAGE port: COM8

!ENTRY com.st.stm32cube.ide.mpu.remote.serial 1 1 2026-05-20 18:54:24.911
!MESSAGE port: COM13

!ENTRY com.st.stm32cube.ide.mpu.remote.serial 1 1 2026-05-20 18:54:24.912
!MESSAGE port: COM12

!ENTRY com.st.stm32cube.ide.mpu.remote.serial 1 1 2026-05-20 18:57:15.472
!MESSAGE Executed PowerShell command powershell.exe -Command "Get-CimInstance -ClassName Win32_SerialPort | Select-Object -ExpandProperty DeviceID":
COM7
COM6
COM15
COM16
COM14
COM11
COM4
COM8
COM13
COM12


!ENTRY com.st.stm32cube.ide.mpu.remote.serial 1 1 2026-05-20 18:57:15.472
!MESSAGE port: COM7

!ENTRY com.st.stm32cube.ide.mpu.remote.serial 1 1 2026-05-20 18:57:15.472
!MESSAGE port: COM6

!ENTRY com.st.stm32cube.ide.mpu.remote.serial 1 1 2026-05-20 18:57:15.474
!MESSAGE port: COM15

!ENTRY com.st.stm32cube.ide.mpu.remote.serial 1 1 2026-05-20 18:57:15.474
!MESSAGE port: COM16

!ENTRY com.st.stm32cube.ide.mpu.remote.serial 1 1 2026-05-20 18:57:15.474
!MESSAGE port: COM14

!ENTRY com.st.stm32cube.ide.mpu.remote.serial 1 1 2026-05-20 18:57:15.474
!MESSAGE port: COM11

!ENTRY com.st.stm32cube.ide.mpu.remote.serial 1 1 2026-05-20 18:57:15.476
!MESSAGE port: COM4

!ENTRY com.st.stm32cube.ide.mpu.remote.serial 1 1 2026-05-20 18:57:15.476
!MESSAGE port: COM8

!ENTRY com.st.stm32cube.ide.mpu.remote.serial 1 1 2026-05-20 18:57:15.476
!MESSAGE port: COM13

!ENTRY com.st.stm32cube.ide.mpu.remote.serial 1 1 2026-05-20 18:57:15.478
!MESSAGE port: COM12

!ENTRY com.st.stm32cube.ide.mpu.remote.serial 1 1 2026-05-20 18:57:43.828
!MESSAGE Executed PowerShell command powershell.exe -Command "Get-CimInstance -ClassName Win32_SerialPort | Select-Object -ExpandProperty DeviceID":
COM7
COM6
COM15
COM16
COM14
COM11
COM4
COM8
COM13
COM12


!ENTRY com.st.stm32cube.ide.mpu.remote.serial 1 1 2026-05-20 18:57:43.829
!MESSAGE port: COM7

!ENTRY com.st.stm32cube.ide.mpu.remote.serial 1 1 2026-05-20 18:57:43.829
!MESSAGE port: COM6

!ENTRY com.st.stm32cube.ide.mpu.remote.serial 1 1 2026-05-20 18:57:43.830
!MESSAGE port: COM15

!ENTRY com.st.stm32cube.ide.mpu.remote.serial 1 1 2026-05-20 18:57:43.831
!MESSAGE port: COM16

!ENTRY com.st.stm32cube.ide.mpu.remote.serial 1 1 2026-05-20 18:57:43.831
!MESSAGE port: COM14

!ENTRY com.st.stm32cube.ide.mpu.remote.serial 1 1 2026-05-20 18:57:43.832
!MESSAGE port: COM11

!ENTRY com.st.stm32cube.ide.mpu.remote.serial 1 1 2026-05-20 18:57:43.833
!MESSAGE port: COM4

!ENTRY com.st.stm32cube.ide.mpu.remote.serial 1 1 2026-05-20 18:57:43.833
!MESSAGE port: COM8

!ENTRY com.st.stm32cube.ide.mpu.remote.serial 1 1 2026-05-20 18:57:43.834
!MESSAGE port: COM13

!ENTRY com.st.stm32cube.ide.mpu.remote.serial 1 1 2026-05-20 18:57:43.835
!MESSAGE port: COM12

!ENTRY com.st.stm32cube.ide.mpu.remote.serial 1 1 2026-05-20 19:02:14.716
!MESSAGE Executed PowerShell command powershell.exe -Command "Get-CimInstance -ClassName Win32_SerialPort | Select-Object -ExpandProperty DeviceID":
COM7
COM6
COM15
COM16
COM14
COM11
COM4
COM8
COM13
COM12


!ENTRY com.st.stm32cube.ide.mpu.remote.serial 1 1 2026-05-20 19:02:14.716
!MESSAGE port: COM7

!ENTRY com.st.stm32cube.ide.mpu.remote.serial 1 1 2026-05-20 19:02:14.716
!MESSAGE port: COM6

!ENTRY com.st.stm32cube.ide.mpu.remote.serial 1 1 2026-05-20 19:02:14.716
!MESSAGE port: COM15

!ENTRY com.st.stm32cube.ide.mpu.remote.serial 1 1 2026-05-20 19:02:14.716
!MESSAGE port: COM16

!ENTRY com.st.stm32cube.ide.mpu.remote.serial 1 1 2026-05-20 19:02:14.716
!MESSAGE port: COM14

!ENTRY com.st.stm32cube.ide.mpu.remote.serial 1 1 2026-05-20 19:02:14.716
!MESSAGE port: COM11

!ENTRY com.st.stm32cube.ide.mpu.remote.serial 1 1 2026-05-20 19:02:14.716
!MESSAGE port: COM4

!ENTRY com.st.stm32cube.ide.mpu.remote.serial 1 1 2026-05-20 19:02:14.716
!MESSAGE port: COM8

!ENTRY com.st.stm32cube.ide.mpu.remote.serial 1 1 2026-05-20 19:02:14.723
!MESSAGE port: COM13

!ENTRY com.st.stm32cube.ide.mpu.remote.serial 1 1 2026-05-20 19:02:14.723
!MESSAGE port: COM12

!ENTRY org.eclipse.cdt.core 1 0 2026-05-20 19:04:51.596
!MESSAGE Indexed 'Prueba_tx_rak' (52 sources, 173 headers) in 5,06 sec: 17.719 declarations; 70.125 references; 3 unresolved inclusions; 33 syntax errors; 171 unresolved names (0,19 %)

!ENTRY com.st.stm32cube.ide.mpu.remote.serial 1 1 2026-05-20 19:05:21.117
!MESSAGE Executed PowerShell command powershell.exe -Command "Get-CimInstance -ClassName Win32_SerialPort | Select-Object -ExpandProperty DeviceID":
COM7
COM6
COM15
COM16
COM14
COM11
COM4
COM8
COM13
COM12


!ENTRY com.st.stm32cube.ide.mpu.remote.serial 1 1 2026-05-20 19:05:21.119
!MESSAGE port: COM7

!ENTRY com.st.stm32cube.ide.mpu.remote.serial 1 1 2026-05-20 19:05:21.120
!MESSAGE port: COM6

!ENTRY com.st.stm32cube.ide.mpu.remote.serial 1 1 2026-05-20 19:05:21.121
!MESSAGE port: COM15

!ENTRY com.st.stm32cube.ide.mpu.remote.serial 1 1 2026-05-20 19:05:21.121
!MESSAGE port: COM16

!ENTRY com.st.stm32cube.ide.mpu.remote.serial 1 1 2026-05-20 19:05:21.122
!MESSAGE port: COM14

!ENTRY com.st.stm32cube.ide.mpu.remote.serial 1 1 2026-05-20 19:05:21.123
!MESSAGE port: COM11

!ENTRY com.st.stm32cube.ide.mpu.remote.serial 1 1 2026-05-20 19:05:21.124
!MESSAGE port: COM4

!ENTRY com.st.stm32cube.ide.mpu.remote.serial 1 1 2026-05-20 19:05:21.125
!MESSAGE port: COM8

!ENTRY com.st.stm32cube.ide.mpu.remote.serial 1 1 2026-05-20 19:05:21.126
!MESSAGE port: COM13

!ENTRY com.st.stm32cube.ide.mpu.remote.serial 1 1 2026-05-20 19:05:21.127
!MESSAGE port: COM12

!ENTRY com.st.stm32cube.ide.mpu.remote.serial 1 1 2026-05-20 19:06:00.286
!MESSAGE Executed PowerShell command powershell.exe -Command "Get-CimInstance -ClassName Win32_SerialPort | Select-Object -ExpandProperty DeviceID":
COM7
COM6
COM15
COM16
COM14
COM11
COM4
COM8
COM13
COM12


!ENTRY com.st.stm32cube.ide.mpu.remote.serial 1 1 2026-05-20 19:06:00.287
!MESSAGE port: COM7

!ENTRY com.st.stm32cube.ide.mpu.remote.serial 1 1 2026-05-20 19:06:00.287
!MESSAGE port: COM6

!ENTRY com.st.stm32cube.ide.mpu.remote.serial 1 1 2026-05-20 19:06:00.288
!MESSAGE port: COM15

!ENTRY com.st.stm32cube.ide.mpu.remote.serial 1 1 2026-05-20 19:06:00.288
!MESSAGE port: COM16

!ENTRY com.st.stm32cube.ide.mpu.remote.serial 1 1 2026-05-20 19:06:00.289
!MESSAGE port: COM14

!ENTRY com.st.stm32cube.ide.mpu.remote.serial 1 1 2026-05-20 19:06:00.290
!MESSAGE port: COM11

!ENTRY com.st.stm32cube.ide.mpu.remote.serial 1 1 2026-05-20 19:06:00.290
!MESSAGE port: COM4

!ENTRY com.st.stm32cube.ide.mpu.remote.serial 1 1 2026-05-20 19:06:00.291
!MESSAGE port: COM8

!ENTRY com.st.stm32cube.ide.mpu.remote.serial 1 1 2026-05-20 19:06:00.292
!MESSAGE port: COM13

!ENTRY com.st.stm32cube.ide.mpu.remote.serial 1 1 2026-05-20 19:06:00.293
!MESSAGE port: COM12

!ENTRY com.st.stm32cube.ide.mpu.remote.serial 1 1 2026-05-20 19:06:28.591
!MESSAGE Executed PowerShell command powershell.exe -Command "Get-CimInstance -ClassName Win32_SerialPort | Select-Object -ExpandProperty DeviceID":
COM7
COM6
COM15
COM16
COM14
COM11
COM4
COM8
COM13
COM12


!ENTRY com.st.stm32cube.ide.mpu.remote.serial 1 1 2026-05-20 19:06:28.592
!MESSAGE port: COM7

!ENTRY com.st.stm32cube.ide.mpu.remote.serial 1 1 2026-05-20 19:06:28.593
!MESSAGE port: COM6

!ENTRY com.st.stm32cube.ide.mpu.remote.serial 1 1 2026-05-20 19:06:28.594
!MESSAGE port: COM15

!ENTRY com.st.stm32cube.ide.mpu.remote.serial 1 1 2026-05-20 19:06:28.594
!MESSAGE port: COM16

!ENTRY com.st.stm32cube.ide.mpu.remote.serial 1 1 2026-05-20 19:06:28.595
!MESSAGE port: COM14

!ENTRY com.st.stm32cube.ide.mpu.remote.serial 1 1 2026-05-20 19:06:28.595
!MESSAGE port: COM11

!ENTRY com.st.stm32cube.ide.mpu.remote.serial 1 1 2026-05-20 19:06:28.596
!MESSAGE port: COM4

!ENTRY com.st.stm32cube.ide.mpu.remote.serial 1 1 2026-05-20 19:06:28.597
!MESSAGE port: COM8

!ENTRY com.st.stm32cube.ide.mpu.remote.serial 1 1 2026-05-20 19:06:28.597
!MESSAGE port: COM13

!ENTRY com.st.stm32cube.ide.mpu.remote.serial 1 1 2026-05-20 19:06:28.598
!MESSAGE port: COM12

!ENTRY com.st.stm32cube.ide.mpu.remote.serial 1 1 2026-05-20 19:06:58.747
!MESSAGE Executed PowerShell command powershell.exe -Command "Get-CimInstance -ClassName Win32_SerialPort | Select-Object -ExpandProperty DeviceID":
COM7
COM6
COM15
COM16
COM14
COM11
COM4
COM8
COM13
COM12


!ENTRY com.st.stm32cube.ide.mpu.remote.serial 1 1 2026-05-20 19:06:58.748
!MESSAGE port: COM7

!ENTRY com.st.stm32cube.ide.mpu.remote.serial 1 1 2026-05-20 19:06:58.748
!MESSAGE port: COM6

!ENTRY com.st.stm32cube.ide.mpu.remote.serial 1 1 2026-05-20 19:06:58.749
!MESSAGE port: COM15

!ENTRY com.st.stm32cube.ide.mpu.remote.serial 1 1 2026-05-20 19:06:58.750
!MESSAGE port: COM16

!ENTRY com.st.stm32cube.ide.mpu.remote.serial 1 1 2026-05-20 19:06:58.750
!MESSAGE port: COM14

!ENTRY com.st.stm32cube.ide.mpu.remote.serial 1 1 2026-05-20 19:06:58.751
!MESSAGE port: COM11

!ENTRY com.st.stm32cube.ide.mpu.remote.serial 1 1 2026-05-20 19:06:58.752
!MESSAGE port: COM4

!ENTRY com.st.stm32cube.ide.mpu.remote.serial 1 1 2026-05-20 19:06:58.753
!MESSAGE port: COM8

!ENTRY com.st.stm32cube.ide.mpu.remote.serial 1 1 2026-05-20 19:06:58.753
!MESSAGE port: COM13

!ENTRY com.st.stm32cube.ide.mpu.remote.serial 1 1 2026-05-20 19:06:58.754
!MESSAGE port: COM12

!ENTRY com.st.stm32cube.ide.mpu.remote.serial 1 1 2026-05-20 19:07:27.062
!MESSAGE Executed PowerShell command powershell.exe -Command "Get-CimInstance -ClassName Win32_SerialPort | Select-Object -ExpandProperty DeviceID":
COM7
COM6
COM15
COM16
COM14
COM11
COM4
COM8
COM13
COM12


!ENTRY com.st.stm32cube.ide.mpu.remote.serial 1 1 2026-05-20 19:07:27.063
!MESSAGE port: COM7

!ENTRY com.st.stm32cube.ide.mpu.remote.serial 1 1 2026-05-20 19:07:27.064
!MESSAGE port: COM6

!ENTRY com.st.stm32cube.ide.mpu.remote.serial 1 1 2026-05-20 19:07:27.064
!MESSAGE port: COM15

!ENTRY com.st.stm32cube.ide.mpu.remote.serial 1 1 2026-05-20 19:07:27.065
!MESSAGE port: COM16

!ENTRY com.st.stm32cube.ide.mpu.remote.serial 1 1 2026-05-20 19:07:27.065
!MESSAGE port: COM14

!ENTRY com.st.stm32cube.ide.mpu.remote.serial 1 1 2026-05-20 19:07:27.066
!MESSAGE port: COM11

!ENTRY com.st.stm32cube.ide.mpu.remote.serial 1 1 2026-05-20 19:07:27.067
!MESSAGE port: COM4

!ENTRY com.st.stm32cube.ide.mpu.remote.serial 1 1 2026-05-20 19:07:27.068
!MESSAGE port: COM8

!ENTRY com.st.stm32cube.ide.mpu.remote.serial 1 1 2026-05-20 19:07:27.068
!MESSAGE port: COM13

!ENTRY com.st.stm32cube.ide.mpu.remote.serial 1 1 2026-05-20 19:07:27.069
!MESSAGE port: COM12

!ENTRY com.st.stm32cube.ide.mpu.remote.serial 1 1 2026-05-20 19:07:55.494
!MESSAGE Executed PowerShell command powershell.exe -Command "Get-CimInstance -ClassName Win32_SerialPort | Select-Object -ExpandProperty DeviceID":
COM7
COM6
COM15
COM16
COM14
COM11
COM4
COM8
COM13
COM12


!ENTRY com.st.stm32cube.ide.mpu.remote.serial 1 1 2026-05-20 19:07:55.495
!MESSAGE port: COM7

!ENTRY com.st.stm32cube.ide.mpu.remote.serial 1 1 2026-05-20 19:07:55.497
!MESSAGE port: COM6

!ENTRY com.st.stm32cube.ide.mpu.remote.serial 1 1 2026-05-20 19:07:55.498
!MESSAGE port: COM15

!ENTRY com.st.stm32cube.ide.mpu.remote.serial 1 1 2026-05-20 19:07:55.498
!MESSAGE port: COM16

!ENTRY com.st.stm32cube.ide.mpu.remote.serial 1 1 2026-05-20 19:07:55.499
!MESSAGE port: COM14

!ENTRY com.st.stm32cube.ide.mpu.remote.serial 1 1 2026-05-20 19:07:55.500
!MESSAGE port: COM11

!ENTRY com.st.stm32cube.ide.mpu.remote.serial 1 1 2026-05-20 19:07:55.501
!MESSAGE port: COM4

!ENTRY com.st.stm32cube.ide.mpu.remote.serial 1 1 2026-05-20 19:07:55.502
!MESSAGE port: COM8

!ENTRY com.st.stm32cube.ide.mpu.remote.serial 1 1 2026-05-20 19:07:55.503
!MESSAGE port: COM13

!ENTRY com.st.stm32cube.ide.mpu.remote.serial 1 1 2026-05-20 19:07:55.503
!MESSAGE port: COM12

!ENTRY com.st.stm32cube.ide.mpu.remote.serial 1 1 2026-05-20 19:08:24.536
!MESSAGE Executed PowerShell command powershell.exe -Command "Get-CimInstance -ClassName Win32_SerialPort | Select-Object -ExpandProperty DeviceID":
COM7
COM6
COM15
COM16
COM14
COM11
COM4
COM8
COM13
COM12


!ENTRY com.st.stm32cube.ide.mpu.remote.serial 1 1 2026-05-20 19:08:24.536
!MESSAGE port: COM7

!ENTRY com.st.stm32cube.ide.mpu.remote.serial 1 1 2026-05-20 19:08:24.537
!MESSAGE port: COM6

!ENTRY com.st.stm32cube.ide.mpu.remote.serial 1 1 2026-05-20 19:08:24.537
!MESSAGE port: COM15

!ENTRY com.st.stm32cube.ide.mpu.remote.serial 1 1 2026-05-20 19:08:24.538
!MESSAGE port: COM16

!ENTRY com.st.stm32cube.ide.mpu.remote.serial 1 1 2026-05-20 19:08:24.539
!MESSAGE port: COM14

!ENTRY com.st.stm32cube.ide.mpu.remote.serial 1 1 2026-05-20 19:08:24.539
!MESSAGE port: COM11

!ENTRY com.st.stm32cube.ide.mpu.remote.serial 1 1 2026-05-20 19:08:24.540
!MESSAGE port: COM4

!ENTRY com.st.stm32cube.ide.mpu.remote.serial 1 1 2026-05-20 19:08:24.540
!MESSAGE port: COM8

!ENTRY com.st.stm32cube.ide.mpu.remote.serial 1 1 2026-05-20 19:08:24.541
!MESSAGE port: COM13

!ENTRY com.st.stm32cube.ide.mpu.remote.serial 1 1 2026-05-20 19:08:24.542
!MESSAGE port: COM12

!ENTRY com.st.stm32cube.ide.mpu.remote.serial 1 1 2026-05-20 19:09:05.850
!MESSAGE Executed PowerShell command powershell.exe -Command "Get-CimInstance -ClassName Win32_SerialPort | Select-Object -ExpandProperty DeviceID":
COM7
COM6
COM15
COM16
COM14
COM11
COM4
COM8
COM13
COM12


!ENTRY com.st.stm32cube.ide.mpu.remote.serial 1 1 2026-05-20 19:09:05.850
!MESSAGE port: COM7

!ENTRY com.st.stm32cube.ide.mpu.remote.serial 1 1 2026-05-20 19:09:05.852
!MESSAGE port: COM6

!ENTRY com.st.stm32cube.ide.mpu.remote.serial 1 1 2026-05-20 19:09:05.853
!MESSAGE port: COM15

!ENTRY com.st.stm32cube.ide.mpu.remote.serial 1 1 2026-05-20 19:09:05.853
!MESSAGE port: COM16

!ENTRY com.st.stm32cube.ide.mpu.remote.serial 1 1 2026-05-20 19:09:05.855
!MESSAGE port: COM14

!ENTRY com.st.stm32cube.ide.mpu.remote.serial 1 1 2026-05-20 19:09:05.855
!MESSAGE port: COM11

!ENTRY com.st.stm32cube.ide.mpu.remote.serial 1 1 2026-05-20 19:09:05.855
!MESSAGE port: COM4

!ENTRY com.st.stm32cube.ide.mpu.remote.serial 1 1 2026-05-20 19:09:05.856
!MESSAGE port: COM8

!ENTRY com.st.stm32cube.ide.mpu.remote.serial 1 1 2026-05-20 19:09:05.856
!MESSAGE port: COM13

!ENTRY com.st.stm32cube.ide.mpu.remote.serial 1 1 2026-05-20 19:09:05.858
!MESSAGE port: COM12

!ENTRY com.st.stm32cube.ide.mpu.remote.serial 1 1 2026-05-20 19:09:34.375
!MESSAGE Executed PowerShell command powershell.exe -Command "Get-CimInstance -ClassName Win32_SerialPort | Select-Object -ExpandProperty DeviceID":
COM7
COM6
COM15
COM16
COM14
COM11
COM4
COM8
COM13
COM12


!ENTRY com.st.stm32cube.ide.mpu.remote.serial 1 1 2026-05-20 19:09:34.376
!MESSAGE port: COM7

!ENTRY com.st.stm32cube.ide.mpu.remote.serial 1 1 2026-05-20 19:09:34.378
!MESSAGE port: COM6

!ENTRY com.st.stm32cube.ide.mpu.remote.serial 1 1 2026-05-20 19:09:34.379
!MESSAGE port: COM15

!ENTRY com.st.stm32cube.ide.mpu.remote.serial 1 1 2026-05-20 19:09:34.380
!MESSAGE port: COM16

!ENTRY com.st.stm32cube.ide.mpu.remote.serial 1 1 2026-05-20 19:09:34.380
!MESSAGE port: COM14

!ENTRY com.st.stm32cube.ide.mpu.remote.serial 1 1 2026-05-20 19:09:34.381
!MESSAGE port: COM11

!ENTRY com.st.stm32cube.ide.mpu.remote.serial 1 1 2026-05-20 19:09:34.382
!MESSAGE port: COM4

!ENTRY com.st.stm32cube.ide.mpu.remote.serial 1 1 2026-05-20 19:09:34.382
!MESSAGE port: COM8

!ENTRY com.st.stm32cube.ide.mpu.remote.serial 1 1 2026-05-20 19:09:34.383
!MESSAGE port: COM13

!ENTRY com.st.stm32cube.ide.mpu.remote.serial 1 1 2026-05-20 19:09:34.384
!MESSAGE port: COM12

!ENTRY com.st.stm32cube.ide.mpu.remote.serial 1 1 2026-05-20 19:11:40.256
!MESSAGE Executed PowerShell command powershell.exe -Command "Get-CimInstance -ClassName Win32_SerialPort | Select-Object -ExpandProperty DeviceID":
COM7
COM6
COM15
COM16
COM14
COM11
COM4
COM8
COM13
COM12


!ENTRY com.st.stm32cube.ide.mpu.remote.serial 1 1 2026-05-20 19:11:40.256
!MESSAGE port: COM7

!ENTRY com.st.stm32cube.ide.mpu.remote.serial 1 1 2026-05-20 19:11:40.257
!MESSAGE port: COM6

!ENTRY com.st.stm32cube.ide.mpu.remote.serial 1 1 2026-05-20 19:11:40.258
!MESSAGE port: COM15

!ENTRY com.st.stm32cube.ide.mpu.remote.serial 1 1 2026-05-20 19:11:40.258
!MESSAGE port: COM16

!ENTRY com.st.stm32cube.ide.mpu.remote.serial 1 1 2026-05-20 19:11:40.259
!MESSAGE port: COM14

!ENTRY com.st.stm32cube.ide.mpu.remote.serial 1 1 2026-05-20 19:11:40.259
!MESSAGE port: COM11

!ENTRY com.st.stm32cube.ide.mpu.remote.serial 1 1 2026-05-20 19:11:40.260
!MESSAGE port: COM4

!ENTRY com.st.stm32cube.ide.mpu.remote.serial 1 1 2026-05-20 19:11:40.261
!MESSAGE port: COM8

!ENTRY com.st.stm32cube.ide.mpu.remote.serial 1 1 2026-05-20 19:11:40.262
!MESSAGE port: COM13

!ENTRY com.st.stm32cube.ide.mpu.remote.serial 1 1 2026-05-20 19:11:40.263
!MESSAGE port: COM12

!ENTRY com.st.stm32cube.ide.mpu.remote.serial 1 1 2026-05-20 19:12:08.942
!MESSAGE Executed PowerShell command powershell.exe -Command "Get-CimInstance -ClassName Win32_SerialPort | Select-Object -ExpandProperty DeviceID":
COM7
COM6
COM15
COM16
COM14
COM11
COM4
COM8
COM13
COM12


!ENTRY com.st.stm32cube.ide.mpu.remote.serial 1 1 2026-05-20 19:12:08.943
!MESSAGE port: COM7

!ENTRY com.st.stm32cube.ide.mpu.remote.serial 1 1 2026-05-20 19:12:08.944
!MESSAGE port: COM6

!ENTRY com.st.stm32cube.ide.mpu.remote.serial 1 1 2026-05-20 19:12:08.945
!MESSAGE port: COM15

!ENTRY com.st.stm32cube.ide.mpu.remote.serial 1 1 2026-05-20 19:12:08.945
!MESSAGE port: COM16

!ENTRY com.st.stm32cube.ide.mpu.remote.serial 1 1 2026-05-20 19:12:08.946
!MESSAGE port: COM14

!ENTRY com.st.stm32cube.ide.mpu.remote.serial 1 1 2026-05-20 19:12:08.947
!MESSAGE port: COM11

!ENTRY com.st.stm32cube.ide.mpu.remote.serial 1 1 2026-05-20 19:12:08.948
!MESSAGE port: COM4

!ENTRY com.st.stm32cube.ide.mpu.remote.serial 1 1 2026-05-20 19:12:08.948
!MESSAGE port: COM8

!ENTRY com.st.stm32cube.ide.mpu.remote.serial 1 1 2026-05-20 19:12:08.949
!MESSAGE port: COM13

!ENTRY com.st.stm32cube.ide.mpu.remote.serial 1 1 2026-05-20 19:12:08.950
!MESSAGE port: COM12

!ENTRY com.st.stm32cube.ide.mpu.remote.serial 1 1 2026-05-20 19:12:46.566
!MESSAGE Executed PowerShell command powershell.exe -Command "Get-CimInstance -ClassName Win32_SerialPort | Select-Object -ExpandProperty DeviceID":
COM7
COM6
COM15
COM16
COM14
COM11
COM4
COM8
COM13
COM12


!ENTRY com.st.stm32cube.ide.mpu.remote.serial 1 1 2026-05-20 19:12:46.567
!MESSAGE port: COM7

!ENTRY com.st.stm32cube.ide.mpu.remote.serial 1 1 2026-05-20 19:12:46.568
!MESSAGE port: COM6

!ENTRY com.st.stm32cube.ide.mpu.remote.serial 1 1 2026-05-20 19:12:46.568
!MESSAGE port: COM15

!ENTRY com.st.stm32cube.ide.mpu.remote.serial 1 1 2026-05-20 19:12:46.569
!MESSAGE port: COM16

!ENTRY com.st.stm32cube.ide.mpu.remote.serial 1 1 2026-05-20 19:12:46.570
!MESSAGE port: COM14

!ENTRY com.st.stm32cube.ide.mpu.remote.serial 1 1 2026-05-20 19:12:46.570
!MESSAGE port: COM11

!ENTRY com.st.stm32cube.ide.mpu.remote.serial 1 1 2026-05-20 19:12:46.571
!MESSAGE port: COM4

!ENTRY com.st.stm32cube.ide.mpu.remote.serial 1 1 2026-05-20 19:12:46.572
!MESSAGE port: COM8

!ENTRY com.st.stm32cube.ide.mpu.remote.serial 1 1 2026-05-20 19:12:46.572
!MESSAGE port: COM13

!ENTRY com.st.stm32cube.ide.mpu.remote.serial 1 1 2026-05-20 19:12:46.573
!MESSAGE port: COM12

!ENTRY com.st.stm32cube.ide.mpu.remote.serial 1 1 2026-05-20 19:13:14.912
!MESSAGE Executed PowerShell command powershell.exe -Command "Get-CimInstance -ClassName Win32_SerialPort | Select-Object -ExpandProperty DeviceID":
COM7
COM6
COM15
COM16
COM14
COM11
COM4
COM8
COM13
COM12


!ENTRY com.st.stm32cube.ide.mpu.remote.serial 1 1 2026-05-20 19:13:14.913
!MESSAGE port: COM7

!ENTRY com.st.stm32cube.ide.mpu.remote.serial 1 1 2026-05-20 19:13:14.913
!MESSAGE port: COM6

!ENTRY com.st.stm32cube.ide.mpu.remote.serial 1 1 2026-05-20 19:13:14.914
!MESSAGE port: COM15

!ENTRY com.st.stm32cube.ide.mpu.remote.serial 1 1 2026-05-20 19:13:14.915
!MESSAGE port: COM16

!ENTRY com.st.stm32cube.ide.mpu.remote.serial 1 1 2026-05-20 19:13:14.915
!MESSAGE port: COM14

!ENTRY com.st.stm32cube.ide.mpu.remote.serial 1 1 2026-05-20 19:13:14.916
!MESSAGE port: COM11

!ENTRY com.st.stm32cube.ide.mpu.remote.serial 1 1 2026-05-20 19:13:14.916
!MESSAGE port: COM4

!ENTRY com.st.stm32cube.ide.mpu.remote.serial 1 1 2026-05-20 19:13:14.917
!MESSAGE port: COM8

!ENTRY com.st.stm32cube.ide.mpu.remote.serial 1 1 2026-05-20 19:13:14.917
!MESSAGE port: COM13

!ENTRY com.st.stm32cube.ide.mpu.remote.serial 1 1 2026-05-20 19:13:14.918
!MESSAGE port: COM12

!ENTRY org.eclipse.cdt.core 1 0 2026-05-20 19:16:29.475
!MESSAGE Indexed 'gps' (25 sources, 163 headers) in 4,11 sec: 18.351 declarations; 75.917 references; 1 unresolved inclusions; 76 syntax errors; 240 unresolved names (0,25 %)

!ENTRY com.st.stm32cube.ide.mpu.remote.serial 1 1 2026-05-20 19:19:29.876
!MESSAGE Executed PowerShell command powershell.exe -Command "Get-CimInstance -ClassName Win32_SerialPort | Select-Object -ExpandProperty DeviceID":
COM7
COM6
COM15
COM16
COM14
COM11
COM4
COM8
COM13
COM12


!ENTRY com.st.stm32cube.ide.mpu.remote.serial 1 1 2026-05-20 19:19:29.878
!MESSAGE port: COM7

!ENTRY com.st.stm32cube.ide.mpu.remote.serial 1 1 2026-05-20 19:19:29.879
!MESSAGE port: COM6

!ENTRY com.st.stm32cube.ide.mpu.remote.serial 1 1 2026-05-20 19:19:29.879
!MESSAGE port: COM15

!ENTRY com.st.stm32cube.ide.mpu.remote.serial 1 1 2026-05-20 19:19:29.879
!MESSAGE port: COM16

!ENTRY com.st.stm32cube.ide.mpu.remote.serial 1 1 2026-05-20 19:19:29.881
!MESSAGE port: COM14

!ENTRY com.st.stm32cube.ide.mpu.remote.serial 1 1 2026-05-20 19:19:29.883
!MESSAGE port: COM11

!ENTRY com.st.stm32cube.ide.mpu.remote.serial 1 1 2026-05-20 19:19:29.885
!MESSAGE port: COM4

!ENTRY com.st.stm32cube.ide.mpu.remote.serial 1 1 2026-05-20 19:19:29.886
!MESSAGE port: COM8

!ENTRY com.st.stm32cube.ide.mpu.remote.serial 1 1 2026-05-20 19:19:29.886
!MESSAGE port: COM13

!ENTRY com.st.stm32cube.ide.mpu.remote.serial 1 1 2026-05-20 19:19:29.888
!MESSAGE port: COM12

!ENTRY com.st.stm32cube.ide.mpu.remote.serial 1 1 2026-05-20 19:20:10.553
!MESSAGE Executed PowerShell command powershell.exe -Command "Get-CimInstance -ClassName Win32_SerialPort | Select-Object -ExpandProperty DeviceID":
COM7
COM6
COM15
COM16
COM14
COM11
COM4
COM8
COM13
COM12


!ENTRY com.st.stm32cube.ide.mpu.remote.serial 1 1 2026-05-20 19:20:10.554
!MESSAGE port: COM7

!ENTRY com.st.stm32cube.ide.mpu.remote.serial 1 1 2026-05-20 19:20:10.554
!MESSAGE port: COM6

!ENTRY com.st.stm32cube.ide.mpu.remote.serial 1 1 2026-05-20 19:20:10.555
!MESSAGE port: COM15

!ENTRY com.st.stm32cube.ide.mpu.remote.serial 1 1 2026-05-20 19:20:10.556
!MESSAGE port: COM16

!ENTRY com.st.stm32cube.ide.mpu.remote.serial 1 1 2026-05-20 19:20:10.557
!MESSAGE port: COM14

!ENTRY com.st.stm32cube.ide.mpu.remote.serial 1 1 2026-05-20 19:20:10.558
!MESSAGE port: COM11

!ENTRY com.st.stm32cube.ide.mpu.remote.serial 1 1 2026-05-20 19:20:10.559
!MESSAGE port: COM4

!ENTRY com.st.stm32cube.ide.mpu.remote.serial 1 1 2026-05-20 19:20:10.560
!MESSAGE port: COM8

!ENTRY com.st.stm32cube.ide.mpu.remote.serial 1 1 2026-05-20 19:20:10.561
!MESSAGE port: COM13

!ENTRY com.st.stm32cube.ide.mpu.remote.serial 1 1 2026-05-20 19:20:10.562
!MESSAGE port: COM12

!ENTRY com.st.stm32cube.ide.mpu.remote.serial 1 1 2026-05-20 19:21:05.914
!MESSAGE Executed PowerShell command powershell.exe -Command "Get-CimInstance -ClassName Win32_SerialPort | Select-Object -ExpandProperty DeviceID":
COM7
COM6
COM15
COM16
COM14
COM11
COM4
COM8
COM13
COM12


!ENTRY com.st.stm32cube.ide.mpu.remote.serial 1 1 2026-05-20 19:21:05.915
!MESSAGE port: COM7

!ENTRY com.st.stm32cube.ide.mpu.remote.serial 1 1 2026-05-20 19:21:05.916
!MESSAGE port: COM6

!ENTRY com.st.stm32cube.ide.mpu.remote.serial 1 1 2026-05-20 19:21:05.916
!MESSAGE port: COM15

!ENTRY com.st.stm32cube.ide.mpu.remote.serial 1 1 2026-05-20 19:21:05.917
!MESSAGE port: COM16

!ENTRY com.st.stm32cube.ide.mpu.remote.serial 1 1 2026-05-20 19:21:05.918
!MESSAGE port: COM14

!ENTRY com.st.stm32cube.ide.mpu.remote.serial 1 1 2026-05-20 19:21:05.919
!MESSAGE port: COM11

!ENTRY com.st.stm32cube.ide.mpu.remote.serial 1 1 2026-05-20 19:21:05.919
!MESSAGE port: COM4

!ENTRY com.st.stm32cube.ide.mpu.remote.serial 1 1 2026-05-20 19:21:05.920
!MESSAGE port: COM8

!ENTRY com.st.stm32cube.ide.mpu.remote.serial 1 1 2026-05-20 19:21:05.921
!MESSAGE port: COM13

!ENTRY com.st.stm32cube.ide.mpu.remote.serial 1 1 2026-05-20 19:21:05.921
!MESSAGE port: COM12

!ENTRY com.st.stm32cube.ide.mpu.remote.serial 1 1 2026-05-20 19:21:34.357
!MESSAGE Executed PowerShell command powershell.exe -Command "Get-CimInstance -ClassName Win32_SerialPort | Select-Object -ExpandProperty DeviceID":
COM7
COM6
COM15
COM16
COM14
COM11
COM4
COM8
COM13
COM12


!ENTRY com.st.stm32cube.ide.mpu.remote.serial 1 1 2026-05-20 19:21:34.358
!MESSAGE port: COM7

!ENTRY com.st.stm32cube.ide.mpu.remote.serial 1 1 2026-05-20 19:21:34.358
!MESSAGE port: COM6

!ENTRY com.st.stm32cube.ide.mpu.remote.serial 1 1 2026-05-20 19:21:34.358
!MESSAGE port: COM15

!ENTRY com.st.stm32cube.ide.mpu.remote.serial 1 1 2026-05-20 19:21:34.358
!MESSAGE port: COM16

!ENTRY com.st.stm32cube.ide.mpu.remote.serial 1 1 2026-05-20 19:21:34.358
!MESSAGE port: COM14

!ENTRY com.st.stm32cube.ide.mpu.remote.serial 1 1 2026-05-20 19:21:34.358
!MESSAGE port: COM11

!ENTRY com.st.stm32cube.ide.mpu.remote.serial 1 1 2026-05-20 19:21:34.358
!MESSAGE port: COM4

!ENTRY com.st.stm32cube.ide.mpu.remote.serial 1 1 2026-05-20 19:21:34.358
!MESSAGE port: COM8

!ENTRY com.st.stm32cube.ide.mpu.remote.serial 1 1 2026-05-20 19:21:34.358
!MESSAGE port: COM13

!ENTRY com.st.stm32cube.ide.mpu.remote.serial 1 1 2026-05-20 19:21:34.358
!MESSAGE port: COM12

!ENTRY com.st.stm32cube.ide.mpu.remote.serial 1 1 2026-05-20 19:22:57.624
!MESSAGE Executed PowerShell command powershell.exe -Command "Get-CimInstance -ClassName Win32_SerialPort | Select-Object -ExpandProperty DeviceID":
COM7
COM6
COM15
COM16
COM14
COM11
COM4
COM8
COM13
COM12


!ENTRY com.st.stm32cube.ide.mpu.remote.serial 1 1 2026-05-20 19:22:57.625
!MESSAGE port: COM7

!ENTRY com.st.stm32cube.ide.mpu.remote.serial 1 1 2026-05-20 19:22:57.625
!MESSAGE port: COM6

!ENTRY com.st.stm32cube.ide.mpu.remote.serial 1 1 2026-05-20 19:22:57.626
!MESSAGE port: COM15

!ENTRY com.st.stm32cube.ide.mpu.remote.serial 1 1 2026-05-20 19:22:57.627
!MESSAGE port: COM16

!ENTRY com.st.stm32cube.ide.mpu.remote.serial 1 1 2026-05-20 19:22:57.627
!MESSAGE port: COM14

!ENTRY com.st.stm32cube.ide.mpu.remote.serial 1 1 2026-05-20 19:22:57.628
!MESSAGE port: COM11

!ENTRY com.st.stm32cube.ide.mpu.remote.serial 1 1 2026-05-20 19:22:57.628
!MESSAGE port: COM4

!ENTRY com.st.stm32cube.ide.mpu.remote.serial 1 1 2026-05-20 19:22:57.629
!MESSAGE port: COM8

!ENTRY com.st.stm32cube.ide.mpu.remote.serial 1 1 2026-05-20 19:22:57.629
!MESSAGE port: COM13

!ENTRY com.st.stm32cube.ide.mpu.remote.serial 1 1 2026-05-20 19:22:57.630
!MESSAGE port: COM12

!ENTRY com.st.stm32cube.ide.mpu.remote.serial 1 1 2026-05-20 19:23:25.936
!MESSAGE Executed PowerShell command powershell.exe -Command "Get-CimInstance -ClassName Win32_SerialPort | Select-Object -ExpandProperty DeviceID":
COM7
COM6
COM15
COM16
COM14
COM11
COM4
COM8
COM13
COM12


!ENTRY com.st.stm32cube.ide.mpu.remote.serial 1 1 2026-05-20 19:23:25.936
!MESSAGE port: COM7

!ENTRY com.st.stm32cube.ide.mpu.remote.serial 1 1 2026-05-20 19:23:25.936
!MESSAGE port: COM6

!ENTRY com.st.stm32cube.ide.mpu.remote.serial 1 1 2026-05-20 19:23:25.936
!MESSAGE port: COM15

!ENTRY com.st.stm32cube.ide.mpu.remote.serial 1 1 2026-05-20 19:23:25.936
!MESSAGE port: COM16

!ENTRY com.st.stm32cube.ide.mpu.remote.serial 1 1 2026-05-20 19:23:25.936
!MESSAGE port: COM14

!ENTRY com.st.stm32cube.ide.mpu.remote.serial 1 1 2026-05-20 19:23:25.936
!MESSAGE port: COM11

!ENTRY com.st.stm32cube.ide.mpu.remote.serial 1 1 2026-05-20 19:23:25.936
!MESSAGE port: COM4

!ENTRY com.st.stm32cube.ide.mpu.remote.serial 1 1 2026-05-20 19:23:25.936
!MESSAGE port: COM8

!ENTRY com.st.stm32cube.ide.mpu.remote.serial 1 1 2026-05-20 19:23:25.936
!MESSAGE port: COM13

!ENTRY com.st.stm32cube.ide.mpu.remote.serial 1 1 2026-05-20 19:23:25.943
!MESSAGE port: COM12

!ENTRY com.st.stm32cube.ide.mpu.remote.serial 1 1 2026-05-20 19:25:15.505
!MESSAGE Executed PowerShell command powershell.exe -Command "Get-CimInstance -ClassName Win32_SerialPort | Select-Object -ExpandProperty DeviceID":
COM7
COM6
COM15
COM16
COM14
COM11
COM4
COM8
COM13
COM12


!ENTRY com.st.stm32cube.ide.mpu.remote.serial 1 1 2026-05-20 19:25:15.506
!MESSAGE port: COM7

!ENTRY com.st.stm32cube.ide.mpu.remote.serial 1 1 2026-05-20 19:25:15.507
!MESSAGE port: COM6

!ENTRY com.st.stm32cube.ide.mpu.remote.serial 1 1 2026-05-20 19:25:15.507
!MESSAGE port: COM15

!ENTRY com.st.stm32cube.ide.mpu.remote.serial 1 1 2026-05-20 19:25:15.508
!MESSAGE port: COM16

!ENTRY com.st.stm32cube.ide.mpu.remote.serial 1 1 2026-05-20 19:25:15.508
!MESSAGE port: COM14

!ENTRY com.st.stm32cube.ide.mpu.remote.serial 1 1 2026-05-20 19:25:15.509
!MESSAGE port: COM11

!ENTRY com.st.stm32cube.ide.mpu.remote.serial 1 1 2026-05-20 19:25:15.510
!MESSAGE port: COM4

!ENTRY com.st.stm32cube.ide.mpu.remote.serial 1 1 2026-05-20 19:25:15.511
!MESSAGE port: COM8

!ENTRY com.st.stm32cube.ide.mpu.remote.serial 1 1 2026-05-20 19:25:15.512
!MESSAGE port: COM13

!ENTRY com.st.stm32cube.ide.mpu.remote.serial 1 1 2026-05-20 19:25:15.512
!MESSAGE port: COM12

!ENTRY com.st.stm32cube.ide.mpu.remote.serial 1 1 2026-05-20 19:25:47.409
!MESSAGE Executed PowerShell command powershell.exe -Command "Get-CimInstance -ClassName Win32_SerialPort | Select-Object -ExpandProperty DeviceID":
COM7
COM6
COM15
COM16
COM14
COM11
COM4
COM8
COM13
COM12


!ENTRY com.st.stm32cube.ide.mpu.remote.serial 1 1 2026-05-20 19:25:47.410
!MESSAGE port: COM7

!ENTRY com.st.stm32cube.ide.mpu.remote.serial 1 1 2026-05-20 19:25:47.410
!MESSAGE port: COM6

!ENTRY com.st.stm32cube.ide.mpu.remote.serial 1 1 2026-05-20 19:25:47.411
!MESSAGE port: COM15

!ENTRY com.st.stm32cube.ide.mpu.remote.serial 1 1 2026-05-20 19:25:47.412
!MESSAGE port: COM16

!ENTRY com.st.stm32cube.ide.mpu.remote.serial 1 1 2026-05-20 19:25:47.413
!MESSAGE port: COM14

!ENTRY com.st.stm32cube.ide.mpu.remote.serial 1 1 2026-05-20 19:25:47.414
!MESSAGE port: COM11

!ENTRY com.st.stm32cube.ide.mpu.remote.serial 1 1 2026-05-20 19:25:47.415
!MESSAGE port: COM4

!ENTRY com.st.stm32cube.ide.mpu.remote.serial 1 1 2026-05-20 19:25:47.416
!MESSAGE port: COM8

!ENTRY com.st.stm32cube.ide.mpu.remote.serial 1 1 2026-05-20 19:25:47.417
!MESSAGE port: COM13

!ENTRY com.st.stm32cube.ide.mpu.remote.serial 1 1 2026-05-20 19:25:47.417
!MESSAGE port: COM12

!ENTRY com.st.stm32cube.ide.mpu.remote.serial 1 1 2026-05-20 19:26:16.406
!MESSAGE Executed PowerShell command powershell.exe -Command "Get-CimInstance -ClassName Win32_SerialPort | Select-Object -ExpandProperty DeviceID":
COM7
COM6
COM15
COM16
COM14
COM11
COM4
COM8
COM13
COM12


!ENTRY com.st.stm32cube.ide.mpu.remote.serial 1 1 2026-05-20 19:26:16.406
!MESSAGE port: COM7

!ENTRY com.st.stm32cube.ide.mpu.remote.serial 1 1 2026-05-20 19:26:16.411
!MESSAGE port: COM6

!ENTRY com.st.stm32cube.ide.mpu.remote.serial 1 1 2026-05-20 19:26:16.411
!MESSAGE port: COM15

!ENTRY com.st.stm32cube.ide.mpu.remote.serial 1 1 2026-05-20 19:26:16.411
!MESSAGE port: COM16

!ENTRY com.st.stm32cube.ide.mpu.remote.serial 1 1 2026-05-20 19:26:16.411
!MESSAGE port: COM14

!ENTRY com.st.stm32cube.ide.mpu.remote.serial 1 1 2026-05-20 19:26:16.411
!MESSAGE port: COM11

!ENTRY com.st.stm32cube.ide.mpu.remote.serial 1 1 2026-05-20 19:26:16.414
!MESSAGE port: COM4

!ENTRY com.st.stm32cube.ide.mpu.remote.serial 1 1 2026-05-20 19:26:16.416
!MESSAGE port: COM8

!ENTRY com.st.stm32cube.ide.mpu.remote.serial 1 1 2026-05-20 19:26:16.416
!MESSAGE port: COM13

!ENTRY com.st.stm32cube.ide.mpu.remote.serial 1 1 2026-05-20 19:26:16.416
!MESSAGE port: COM12

!ENTRY com.st.stm32cube.ide.mpu.remote.serial 1 1 2026-05-20 19:26:44.993
!MESSAGE Executed PowerShell command powershell.exe -Command "Get-CimInstance -ClassName Win32_SerialPort | Select-Object -ExpandProperty DeviceID":
COM7
COM6
COM15
COM16
COM14
COM11
COM4
COM8
COM13
COM12


!ENTRY com.st.stm32cube.ide.mpu.remote.serial 1 1 2026-05-20 19:26:44.994
!MESSAGE port: COM7

!ENTRY com.st.stm32cube.ide.mpu.remote.serial 1 1 2026-05-20 19:26:44.994
!MESSAGE port: COM6

!ENTRY com.st.stm32cube.ide.mpu.remote.serial 1 1 2026-05-20 19:26:44.995
!MESSAGE port: COM15

!ENTRY com.st.stm32cube.ide.mpu.remote.serial 1 1 2026-05-20 19:26:44.996
!MESSAGE port: COM16

!ENTRY com.st.stm32cube.ide.mpu.remote.serial 1 1 2026-05-20 19:26:44.996
!MESSAGE port: COM14

!ENTRY com.st.stm32cube.ide.mpu.remote.serial 1 1 2026-05-20 19:26:44.997
!MESSAGE port: COM11

!ENTRY com.st.stm32cube.ide.mpu.remote.serial 1 1 2026-05-20 19:26:44.997
!MESSAGE port: COM4

!ENTRY com.st.stm32cube.ide.mpu.remote.serial 1 1 2026-05-20 19:26:44.998
!MESSAGE port: COM8

!ENTRY com.st.stm32cube.ide.mpu.remote.serial 1 1 2026-05-20 19:26:44.999
!MESSAGE port: COM13

!ENTRY com.st.stm32cube.ide.mpu.remote.serial 1 1 2026-05-20 19:26:44.999
!MESSAGE port: COM12

!ENTRY com.st.stm32cube.ide.mpu.remote.serial 1 1 2026-05-20 19:29:27.505
!MESSAGE Executed PowerShell command powershell.exe -Command "Get-CimInstance -ClassName Win32_SerialPort | Select-Object -ExpandProperty DeviceID":
COM7
COM6
COM15
COM16
COM14
COM11
COM4
COM8
COM13
COM12


!ENTRY com.st.stm32cube.ide.mpu.remote.serial 1 1 2026-05-20 19:29:27.506
!MESSAGE port: COM7

!ENTRY com.st.stm32cube.ide.mpu.remote.serial 1 1 2026-05-20 19:29:27.507
!MESSAGE port: COM6

!ENTRY com.st.stm32cube.ide.mpu.remote.serial 1 1 2026-05-20 19:29:27.507
!MESSAGE port: COM15

!ENTRY com.st.stm32cube.ide.mpu.remote.serial 1 1 2026-05-20 19:29:27.508
!MESSAGE port: COM16

!ENTRY com.st.stm32cube.ide.mpu.remote.serial 1 1 2026-05-20 19:29:27.509
!MESSAGE port: COM14

!ENTRY com.st.stm32cube.ide.mpu.remote.serial 1 1 2026-05-20 19:29:27.510
!MESSAGE port: COM11

!ENTRY com.st.stm32cube.ide.mpu.remote.serial 1 1 2026-05-20 19:29:27.510
!MESSAGE port: COM4

!ENTRY com.st.stm32cube.ide.mpu.remote.serial 1 1 2026-05-20 19:29:27.511
!MESSAGE port: COM8

!ENTRY com.st.stm32cube.ide.mpu.remote.serial 1 1 2026-05-20 19:29:27.512
!MESSAGE port: COM13

!ENTRY com.st.stm32cube.ide.mpu.remote.serial 1 1 2026-05-20 19:29:27.512
!MESSAGE port: COM12

!ENTRY com.st.stm32cube.ide.mpu.remote.serial 1 1 2026-05-20 19:29:55.988
!MESSAGE Executed PowerShell command powershell.exe -Command "Get-CimInstance -ClassName Win32_SerialPort | Select-Object -ExpandProperty DeviceID":
COM7
COM6
COM15
COM16
COM14
COM11
COM4
COM8
COM13
COM12


!ENTRY com.st.stm32cube.ide.mpu.remote.serial 1 1 2026-05-20 19:29:55.989
!MESSAGE port: COM7

!ENTRY com.st.stm32cube.ide.mpu.remote.serial 1 1 2026-05-20 19:29:55.990
!MESSAGE port: COM6

!ENTRY com.st.stm32cube.ide.mpu.remote.serial 1 1 2026-05-20 19:29:55.991
!MESSAGE port: COM15

!ENTRY com.st.stm32cube.ide.mpu.remote.serial 1 1 2026-05-20 19:29:55.992
!MESSAGE port: COM16

!ENTRY com.st.stm32cube.ide.mpu.remote.serial 1 1 2026-05-20 19:29:55.993
!MESSAGE port: COM14

!ENTRY com.st.stm32cube.ide.mpu.remote.serial 1 1 2026-05-20 19:29:55.993
!MESSAGE port: COM11

!ENTRY com.st.stm32cube.ide.mpu.remote.serial 1 1 2026-05-20 19:29:55.994
!MESSAGE port: COM4

!ENTRY com.st.stm32cube.ide.mpu.remote.serial 1 1 2026-05-20 19:29:55.995
!MESSAGE port: COM8

!ENTRY com.st.stm32cube.ide.mpu.remote.serial 1 1 2026-05-20 19:29:55.996
!MESSAGE port: COM13

!ENTRY com.st.stm32cube.ide.mpu.remote.serial 1 1 2026-05-20 19:29:55.997
!MESSAGE port: COM12

!ENTRY com.st.stm32cube.ide.mpu.remote.serial 1 1 2026-05-20 19:30:48.450
!MESSAGE Executed PowerShell command powershell.exe -Command "Get-CimInstance -ClassName Win32_SerialPort | Select-Object -ExpandProperty DeviceID":
COM7
COM6
COM15
COM16
COM14
COM11
COM4
COM8
COM13
COM12


!ENTRY com.st.stm32cube.ide.mpu.remote.serial 1 1 2026-05-20 19:30:48.450
!MESSAGE port: COM7

!ENTRY com.st.stm32cube.ide.mpu.remote.serial 1 1 2026-05-20 19:30:48.451
!MESSAGE port: COM6

!ENTRY com.st.stm32cube.ide.mpu.remote.serial 1 1 2026-05-20 19:30:48.452
!MESSAGE port: COM15

!ENTRY com.st.stm32cube.ide.mpu.remote.serial 1 1 2026-05-20 19:30:48.453
!MESSAGE port: COM16

!ENTRY com.st.stm32cube.ide.mpu.remote.serial 1 1 2026-05-20 19:30:48.453
!MESSAGE port: COM14

!ENTRY com.st.stm32cube.ide.mpu.remote.serial 1 1 2026-05-20 19:30:48.454
!MESSAGE port: COM11

!ENTRY com.st.stm32cube.ide.mpu.remote.serial 1 1 2026-05-20 19:30:48.455
!MESSAGE port: COM4

!ENTRY com.st.stm32cube.ide.mpu.remote.serial 1 1 2026-05-20 19:30:48.456
!MESSAGE port: COM8

!ENTRY com.st.stm32cube.ide.mpu.remote.serial 1 1 2026-05-20 19:30:48.456
!MESSAGE port: COM13

!ENTRY com.st.stm32cube.ide.mpu.remote.serial 1 1 2026-05-20 19:30:48.457
!MESSAGE port: COM12

!ENTRY com.st.stm32cube.ide.mpu.remote.serial 1 1 2026-05-20 19:31:17.007
!MESSAGE Executed PowerShell command powershell.exe -Command "Get-CimInstance -ClassName Win32_SerialPort | Select-Object -ExpandProperty DeviceID":
COM7
COM6
COM15
COM16
COM14
COM11
COM4
COM8
COM13
COM12


!ENTRY com.st.stm32cube.ide.mpu.remote.serial 1 1 2026-05-20 19:31:17.008
!MESSAGE port: COM7

!ENTRY com.st.stm32cube.ide.mpu.remote.serial 1 1 2026-05-20 19:31:17.009
!MESSAGE port: COM6

!ENTRY com.st.stm32cube.ide.mpu.remote.serial 1 1 2026-05-20 19:31:17.009
!MESSAGE port: COM15

!ENTRY com.st.stm32cube.ide.mpu.remote.serial 1 1 2026-05-20 19:31:17.010
!MESSAGE port: COM16

!ENTRY com.st.stm32cube.ide.mpu.remote.serial 1 1 2026-05-20 19:31:17.011
!MESSAGE port: COM14

!ENTRY com.st.stm32cube.ide.mpu.remote.serial 1 1 2026-05-20 19:31:17.012
!MESSAGE port: COM11

!ENTRY com.st.stm32cube.ide.mpu.remote.serial 1 1 2026-05-20 19:31:17.012
!MESSAGE port: COM4

!ENTRY com.st.stm32cube.ide.mpu.remote.serial 1 1 2026-05-20 19:31:17.013
!MESSAGE port: COM8

!ENTRY com.st.stm32cube.ide.mpu.remote.serial 1 1 2026-05-20 19:31:17.014
!MESSAGE port: COM13

!ENTRY com.st.stm32cube.ide.mpu.remote.serial 1 1 2026-05-20 19:31:17.015
!MESSAGE port: COM12

!ENTRY org.eclipse.cdt.core 1 0 2026-05-20 19:31:57.431
!MESSAGE Indexed 'gps' (46 sources, 170 headers) in 4,8 sec: 20.069 declarations; 85.894 references; 1 unresolved inclusions; 84 syntax errors; 240 unresolved names (0,23 %)

!ENTRY com.st.stm32cube.ide.mpu.remote.serial 1 1 2026-05-20 19:37:56.441
!MESSAGE Executed PowerShell command powershell.exe -Command "Get-CimInstance -ClassName Win32_SerialPort | Select-Object -ExpandProperty DeviceID":
COM7
COM6
COM15
COM16
COM14
COM11
COM4
COM8
COM13
COM12


!ENTRY com.st.stm32cube.ide.mpu.remote.serial 1 1 2026-05-20 19:37:56.441
!MESSAGE port: COM7

!ENTRY com.st.stm32cube.ide.mpu.remote.serial 1 1 2026-05-20 19:37:56.443
!MESSAGE port: COM6

!ENTRY com.st.stm32cube.ide.mpu.remote.serial 1 1 2026-05-20 19:37:56.443
!MESSAGE port: COM15

!ENTRY com.st.stm32cube.ide.mpu.remote.serial 1 1 2026-05-20 19:37:56.445
!MESSAGE port: COM16

!ENTRY com.st.stm32cube.ide.mpu.remote.serial 1 1 2026-05-20 19:37:56.446
!MESSAGE port: COM14

!ENTRY com.st.stm32cube.ide.mpu.remote.serial 1 1 2026-05-20 19:37:56.446
!MESSAGE port: COM11

!ENTRY com.st.stm32cube.ide.mpu.remote.serial 1 1 2026-05-20 19:37:56.448
!MESSAGE port: COM4

!ENTRY com.st.stm32cube.ide.mpu.remote.serial 1 1 2026-05-20 19:37:56.448
!MESSAGE port: COM8

!ENTRY com.st.stm32cube.ide.mpu.remote.serial 1 1 2026-05-20 19:37:56.450
!MESSAGE port: COM13

!ENTRY com.st.stm32cube.ide.mpu.remote.serial 1 1 2026-05-20 19:37:56.451
!MESSAGE port: COM12

!ENTRY com.st.stm32cube.ide.mpu.remote.serial 1 1 2026-05-20 19:38:24.812
!MESSAGE Executed PowerShell command powershell.exe -Command "Get-CimInstance -ClassName Win32_SerialPort | Select-Object -ExpandProperty DeviceID":
COM7
COM6
COM15
COM16
COM14
COM11
COM4
COM8
COM13
COM12


!ENTRY com.st.stm32cube.ide.mpu.remote.serial 1 1 2026-05-20 19:38:24.813
!MESSAGE port: COM7

!ENTRY com.st.stm32cube.ide.mpu.remote.serial 1 1 2026-05-20 19:38:24.814
!MESSAGE port: COM6

!ENTRY com.st.stm32cube.ide.mpu.remote.serial 1 1 2026-05-20 19:38:24.814
!MESSAGE port: COM15

!ENTRY com.st.stm32cube.ide.mpu.remote.serial 1 1 2026-05-20 19:38:24.815
!MESSAGE port: COM16

!ENTRY com.st.stm32cube.ide.mpu.remote.serial 1 1 2026-05-20 19:38:24.815
!MESSAGE port: COM14

!ENTRY com.st.stm32cube.ide.mpu.remote.serial 1 1 2026-05-20 19:38:24.816
!MESSAGE port: COM11

!ENTRY com.st.stm32cube.ide.mpu.remote.serial 1 1 2026-05-20 19:38:24.817
!MESSAGE port: COM4

!ENTRY com.st.stm32cube.ide.mpu.remote.serial 1 1 2026-05-20 19:38:24.817
!MESSAGE port: COM8

!ENTRY com.st.stm32cube.ide.mpu.remote.serial 1 1 2026-05-20 19:38:24.818
!MESSAGE port: COM13

!ENTRY com.st.stm32cube.ide.mpu.remote.serial 1 1 2026-05-20 19:38:24.819
!MESSAGE port: COM12

!ENTRY com.st.stm32cube.ide.mpu.remote.serial 1 1 2026-05-20 19:44:00.359
!MESSAGE Executed PowerShell command powershell.exe -Command "Get-CimInstance -ClassName Win32_SerialPort | Select-Object -ExpandProperty DeviceID":
COM7
COM6
COM15
COM16
COM14
COM11
COM4
COM8
COM13
COM12


!ENTRY com.st.stm32cube.ide.mpu.remote.serial 1 1 2026-05-20 19:44:00.363
!MESSAGE port: COM7

!ENTRY com.st.stm32cube.ide.mpu.remote.serial 1 1 2026-05-20 19:44:00.364
!MESSAGE port: COM6

!ENTRY com.st.stm32cube.ide.mpu.remote.serial 1 1 2026-05-20 19:44:00.365
!MESSAGE port: COM15

!ENTRY com.st.stm32cube.ide.mpu.remote.serial 1 1 2026-05-20 19:44:00.365
!MESSAGE port: COM16

!ENTRY com.st.stm32cube.ide.mpu.remote.serial 1 1 2026-05-20 19:44:00.366
!MESSAGE port: COM14

!ENTRY com.st.stm32cube.ide.mpu.remote.serial 1 1 2026-05-20 19:44:00.367
!MESSAGE port: COM11

!ENTRY com.st.stm32cube.ide.mpu.remote.serial 1 1 2026-05-20 19:44:00.367
!MESSAGE port: COM4

!ENTRY com.st.stm32cube.ide.mpu.remote.serial 1 1 2026-05-20 19:44:00.368
!MESSAGE port: COM8

!ENTRY com.st.stm32cube.ide.mpu.remote.serial 1 1 2026-05-20 19:44:00.369
!MESSAGE port: COM13

!ENTRY com.st.stm32cube.ide.mpu.remote.serial 1 1 2026-05-20 19:44:00.369
!MESSAGE port: COM12

!ENTRY com.st.stm32cube.ide.mpu.remote.serial 1 1 2026-05-20 19:48:17.793
!MESSAGE Executed PowerShell command powershell.exe -Command "Get-CimInstance -ClassName Win32_SerialPort | Select-Object -ExpandProperty DeviceID":
COM7
COM6
COM15
COM16
COM14
COM11
COM4
COM8
COM13
COM12


!ENTRY com.st.stm32cube.ide.mpu.remote.serial 1 1 2026-05-20 19:48:17.794
!MESSAGE port: COM7

!ENTRY com.st.stm32cube.ide.mpu.remote.serial 1 1 2026-05-20 19:48:17.795
!MESSAGE port: COM6

!ENTRY com.st.stm32cube.ide.mpu.remote.serial 1 1 2026-05-20 19:48:17.795
!MESSAGE port: COM15

!ENTRY com.st.stm32cube.ide.mpu.remote.serial 1 1 2026-05-20 19:48:17.796
!MESSAGE port: COM16

!ENTRY com.st.stm32cube.ide.mpu.remote.serial 1 1 2026-05-20 19:48:17.797
!MESSAGE port: COM14

!ENTRY com.st.stm32cube.ide.mpu.remote.serial 1 1 2026-05-20 19:48:17.798
!MESSAGE port: COM11

!ENTRY com.st.stm32cube.ide.mpu.remote.serial 1 1 2026-05-20 19:48:17.799
!MESSAGE port: COM4

!ENTRY com.st.stm32cube.ide.mpu.remote.serial 1 1 2026-05-20 19:48:17.800
!MESSAGE port: COM8

!ENTRY com.st.stm32cube.ide.mpu.remote.serial 1 1 2026-05-20 19:48:17.801
!MESSAGE port: COM13

!ENTRY com.st.stm32cube.ide.mpu.remote.serial 1 1 2026-05-20 19:48:17.802
!MESSAGE port: COM12

!ENTRY com.st.stm32cube.ide.mpu.remote.serial 1 1 2026-05-20 19:48:54.536
!MESSAGE Executed PowerShell command powershell.exe -Command "Get-CimInstance -ClassName Win32_SerialPort | Select-Object -ExpandProperty DeviceID":
COM7
COM6
COM15
COM16
COM14
COM11
COM4
COM8
COM13
COM12


!ENTRY com.st.stm32cube.ide.mpu.remote.serial 1 1 2026-05-20 19:48:54.537
!MESSAGE port: COM7

!ENTRY com.st.stm32cube.ide.mpu.remote.serial 1 1 2026-05-20 19:48:54.537
!MESSAGE port: COM6

!ENTRY com.st.stm32cube.ide.mpu.remote.serial 1 1 2026-05-20 19:48:54.538
!MESSAGE port: COM15

!ENTRY com.st.stm32cube.ide.mpu.remote.serial 1 1 2026-05-20 19:48:54.539
!MESSAGE port: COM16

!ENTRY com.st.stm32cube.ide.mpu.remote.serial 1 1 2026-05-20 19:48:54.539
!MESSAGE port: COM14

!ENTRY com.st.stm32cube.ide.mpu.remote.serial 1 1 2026-05-20 19:48:54.540
!MESSAGE port: COM11

!ENTRY com.st.stm32cube.ide.mpu.remote.serial 1 1 2026-05-20 19:48:54.541
!MESSAGE port: COM4

!ENTRY com.st.stm32cube.ide.mpu.remote.serial 1 1 2026-05-20 19:48:54.542
!MESSAGE port: COM8

!ENTRY com.st.stm32cube.ide.mpu.remote.serial 1 1 2026-05-20 19:48:54.542
!MESSAGE port: COM13

!ENTRY com.st.stm32cube.ide.mpu.remote.serial 1 1 2026-05-20 19:48:54.543
!MESSAGE port: COM12

!ENTRY com.st.stm32cube.ide.mpu.remote.serial 1 1 2026-05-20 19:49:26.993
!MESSAGE Executed PowerShell command powershell.exe -Command "Get-CimInstance -ClassName Win32_SerialPort | Select-Object -ExpandProperty DeviceID":
COM7
COM6
COM15
COM16
COM14
COM11
COM4
COM8
COM13
COM12


!ENTRY com.st.stm32cube.ide.mpu.remote.serial 1 1 2026-05-20 19:49:26.994
!MESSAGE port: COM7

!ENTRY com.st.stm32cube.ide.mpu.remote.serial 1 1 2026-05-20 19:49:26.995
!MESSAGE port: COM6

!ENTRY com.st.stm32cube.ide.mpu.remote.serial 1 1 2026-05-20 19:49:26.996
!MESSAGE port: COM15

!ENTRY com.st.stm32cube.ide.mpu.remote.serial 1 1 2026-05-20 19:49:26.997
!MESSAGE port: COM16

!ENTRY com.st.stm32cube.ide.mpu.remote.serial 1 1 2026-05-20 19:49:26.997
!MESSAGE port: COM14

!ENTRY com.st.stm32cube.ide.mpu.remote.serial 1 1 2026-05-20 19:49:26.998
!MESSAGE port: COM11

!ENTRY com.st.stm32cube.ide.mpu.remote.serial 1 1 2026-05-20 19:49:26.999
!MESSAGE port: COM4

!ENTRY com.st.stm32cube.ide.mpu.remote.serial 1 1 2026-05-20 19:49:27.000
!MESSAGE port: COM8

!ENTRY com.st.stm32cube.ide.mpu.remote.serial 1 1 2026-05-20 19:49:27.000
!MESSAGE port: COM13

!ENTRY com.st.stm32cube.ide.mpu.remote.serial 1 1 2026-05-20 19:49:27.001
!MESSAGE port: COM12
!SESSION 2026-05-20 19:53:58.727 -----------------------------------------------
eclipse.buildId=Version 2.1.1
java.version=21.0.9
java.vendor=Eclipse Adoptium
BootLoader constants: OS=win32, ARCH=x86_64, WS=win32, NL=es_AR
Framework arguments:  C:\Users\franc\STM32CubeIDE\workspace_2.1.2\gps\.project
Command-line arguments:  -os win32 -ws win32 -arch x86_64 C:\Users\franc\STM32CubeIDE\workspace_2.1.2\gps\.project

!ENTRY com.st.stm32cube.ide.mcu.informationcenter 1 1 2026-05-20 19:54:19.335
!MESSAGE Log4j2 initialized with config file C:\Users\franc\STM32CubeIDE\workspace_2.1.2\.metadata\.log4j2.xml

!ENTRY com.st.stm32cube.ide.mcu.ide 1 1 2026-05-20 19:54:48.846
!MESSAGE Started RMI Server, listening on port 41337

!ENTRY org.eclipse.cdt.core 1 0 2026-05-20 19:55:05.207
!MESSAGE Indexed 'gps' (46 sources, 170 headers) in 7,61 sec: 20.068 declarations; 85.880 references; 1 unresolved inclusions; 85 syntax errors; 240 unresolved names (0,23 %)

!ENTRY com.st.stm32cube.ide.mpu.remote.serial 1 1 2026-05-20 19:55:21.207
!MESSAGE Executed PowerShell command powershell.exe -Command "Get-CimInstance -ClassName Win32_SerialPort | Select-Object -ExpandProperty DeviceID":
COM7
COM6
COM15
COM16
COM14
COM11
COM4
COM8
COM13
COM12


!ENTRY com.st.stm32cube.ide.mpu.remote.serial 1 1 2026-05-20 19:55:21.208
!MESSAGE port: COM7

!ENTRY com.st.stm32cube.ide.mpu.remote.serial 1 1 2026-05-20 19:55:21.209
!MESSAGE port: COM6

!ENTRY com.st.stm32cube.ide.mpu.remote.serial 1 1 2026-05-20 19:55:21.210
!MESSAGE port: COM15

!ENTRY com.st.stm32cube.ide.mpu.remote.serial 1 1 2026-05-20 19:55:21.211
!MESSAGE port: COM16

!ENTRY com.st.stm32cube.ide.mpu.remote.serial 1 1 2026-05-20 19:55:21.212
!MESSAGE port: COM14

!ENTRY com.st.stm32cube.ide.mpu.remote.serial 1 1 2026-05-20 19:55:21.213
!MESSAGE port: COM11

!ENTRY com.st.stm32cube.ide.mpu.remote.serial 1 1 2026-05-20 19:55:21.214
!MESSAGE port: COM4

!ENTRY com.st.stm32cube.ide.mpu.remote.serial 1 1 2026-05-20 19:55:21.215
!MESSAGE port: COM8

!ENTRY com.st.stm32cube.ide.mpu.remote.serial 1 1 2026-05-20 19:55:21.216
!MESSAGE port: COM13

!ENTRY com.st.stm32cube.ide.mpu.remote.serial 1 1 2026-05-20 19:55:21.217
!MESSAGE port: COM12

!ENTRY com.st.stm32cube.ide.mpu.remote.serial 1 1 2026-05-20 20:00:33.704
!MESSAGE Executed PowerShell command powershell.exe -Command "Get-CimInstance -ClassName Win32_SerialPort | Select-Object -ExpandProperty DeviceID":
COM7
COM6
COM15
COM16
COM14
COM11
COM4
COM8
COM13
COM12


!ENTRY com.st.stm32cube.ide.mpu.remote.serial 1 1 2026-05-20 20:00:33.704
!MESSAGE port: COM7

!ENTRY com.st.stm32cube.ide.mpu.remote.serial 1 1 2026-05-20 20:00:33.712
!MESSAGE port: COM6

!ENTRY com.st.stm32cube.ide.mpu.remote.serial 1 1 2026-05-20 20:00:33.712
!MESSAGE port: COM15

!ENTRY com.st.stm32cube.ide.mpu.remote.serial 1 1 2026-05-20 20:00:33.714
!MESSAGE port: COM16

!ENTRY com.st.stm32cube.ide.mpu.remote.serial 1 1 2026-05-20 20:00:33.714
!MESSAGE port: COM14

!ENTRY com.st.stm32cube.ide.mpu.remote.serial 1 1 2026-05-20 20:00:33.716
!MESSAGE port: COM11

!ENTRY com.st.stm32cube.ide.mpu.remote.serial 1 1 2026-05-20 20:00:33.716
!MESSAGE port: COM4

!ENTRY com.st.stm32cube.ide.mpu.remote.serial 1 1 2026-05-20 20:00:33.718
!MESSAGE port: COM8

!ENTRY com.st.stm32cube.ide.mpu.remote.serial 1 1 2026-05-20 20:00:33.718
!MESSAGE port: COM13

!ENTRY com.st.stm32cube.ide.mpu.remote.serial 1 1 2026-05-20 20:00:33.718
!MESSAGE port: COM12

!ENTRY com.st.stm32cube.ide.mpu.remote.serial 1 1 2026-05-20 20:01:02.827
!MESSAGE Executed PowerShell command powershell.exe -Command "Get-CimInstance -ClassName Win32_SerialPort | Select-Object -ExpandProperty DeviceID":
COM7
COM6
COM15
COM16
COM14
COM11
COM4
COM8
COM13
COM12


!ENTRY com.st.stm32cube.ide.mpu.remote.serial 1 1 2026-05-20 20:01:02.828
!MESSAGE port: COM7

!ENTRY com.st.stm32cube.ide.mpu.remote.serial 1 1 2026-05-20 20:01:02.829
!MESSAGE port: COM6

!ENTRY com.st.stm32cube.ide.mpu.remote.serial 1 1 2026-05-20 20:01:02.830
!MESSAGE port: COM15

!ENTRY com.st.stm32cube.ide.mpu.remote.serial 1 1 2026-05-20 20:01:02.831
!MESSAGE port: COM16

!ENTRY com.st.stm32cube.ide.mpu.remote.serial 1 1 2026-05-20 20:01:02.832
!MESSAGE port: COM14

!ENTRY com.st.stm32cube.ide.mpu.remote.serial 1 1 2026-05-20 20:01:02.833
!MESSAGE port: COM11

!ENTRY com.st.stm32cube.ide.mpu.remote.serial 1 1 2026-05-20 20:01:02.834
!MESSAGE port: COM4

!ENTRY com.st.stm32cube.ide.mpu.remote.serial 1 1 2026-05-20 20:01:02.835
!MESSAGE port: COM8

!ENTRY com.st.stm32cube.ide.mpu.remote.serial 1 1 2026-05-20 20:01:02.836
!MESSAGE port: COM13

!ENTRY com.st.stm32cube.ide.mpu.remote.serial 1 1 2026-05-20 20:01:02.837
!MESSAGE port: COM12

!ENTRY com.st.stm32cube.ide.mpu.remote.serial 1 1 2026-05-20 20:02:03.442
!MESSAGE Executed PowerShell command powershell.exe -Command "Get-CimInstance -ClassName Win32_SerialPort | Select-Object -ExpandProperty DeviceID":
COM7
COM6
COM15
COM16
COM14
COM11
COM4
COM8
COM13
COM12


!ENTRY com.st.stm32cube.ide.mpu.remote.serial 1 1 2026-05-20 20:02:03.444
!MESSAGE port: COM7

!ENTRY com.st.stm32cube.ide.mpu.remote.serial 1 1 2026-05-20 20:02:03.444
!MESSAGE port: COM6

!ENTRY com.st.stm32cube.ide.mpu.remote.serial 1 1 2026-05-20 20:02:03.447
!MESSAGE port: COM15

!ENTRY com.st.stm32cube.ide.mpu.remote.serial 1 1 2026-05-20 20:02:03.448
!MESSAGE port: COM16

!ENTRY com.st.stm32cube.ide.mpu.remote.serial 1 1 2026-05-20 20:02:03.449
!MESSAGE port: COM14

!ENTRY com.st.stm32cube.ide.mpu.remote.serial 1 1 2026-05-20 20:02:03.450
!MESSAGE port: COM11

!ENTRY com.st.stm32cube.ide.mpu.remote.serial 1 1 2026-05-20 20:02:03.451
!MESSAGE port: COM4

!ENTRY com.st.stm32cube.ide.mpu.remote.serial 1 1 2026-05-20 20:02:03.452
!MESSAGE port: COM8

!ENTRY com.st.stm32cube.ide.mpu.remote.serial 1 1 2026-05-20 20:02:03.453
!MESSAGE port: COM13

!ENTRY com.st.stm32cube.ide.mpu.remote.serial 1 1 2026-05-20 20:02:03.456
!MESSAGE port: COM12

!ENTRY com.st.stm32cube.ide.mpu.remote.serial 1 1 2026-05-20 20:02:32.845
!MESSAGE Executed PowerShell command powershell.exe -Command "Get-CimInstance -ClassName Win32_SerialPort | Select-Object -ExpandProperty DeviceID":
COM7
COM6
COM15
COM16
COM14
COM11
COM4
COM8
COM13
COM12


!ENTRY com.st.stm32cube.ide.mpu.remote.serial 1 1 2026-05-20 20:02:32.845
!MESSAGE port: COM7

!ENTRY com.st.stm32cube.ide.mpu.remote.serial 1 1 2026-05-20 20:02:32.845
!MESSAGE port: COM6

!ENTRY com.st.stm32cube.ide.mpu.remote.serial 1 1 2026-05-20 20:02:32.845
!MESSAGE port: COM15

!ENTRY com.st.stm32cube.ide.mpu.remote.serial 1 1 2026-05-20 20:02:32.848
!MESSAGE port: COM16

!ENTRY com.st.stm32cube.ide.mpu.remote.serial 1 1 2026-05-20 20:02:32.849
!MESSAGE port: COM14

!ENTRY com.st.stm32cube.ide.mpu.remote.serial 1 1 2026-05-20 20:02:32.850
!MESSAGE port: COM11

!ENTRY com.st.stm32cube.ide.mpu.remote.serial 1 1 2026-05-20 20:02:32.851
!MESSAGE port: COM4

!ENTRY com.st.stm32cube.ide.mpu.remote.serial 1 1 2026-05-20 20:02:32.852
!MESSAGE port: COM8

!ENTRY com.st.stm32cube.ide.mpu.remote.serial 1 1 2026-05-20 20:02:32.853
!MESSAGE port: COM13

!ENTRY com.st.stm32cube.ide.mpu.remote.serial 1 1 2026-05-20 20:02:32.854
!MESSAGE port: COM12

!ENTRY com.st.stm32cube.ide.mpu.remote.serial 1 1 2026-05-20 20:03:01.354
!MESSAGE Executed PowerShell command powershell.exe -Command "Get-CimInstance -ClassName Win32_SerialPort | Select-Object -ExpandProperty DeviceID":
COM7
COM6
COM15
COM16
COM14
COM11
COM4
COM8
COM13
COM12


!ENTRY com.st.stm32cube.ide.mpu.remote.serial 1 1 2026-05-20 20:03:01.355
!MESSAGE port: COM7

!ENTRY com.st.stm32cube.ide.mpu.remote.serial 1 1 2026-05-20 20:03:01.356
!MESSAGE port: COM6

!ENTRY com.st.stm32cube.ide.mpu.remote.serial 1 1 2026-05-20 20:03:01.357
!MESSAGE port: COM15

!ENTRY com.st.stm32cube.ide.mpu.remote.serial 1 1 2026-05-20 20:03:01.358
!MESSAGE port: COM16

!ENTRY com.st.stm32cube.ide.mpu.remote.serial 1 1 2026-05-20 20:03:01.359
!MESSAGE port: COM14

!ENTRY com.st.stm32cube.ide.mpu.remote.serial 1 1 2026-05-20 20:03:01.360
!MESSAGE port: COM11

!ENTRY com.st.stm32cube.ide.mpu.remote.serial 1 1 2026-05-20 20:03:01.361
!MESSAGE port: COM4

!ENTRY com.st.stm32cube.ide.mpu.remote.serial 1 1 2026-05-20 20:03:01.362
!MESSAGE port: COM8

!ENTRY com.st.stm32cube.ide.mpu.remote.serial 1 1 2026-05-20 20:03:01.363
!MESSAGE port: COM13

!ENTRY com.st.stm32cube.ide.mpu.remote.serial 1 1 2026-05-20 20:03:01.364
!MESSAGE port: COM12

!ENTRY com.st.stm32cube.ide.mpu.remote.serial 1 1 2026-05-20 20:05:14.545
!MESSAGE Executed PowerShell command powershell.exe -Command "Get-CimInstance -ClassName Win32_SerialPort | Select-Object -ExpandProperty DeviceID":
COM7
COM6
COM15
COM16
COM14
COM11
COM4
COM8
COM13
COM12


!ENTRY com.st.stm32cube.ide.mpu.remote.serial 1 1 2026-05-20 20:05:14.547
!MESSAGE port: COM7

!ENTRY com.st.stm32cube.ide.mpu.remote.serial 1 1 2026-05-20 20:05:14.549
!MESSAGE port: COM6

!ENTRY com.st.stm32cube.ide.mpu.remote.serial 1 1 2026-05-20 20:05:14.551
!MESSAGE port: COM15

!ENTRY com.st.stm32cube.ide.mpu.remote.serial 1 1 2026-05-20 20:05:14.552
!MESSAGE port: COM16

!ENTRY com.st.stm32cube.ide.mpu.remote.serial 1 1 2026-05-20 20:05:14.553
!MESSAGE port: COM14

!ENTRY com.st.stm32cube.ide.mpu.remote.serial 1 1 2026-05-20 20:05:14.554
!MESSAGE port: COM11

!ENTRY com.st.stm32cube.ide.mpu.remote.serial 1 1 2026-05-20 20:05:14.554
!MESSAGE port: COM4

!ENTRY com.st.stm32cube.ide.mpu.remote.serial 1 1 2026-05-20 20:05:14.556
!MESSAGE port: COM8

!ENTRY com.st.stm32cube.ide.mpu.remote.serial 1 1 2026-05-20 20:05:14.557
!MESSAGE port: COM13

!ENTRY com.st.stm32cube.ide.mpu.remote.serial 1 1 2026-05-20 20:05:14.557
!MESSAGE port: COM12

!ENTRY com.st.stm32cube.ide.mpu.remote.serial 1 1 2026-05-20 20:06:07.535
!MESSAGE Executed PowerShell command powershell.exe -Command "Get-CimInstance -ClassName Win32_SerialPort | Select-Object -ExpandProperty DeviceID":
COM7
COM6
COM15
COM16
COM14
COM11
COM4
COM8
COM13
COM12


!ENTRY com.st.stm32cube.ide.mpu.remote.serial 1 1 2026-05-20 20:06:07.535
!MESSAGE port: COM7

!ENTRY com.st.stm32cube.ide.mpu.remote.serial 1 1 2026-05-20 20:06:07.537
!MESSAGE port: COM6

!ENTRY com.st.stm32cube.ide.mpu.remote.serial 1 1 2026-05-20 20:06:07.538
!MESSAGE port: COM15

!ENTRY com.st.stm32cube.ide.mpu.remote.serial 1 1 2026-05-20 20:06:07.539
!MESSAGE port: COM16

!ENTRY com.st.stm32cube.ide.mpu.remote.serial 1 1 2026-05-20 20:06:07.540
!MESSAGE port: COM14

!ENTRY com.st.stm32cube.ide.mpu.remote.serial 1 1 2026-05-20 20:06:07.541
!MESSAGE port: COM11

!ENTRY com.st.stm32cube.ide.mpu.remote.serial 1 1 2026-05-20 20:06:07.541
!MESSAGE port: COM4

!ENTRY com.st.stm32cube.ide.mpu.remote.serial 1 1 2026-05-20 20:06:07.542
!MESSAGE port: COM8

!ENTRY com.st.stm32cube.ide.mpu.remote.serial 1 1 2026-05-20 20:06:07.543
!MESSAGE port: COM13

!ENTRY com.st.stm32cube.ide.mpu.remote.serial 1 1 2026-05-20 20:06:07.544
!MESSAGE port: COM12

!ENTRY com.st.stm32cube.ide.mpu.remote.serial 1 1 2026-05-20 20:06:36.706
!MESSAGE Executed PowerShell command powershell.exe -Command "Get-CimInstance -ClassName Win32_SerialPort | Select-Object -ExpandProperty DeviceID":
COM7
COM6
COM15
COM16
COM14
COM11
COM4
COM8
COM13
COM12


!ENTRY com.st.stm32cube.ide.mpu.remote.serial 1 1 2026-05-20 20:06:36.706
!MESSAGE port: COM7

!ENTRY com.st.stm32cube.ide.mpu.remote.serial 1 1 2026-05-20 20:06:36.709
!MESSAGE port: COM6

!ENTRY com.st.stm32cube.ide.mpu.remote.serial 1 1 2026-05-20 20:06:36.710
!MESSAGE port: COM15

!ENTRY com.st.stm32cube.ide.mpu.remote.serial 1 1 2026-05-20 20:06:36.711
!MESSAGE port: COM16

!ENTRY com.st.stm32cube.ide.mpu.remote.serial 1 1 2026-05-20 20:06:36.712
!MESSAGE port: COM14

!ENTRY com.st.stm32cube.ide.mpu.remote.serial 1 1 2026-05-20 20:06:36.713
!MESSAGE port: COM11

!ENTRY com.st.stm32cube.ide.mpu.remote.serial 1 1 2026-05-20 20:06:36.714
!MESSAGE port: COM4

!ENTRY com.st.stm32cube.ide.mpu.remote.serial 1 1 2026-05-20 20:06:36.715
!MESSAGE port: COM8

!ENTRY com.st.stm32cube.ide.mpu.remote.serial 1 1 2026-05-20 20:06:36.715
!MESSAGE port: COM13

!ENTRY com.st.stm32cube.ide.mpu.remote.serial 1 1 2026-05-20 20:06:36.715
!MESSAGE port: COM12

!ENTRY com.st.stm32cube.ide.mpu.remote.serial 1 1 2026-05-20 20:08:26.742
!MESSAGE Executed PowerShell command powershell.exe -Command "Get-CimInstance -ClassName Win32_SerialPort | Select-Object -ExpandProperty DeviceID":
COM7
COM6
COM15
COM16
COM14
COM11
COM4
COM8
COM13
COM12


!ENTRY com.st.stm32cube.ide.mpu.remote.serial 1 1 2026-05-20 20:08:26.744
!MESSAGE port: COM7

!ENTRY com.st.stm32cube.ide.mpu.remote.serial 1 1 2026-05-20 20:08:26.744
!MESSAGE port: COM6

!ENTRY com.st.stm32cube.ide.mpu.remote.serial 1 1 2026-05-20 20:08:26.745
!MESSAGE port: COM15

!ENTRY com.st.stm32cube.ide.mpu.remote.serial 1 1 2026-05-20 20:08:26.745
!MESSAGE port: COM16

!ENTRY com.st.stm32cube.ide.mpu.remote.serial 1 1 2026-05-20 20:08:26.747
!MESSAGE port: COM14

!ENTRY com.st.stm32cube.ide.mpu.remote.serial 1 1 2026-05-20 20:08:26.747
!MESSAGE port: COM11

!ENTRY com.st.stm32cube.ide.mpu.remote.serial 1 1 2026-05-20 20:08:26.748
!MESSAGE port: COM4

!ENTRY com.st.stm32cube.ide.mpu.remote.serial 1 1 2026-05-20 20:08:26.749
!MESSAGE port: COM8

!ENTRY com.st.stm32cube.ide.mpu.remote.serial 1 1 2026-05-20 20:08:26.750
!MESSAGE port: COM13

!ENTRY com.st.stm32cube.ide.mpu.remote.serial 1 1 2026-05-20 20:08:26.751
!MESSAGE port: COM12

!ENTRY com.st.stm32cube.ide.mpu.remote.serial 1 1 2026-05-20 20:08:55.320
!MESSAGE Executed PowerShell command powershell.exe -Command "Get-CimInstance -ClassName Win32_SerialPort | Select-Object -ExpandProperty DeviceID":
COM7
COM6
COM15
COM16
COM14
COM11
COM4
COM8
COM13
COM12


!ENTRY com.st.stm32cube.ide.mpu.remote.serial 1 1 2026-05-20 20:08:55.321
!MESSAGE port: COM7

!ENTRY com.st.stm32cube.ide.mpu.remote.serial 1 1 2026-05-20 20:08:55.322
!MESSAGE port: COM6

!ENTRY com.st.stm32cube.ide.mpu.remote.serial 1 1 2026-05-20 20:08:55.323
!MESSAGE port: COM15

!ENTRY com.st.stm32cube.ide.mpu.remote.serial 1 1 2026-05-20 20:08:55.323
!MESSAGE port: COM16

!ENTRY com.st.stm32cube.ide.mpu.remote.serial 1 1 2026-05-20 20:08:55.324
!MESSAGE port: COM14

!ENTRY com.st.stm32cube.ide.mpu.remote.serial 1 1 2026-05-20 20:08:55.325
!MESSAGE port: COM11

!ENTRY com.st.stm32cube.ide.mpu.remote.serial 1 1 2026-05-20 20:08:55.326
!MESSAGE port: COM4

!ENTRY com.st.stm32cube.ide.mpu.remote.serial 1 1 2026-05-20 20:08:55.326
!MESSAGE port: COM8

!ENTRY com.st.stm32cube.ide.mpu.remote.serial 1 1 2026-05-20 20:08:55.327
!MESSAGE port: COM13

!ENTRY com.st.stm32cube.ide.mpu.remote.serial 1 1 2026-05-20 20:08:55.328
!MESSAGE port: COM12

!ENTRY com.st.stm32cube.ide.mpu.remote.serial 1 1 2026-05-20 20:09:35.361
!MESSAGE Executed PowerShell command powershell.exe -Command "Get-CimInstance -ClassName Win32_SerialPort | Select-Object -ExpandProperty DeviceID":
COM7
COM6
COM15
COM16
COM14
COM11
COM4
COM8
COM13
COM12


!ENTRY com.st.stm32cube.ide.mpu.remote.serial 1 1 2026-05-20 20:09:35.362
!MESSAGE port: COM7

!ENTRY com.st.stm32cube.ide.mpu.remote.serial 1 1 2026-05-20 20:09:35.363
!MESSAGE port: COM6

!ENTRY com.st.stm32cube.ide.mpu.remote.serial 1 1 2026-05-20 20:09:35.364
!MESSAGE port: COM15

!ENTRY com.st.stm32cube.ide.mpu.remote.serial 1 1 2026-05-20 20:09:35.365
!MESSAGE port: COM16

!ENTRY com.st.stm32cube.ide.mpu.remote.serial 1 1 2026-05-20 20:09:35.367
!MESSAGE port: COM14

!ENTRY com.st.stm32cube.ide.mpu.remote.serial 1 1 2026-05-20 20:09:35.368
!MESSAGE port: COM11

!ENTRY com.st.stm32cube.ide.mpu.remote.serial 1 1 2026-05-20 20:09:35.369
!MESSAGE port: COM4

!ENTRY com.st.stm32cube.ide.mpu.remote.serial 1 1 2026-05-20 20:09:35.370
!MESSAGE port: COM8

!ENTRY com.st.stm32cube.ide.mpu.remote.serial 1 1 2026-05-20 20:09:35.371
!MESSAGE port: COM13

!ENTRY com.st.stm32cube.ide.mpu.remote.serial 1 1 2026-05-20 20:09:35.372
!MESSAGE port: COM12

!ENTRY com.st.stm32cube.ide.mpu.remote.serial 1 1 2026-05-20 20:10:06.259
!MESSAGE Executed PowerShell command powershell.exe -Command "Get-CimInstance -ClassName Win32_SerialPort | Select-Object -ExpandProperty DeviceID":
COM7
COM6
COM15
COM16
COM14
COM11
COM4
COM8
COM13
COM12


!ENTRY com.st.stm32cube.ide.mpu.remote.serial 1 1 2026-05-20 20:10:06.260
!MESSAGE port: COM7

!ENTRY com.st.stm32cube.ide.mpu.remote.serial 1 1 2026-05-20 20:10:06.261
!MESSAGE port: COM6

!ENTRY com.st.stm32cube.ide.mpu.remote.serial 1 1 2026-05-20 20:10:06.262
!MESSAGE port: COM15

!ENTRY com.st.stm32cube.ide.mpu.remote.serial 1 1 2026-05-20 20:10:06.263
!MESSAGE port: COM16

!ENTRY com.st.stm32cube.ide.mpu.remote.serial 1 1 2026-05-20 20:10:06.264
!MESSAGE port: COM14

!ENTRY com.st.stm32cube.ide.mpu.remote.serial 1 1 2026-05-20 20:10:06.265
!MESSAGE port: COM11

!ENTRY com.st.stm32cube.ide.mpu.remote.serial 1 1 2026-05-20 20:10:06.265
!MESSAGE port: COM4

!ENTRY com.st.stm32cube.ide.mpu.remote.serial 1 1 2026-05-20 20:10:06.266
!MESSAGE port: COM8

!ENTRY com.st.stm32cube.ide.mpu.remote.serial 1 1 2026-05-20 20:10:06.267
!MESSAGE port: COM13

!ENTRY com.st.stm32cube.ide.mpu.remote.serial 1 1 2026-05-20 20:10:06.268
!MESSAGE port: COM12

!ENTRY com.st.stm32cube.ide.mpu.remote.serial 1 1 2026-05-20 20:10:37.405
!MESSAGE Executed PowerShell command powershell.exe -Command "Get-CimInstance -ClassName Win32_SerialPort | Select-Object -ExpandProperty DeviceID":
COM7
COM6
COM15
COM16
COM14
COM11
COM4
COM8
COM13
COM12


!ENTRY com.st.stm32cube.ide.mpu.remote.serial 1 1 2026-05-20 20:10:37.406
!MESSAGE port: COM7

!ENTRY com.st.stm32cube.ide.mpu.remote.serial 1 1 2026-05-20 20:10:37.407
!MESSAGE port: COM6

!ENTRY com.st.stm32cube.ide.mpu.remote.serial 1 1 2026-05-20 20:10:37.408
!MESSAGE port: COM15

!ENTRY com.st.stm32cube.ide.mpu.remote.serial 1 1 2026-05-20 20:10:37.409
!MESSAGE port: COM16

!ENTRY com.st.stm32cube.ide.mpu.remote.serial 1 1 2026-05-20 20:10:37.410
!MESSAGE port: COM14

!ENTRY com.st.stm32cube.ide.mpu.remote.serial 1 1 2026-05-20 20:10:37.411
!MESSAGE port: COM11

!ENTRY com.st.stm32cube.ide.mpu.remote.serial 1 1 2026-05-20 20:10:37.412
!MESSAGE port: COM4

!ENTRY com.st.stm32cube.ide.mpu.remote.serial 1 1 2026-05-20 20:10:37.412
!MESSAGE port: COM8

!ENTRY com.st.stm32cube.ide.mpu.remote.serial 1 1 2026-05-20 20:10:37.414
!MESSAGE port: COM13

!ENTRY com.st.stm32cube.ide.mpu.remote.serial 1 1 2026-05-20 20:10:37.414
!MESSAGE port: COM12

!ENTRY com.st.stm32cube.ide.mpu.remote.serial 1 1 2026-05-20 20:11:06.217
!MESSAGE Executed PowerShell command powershell.exe -Command "Get-CimInstance -ClassName Win32_SerialPort | Select-Object -ExpandProperty DeviceID":
COM7
COM6
COM15
COM16
COM14
COM11
COM4
COM8
COM13
COM12


!ENTRY com.st.stm32cube.ide.mpu.remote.serial 1 1 2026-05-20 20:11:06.218
!MESSAGE port: COM7

!ENTRY com.st.stm32cube.ide.mpu.remote.serial 1 1 2026-05-20 20:11:06.219
!MESSAGE port: COM6

!ENTRY com.st.stm32cube.ide.mpu.remote.serial 1 1 2026-05-20 20:11:06.220
!MESSAGE port: COM15

!ENTRY com.st.stm32cube.ide.mpu.remote.serial 1 1 2026-05-20 20:11:06.221
!MESSAGE port: COM16

!ENTRY com.st.stm32cube.ide.mpu.remote.serial 1 1 2026-05-20 20:11:06.221
!MESSAGE port: COM14

!ENTRY com.st.stm32cube.ide.mpu.remote.serial 1 1 2026-05-20 20:11:06.222
!MESSAGE port: COM11

!ENTRY com.st.stm32cube.ide.mpu.remote.serial 1 1 2026-05-20 20:11:06.222
!MESSAGE port: COM4

!ENTRY com.st.stm32cube.ide.mpu.remote.serial 1 1 2026-05-20 20:11:06.223
!MESSAGE port: COM8

!ENTRY com.st.stm32cube.ide.mpu.remote.serial 1 1 2026-05-20 20:11:06.224
!MESSAGE port: COM13

!ENTRY com.st.stm32cube.ide.mpu.remote.serial 1 1 2026-05-20 20:11:06.224
!MESSAGE port: COM12

!ENTRY com.st.stm32cube.ide.mpu.remote.serial 1 1 2026-05-20 20:12:38.075
!MESSAGE Executed PowerShell command powershell.exe -Command "Get-CimInstance -ClassName Win32_SerialPort | Select-Object -ExpandProperty DeviceID":
COM7
COM6
COM15
COM16
COM14
COM11
COM4
COM8
COM13
COM12


!ENTRY com.st.stm32cube.ide.mpu.remote.serial 1 1 2026-05-20 20:12:38.077
!MESSAGE port: COM7

!ENTRY com.st.stm32cube.ide.mpu.remote.serial 1 1 2026-05-20 20:12:38.078
!MESSAGE port: COM6

!ENTRY com.st.stm32cube.ide.mpu.remote.serial 1 1 2026-05-20 20:12:38.079
!MESSAGE port: COM15

!ENTRY com.st.stm32cube.ide.mpu.remote.serial 1 1 2026-05-20 20:12:38.080
!MESSAGE port: COM16

!ENTRY com.st.stm32cube.ide.mpu.remote.serial 1 1 2026-05-20 20:12:38.080
!MESSAGE port: COM14

!ENTRY com.st.stm32cube.ide.mpu.remote.serial 1 1 2026-05-20 20:12:38.081
!MESSAGE port: COM11

!ENTRY com.st.stm32cube.ide.mpu.remote.serial 1 1 2026-05-20 20:12:38.082
!MESSAGE port: COM4

!ENTRY com.st.stm32cube.ide.mpu.remote.serial 1 1 2026-05-20 20:12:38.083
!MESSAGE port: COM8

!ENTRY com.st.stm32cube.ide.mpu.remote.serial 1 1 2026-05-20 20:12:38.084
!MESSAGE port: COM13

!ENTRY com.st.stm32cube.ide.mpu.remote.serial 1 1 2026-05-20 20:12:38.085
!MESSAGE port: COM12

!ENTRY com.st.stm32cube.ide.mpu.remote.serial 1 1 2026-05-20 20:13:12.632
!MESSAGE Executed PowerShell command powershell.exe -Command "Get-CimInstance -ClassName Win32_SerialPort | Select-Object -ExpandProperty DeviceID":
COM7
COM6
COM15
COM16
COM14
COM11
COM4
COM8
COM13
COM12


!ENTRY com.st.stm32cube.ide.mpu.remote.serial 1 1 2026-05-20 20:13:12.633
!MESSAGE port: COM7

!ENTRY com.st.stm32cube.ide.mpu.remote.serial 1 1 2026-05-20 20:13:12.634
!MESSAGE port: COM6

!ENTRY com.st.stm32cube.ide.mpu.remote.serial 1 1 2026-05-20 20:13:12.635
!MESSAGE port: COM15

!ENTRY com.st.stm32cube.ide.mpu.remote.serial 1 1 2026-05-20 20:13:12.636
!MESSAGE port: COM16

!ENTRY com.st.stm32cube.ide.mpu.remote.serial 1 1 2026-05-20 20:13:12.636
!MESSAGE port: COM14

!ENTRY com.st.stm32cube.ide.mpu.remote.serial 1 1 2026-05-20 20:13:12.637
!MESSAGE port: COM11

!ENTRY com.st.stm32cube.ide.mpu.remote.serial 1 1 2026-05-20 20:13:12.638
!MESSAGE port: COM4

!ENTRY com.st.stm32cube.ide.mpu.remote.serial 1 1 2026-05-20 20:13:12.638
!MESSAGE port: COM8

!ENTRY com.st.stm32cube.ide.mpu.remote.serial 1 1 2026-05-20 20:13:12.640
!MESSAGE port: COM13

!ENTRY com.st.stm32cube.ide.mpu.remote.serial 1 1 2026-05-20 20:13:12.641
!MESSAGE port: COM12

!ENTRY com.st.stm32cube.ide.mpu.remote.serial 1 1 2026-05-20 20:15:10.328
!MESSAGE Executed PowerShell command powershell.exe -Command "Get-CimInstance -ClassName Win32_SerialPort | Select-Object -ExpandProperty DeviceID":
COM7
COM6
COM15
COM16
COM14
COM11
COM4
COM8
COM13
COM12


!ENTRY com.st.stm32cube.ide.mpu.remote.serial 1 1 2026-05-20 20:15:10.329
!MESSAGE port: COM7

!ENTRY com.st.stm32cube.ide.mpu.remote.serial 1 1 2026-05-20 20:15:10.330
!MESSAGE port: COM6

!ENTRY com.st.stm32cube.ide.mpu.remote.serial 1 1 2026-05-20 20:15:10.331
!MESSAGE port: COM15

!ENTRY com.st.stm32cube.ide.mpu.remote.serial 1 1 2026-05-20 20:15:10.332
!MESSAGE port: COM16

!ENTRY com.st.stm32cube.ide.mpu.remote.serial 1 1 2026-05-20 20:15:10.333
!MESSAGE port: COM14

!ENTRY com.st.stm32cube.ide.mpu.remote.serial 1 1 2026-05-20 20:15:10.334
!MESSAGE port: COM11

!ENTRY com.st.stm32cube.ide.mpu.remote.serial 1 1 2026-05-20 20:15:10.335
!MESSAGE port: COM4

!ENTRY com.st.stm32cube.ide.mpu.remote.serial 1 1 2026-05-20 20:15:10.336
!MESSAGE port: COM8

!ENTRY com.st.stm32cube.ide.mpu.remote.serial 1 1 2026-05-20 20:15:10.338
!MESSAGE port: COM13

!ENTRY com.st.stm32cube.ide.mpu.remote.serial 1 1 2026-05-20 20:15:10.339
!MESSAGE port: COM12

!ENTRY com.st.stm32cube.ide.mpu.remote.serial 1 1 2026-05-20 20:15:39.063
!MESSAGE Executed PowerShell command powershell.exe -Command "Get-CimInstance -ClassName Win32_SerialPort | Select-Object -ExpandProperty DeviceID":
COM7
COM6
COM15
COM16
COM14
COM11
COM4
COM8
COM13
COM12


!ENTRY com.st.stm32cube.ide.mpu.remote.serial 1 1 2026-05-20 20:15:39.064
!MESSAGE port: COM7

!ENTRY com.st.stm32cube.ide.mpu.remote.serial 1 1 2026-05-20 20:15:39.065
!MESSAGE port: COM6

!ENTRY com.st.stm32cube.ide.mpu.remote.serial 1 1 2026-05-20 20:15:39.066
!MESSAGE port: COM15

!ENTRY com.st.stm32cube.ide.mpu.remote.serial 1 1 2026-05-20 20:15:39.066
!MESSAGE port: COM16

!ENTRY com.st.stm32cube.ide.mpu.remote.serial 1 1 2026-05-20 20:15:39.067
!MESSAGE port: COM14

!ENTRY com.st.stm32cube.ide.mpu.remote.serial 1 1 2026-05-20 20:15:39.068
!MESSAGE port: COM11

!ENTRY com.st.stm32cube.ide.mpu.remote.serial 1 1 2026-05-20 20:15:39.068
!MESSAGE port: COM4

!ENTRY com.st.stm32cube.ide.mpu.remote.serial 1 1 2026-05-20 20:15:39.069
!MESSAGE port: COM8

!ENTRY com.st.stm32cube.ide.mpu.remote.serial 1 1 2026-05-20 20:15:39.070
!MESSAGE port: COM13

!ENTRY com.st.stm32cube.ide.mpu.remote.serial 1 1 2026-05-20 20:15:39.070
!MESSAGE port: COM12

!ENTRY com.st.stm32cube.ide.mpu.remote.serial 1 1 2026-05-20 20:16:08.071
!MESSAGE Executed PowerShell command powershell.exe -Command "Get-CimInstance -ClassName Win32_SerialPort | Select-Object -ExpandProperty DeviceID":
COM7
COM6
COM15
COM16
COM14
COM11
COM4
COM8
COM13
COM12


!ENTRY com.st.stm32cube.ide.mpu.remote.serial 1 1 2026-05-20 20:16:08.071
!MESSAGE port: COM7

!ENTRY com.st.stm32cube.ide.mpu.remote.serial 1 1 2026-05-20 20:16:08.073
!MESSAGE port: COM6

!ENTRY com.st.stm32cube.ide.mpu.remote.serial 1 1 2026-05-20 20:16:08.073
!MESSAGE port: COM15

!ENTRY com.st.stm32cube.ide.mpu.remote.serial 1 1 2026-05-20 20:16:08.073
!MESSAGE port: COM16

!ENTRY com.st.stm32cube.ide.mpu.remote.serial 1 1 2026-05-20 20:16:08.076
!MESSAGE port: COM14

!ENTRY com.st.stm32cube.ide.mpu.remote.serial 1 1 2026-05-20 20:16:08.077
!MESSAGE port: COM11

!ENTRY com.st.stm32cube.ide.mpu.remote.serial 1 1 2026-05-20 20:16:08.077
!MESSAGE port: COM4

!ENTRY com.st.stm32cube.ide.mpu.remote.serial 1 1 2026-05-20 20:16:08.077
!MESSAGE port: COM8

!ENTRY com.st.stm32cube.ide.mpu.remote.serial 1 1 2026-05-20 20:16:08.079
!MESSAGE port: COM13

!ENTRY com.st.stm32cube.ide.mpu.remote.serial 1 1 2026-05-20 20:16:08.079
!MESSAGE port: COM12

!ENTRY com.st.stm32cube.ide.mpu.remote.serial 1 1 2026-05-20 20:16:36.423
!MESSAGE Executed PowerShell command powershell.exe -Command "Get-CimInstance -ClassName Win32_SerialPort | Select-Object -ExpandProperty DeviceID":
COM7
COM6
COM15
COM16
COM14
COM11
COM4
COM8
COM13
COM12


!ENTRY com.st.stm32cube.ide.mpu.remote.serial 1 1 2026-05-20 20:16:36.424
!MESSAGE port: COM7

!ENTRY com.st.stm32cube.ide.mpu.remote.serial 1 1 2026-05-20 20:16:36.425
!MESSAGE port: COM6

!ENTRY com.st.stm32cube.ide.mpu.remote.serial 1 1 2026-05-20 20:16:36.426
!MESSAGE port: COM15

!ENTRY com.st.stm32cube.ide.mpu.remote.serial 1 1 2026-05-20 20:16:36.426
!MESSAGE port: COM16

!ENTRY com.st.stm32cube.ide.mpu.remote.serial 1 1 2026-05-20 20:16:36.428
!MESSAGE port: COM14

!ENTRY com.st.stm32cube.ide.mpu.remote.serial 1 1 2026-05-20 20:16:36.428
!MESSAGE port: COM11

!ENTRY com.st.stm32cube.ide.mpu.remote.serial 1 1 2026-05-20 20:16:36.428
!MESSAGE port: COM4

!ENTRY com.st.stm32cube.ide.mpu.remote.serial 1 1 2026-05-20 20:16:36.428
!MESSAGE port: COM8

!ENTRY com.st.stm32cube.ide.mpu.remote.serial 1 1 2026-05-20 20:16:36.428
!MESSAGE port: COM13

!ENTRY com.st.stm32cube.ide.mpu.remote.serial 1 1 2026-05-20 20:16:36.431
!MESSAGE port: COM12

!ENTRY com.st.stm32cube.ide.mpu.remote.serial 1 1 2026-05-20 20:17:18.315
!MESSAGE Executed PowerShell command powershell.exe -Command "Get-CimInstance -ClassName Win32_SerialPort | Select-Object -ExpandProperty DeviceID":
COM7
COM6
COM15
COM16
COM14
COM11
COM4
COM8
COM13
COM12


!ENTRY com.st.stm32cube.ide.mpu.remote.serial 1 1 2026-05-20 20:17:18.316
!MESSAGE port: COM7

!ENTRY com.st.stm32cube.ide.mpu.remote.serial 1 1 2026-05-20 20:17:18.317
!MESSAGE port: COM6

!ENTRY com.st.stm32cube.ide.mpu.remote.serial 1 1 2026-05-20 20:17:18.318
!MESSAGE port: COM15

!ENTRY com.st.stm32cube.ide.mpu.remote.serial 1 1 2026-05-20 20:17:18.319
!MESSAGE port: COM16

!ENTRY com.st.stm32cube.ide.mpu.remote.serial 1 1 2026-05-20 20:17:18.320
!MESSAGE port: COM14

!ENTRY com.st.stm32cube.ide.mpu.remote.serial 1 1 2026-05-20 20:17:18.321
!MESSAGE port: COM11

!ENTRY com.st.stm32cube.ide.mpu.remote.serial 1 1 2026-05-20 20:17:18.321
!MESSAGE port: COM4

!ENTRY com.st.stm32cube.ide.mpu.remote.serial 1 1 2026-05-20 20:17:18.322
!MESSAGE port: COM8

!ENTRY com.st.stm32cube.ide.mpu.remote.serial 1 1 2026-05-20 20:17:18.323
!MESSAGE port: COM13

!ENTRY com.st.stm32cube.ide.mpu.remote.serial 1 1 2026-05-20 20:17:18.324
!MESSAGE port: COM12

!ENTRY com.st.stm32cube.ide.mpu.remote.serial 1 1 2026-05-20 20:17:57.559
!MESSAGE Executed PowerShell command powershell.exe -Command "Get-CimInstance -ClassName Win32_SerialPort | Select-Object -ExpandProperty DeviceID":
COM7
COM6
COM15
COM16
COM14
COM11
COM4
COM8
COM13
COM12


!ENTRY com.st.stm32cube.ide.mpu.remote.serial 1 1 2026-05-20 20:17:57.560
!MESSAGE port: COM7

!ENTRY com.st.stm32cube.ide.mpu.remote.serial 1 1 2026-05-20 20:17:57.561
!MESSAGE port: COM6

!ENTRY com.st.stm32cube.ide.mpu.remote.serial 1 1 2026-05-20 20:17:57.562
!MESSAGE port: COM15

!ENTRY com.st.stm32cube.ide.mpu.remote.serial 1 1 2026-05-20 20:17:57.563
!MESSAGE port: COM16

!ENTRY com.st.stm32cube.ide.mpu.remote.serial 1 1 2026-05-20 20:17:57.564
!MESSAGE port: COM14

!ENTRY com.st.stm32cube.ide.mpu.remote.serial 1 1 2026-05-20 20:17:57.565
!MESSAGE port: COM11

!ENTRY com.st.stm32cube.ide.mpu.remote.serial 1 1 2026-05-20 20:17:57.567
!MESSAGE port: COM4

!ENTRY com.st.stm32cube.ide.mpu.remote.serial 1 1 2026-05-20 20:17:57.567
!MESSAGE port: COM8

!ENTRY com.st.stm32cube.ide.mpu.remote.serial 1 1 2026-05-20 20:17:57.568
!MESSAGE port: COM13

!ENTRY com.st.stm32cube.ide.mpu.remote.serial 1 1 2026-05-20 20:17:57.570
!MESSAGE port: COM12

!ENTRY com.st.stm32cube.ide.mpu.remote.serial 1 1 2026-05-20 20:18:50.126
!MESSAGE Executed PowerShell command powershell.exe -Command "Get-CimInstance -ClassName Win32_SerialPort | Select-Object -ExpandProperty DeviceID":
COM7
COM6
COM15
COM16
COM14
COM11
COM4
COM8
COM13
COM12


!ENTRY com.st.stm32cube.ide.mpu.remote.serial 1 1 2026-05-20 20:18:50.128
!MESSAGE port: COM7

!ENTRY com.st.stm32cube.ide.mpu.remote.serial 1 1 2026-05-20 20:18:50.129
!MESSAGE port: COM6

!ENTRY com.st.stm32cube.ide.mpu.remote.serial 1 1 2026-05-20 20:18:50.130
!MESSAGE port: COM15

!ENTRY com.st.stm32cube.ide.mpu.remote.serial 1 1 2026-05-20 20:18:50.130
!MESSAGE port: COM16

!ENTRY com.st.stm32cube.ide.mpu.remote.serial 1 1 2026-05-20 20:18:50.131
!MESSAGE port: COM14

!ENTRY com.st.stm32cube.ide.mpu.remote.serial 1 1 2026-05-20 20:18:50.132
!MESSAGE port: COM11

!ENTRY com.st.stm32cube.ide.mpu.remote.serial 1 1 2026-05-20 20:18:50.133
!MESSAGE port: COM4

!ENTRY com.st.stm32cube.ide.mpu.remote.serial 1 1 2026-05-20 20:18:50.134
!MESSAGE port: COM8

!ENTRY com.st.stm32cube.ide.mpu.remote.serial 1 1 2026-05-20 20:18:50.134
!MESSAGE port: COM13

!ENTRY com.st.stm32cube.ide.mpu.remote.serial 1 1 2026-05-20 20:18:50.135
!MESSAGE port: COM12

!ENTRY com.st.stm32cube.ide.mpu.remote.serial 1 1 2026-05-20 20:19:18.758
!MESSAGE Executed PowerShell command powershell.exe -Command "Get-CimInstance -ClassName Win32_SerialPort | Select-Object -ExpandProperty DeviceID":
COM7
COM6
COM15
COM16
COM14
COM11
COM4
COM8
COM13
COM12


!ENTRY com.st.stm32cube.ide.mpu.remote.serial 1 1 2026-05-20 20:19:18.765
!MESSAGE port: COM7

!ENTRY com.st.stm32cube.ide.mpu.remote.serial 1 1 2026-05-20 20:19:18.766
!MESSAGE port: COM6

!ENTRY com.st.stm32cube.ide.mpu.remote.serial 1 1 2026-05-20 20:19:18.766
!MESSAGE port: COM15

!ENTRY com.st.stm32cube.ide.mpu.remote.serial 1 1 2026-05-20 20:19:18.768
!MESSAGE port: COM16

!ENTRY com.st.stm32cube.ide.mpu.remote.serial 1 1 2026-05-20 20:19:18.768
!MESSAGE port: COM14

!ENTRY com.st.stm32cube.ide.mpu.remote.serial 1 1 2026-05-20 20:19:18.770
!MESSAGE port: COM11

!ENTRY com.st.stm32cube.ide.mpu.remote.serial 1 1 2026-05-20 20:19:18.770
!MESSAGE port: COM4

!ENTRY com.st.stm32cube.ide.mpu.remote.serial 1 1 2026-05-20 20:19:18.770
!MESSAGE port: COM8

!ENTRY com.st.stm32cube.ide.mpu.remote.serial 1 1 2026-05-20 20:19:18.772
!MESSAGE port: COM13

!ENTRY com.st.stm32cube.ide.mpu.remote.serial 1 1 2026-05-20 20:19:18.772
!MESSAGE port: COM12

!ENTRY com.st.stm32cube.ide.mpu.remote.serial 1 1 2026-05-20 20:19:58.328
!MESSAGE Executed PowerShell command powershell.exe -Command "Get-CimInstance -ClassName Win32_SerialPort | Select-Object -ExpandProperty DeviceID":
COM7
COM6
COM15
COM16
COM14
COM11
COM4
COM8
COM13
COM12


!ENTRY com.st.stm32cube.ide.mpu.remote.serial 1 1 2026-05-20 20:19:58.329
!MESSAGE port: COM7

!ENTRY com.st.stm32cube.ide.mpu.remote.serial 1 1 2026-05-20 20:19:58.329
!MESSAGE port: COM6

!ENTRY com.st.stm32cube.ide.mpu.remote.serial 1 1 2026-05-20 20:19:58.330
!MESSAGE port: COM15

!ENTRY com.st.stm32cube.ide.mpu.remote.serial 1 1 2026-05-20 20:19:58.331
!MESSAGE port: COM16

!ENTRY com.st.stm32cube.ide.mpu.remote.serial 1 1 2026-05-20 20:19:58.331
!MESSAGE port: COM14

!ENTRY com.st.stm32cube.ide.mpu.remote.serial 1 1 2026-05-20 20:19:58.331
!MESSAGE port: COM11

!ENTRY com.st.stm32cube.ide.mpu.remote.serial 1 1 2026-05-20 20:19:58.331
!MESSAGE port: COM4

!ENTRY com.st.stm32cube.ide.mpu.remote.serial 1 1 2026-05-20 20:19:58.331
!MESSAGE port: COM8

!ENTRY com.st.stm32cube.ide.mpu.remote.serial 1 1 2026-05-20 20:19:58.331
!MESSAGE port: COM13

!ENTRY com.st.stm32cube.ide.mpu.remote.serial 1 1 2026-05-20 20:19:58.331
!MESSAGE port: COM12

!ENTRY com.st.stm32cube.ide.mpu.remote.serial 1 1 2026-05-20 20:20:26.979
!MESSAGE Executed PowerShell command powershell.exe -Command "Get-CimInstance -ClassName Win32_SerialPort | Select-Object -ExpandProperty DeviceID":
COM7
COM6
COM15
COM16
COM14
COM11
COM4
COM8
COM13
COM12


!ENTRY com.st.stm32cube.ide.mpu.remote.serial 1 1 2026-05-20 20:20:26.981
!MESSAGE port: COM7

!ENTRY com.st.stm32cube.ide.mpu.remote.serial 1 1 2026-05-20 20:20:26.981
!MESSAGE port: COM6

!ENTRY com.st.stm32cube.ide.mpu.remote.serial 1 1 2026-05-20 20:20:26.981
!MESSAGE port: COM15

!ENTRY com.st.stm32cube.ide.mpu.remote.serial 1 1 2026-05-20 20:20:26.983
!MESSAGE port: COM16

!ENTRY com.st.stm32cube.ide.mpu.remote.serial 1 1 2026-05-20 20:20:26.983
!MESSAGE port: COM14

!ENTRY com.st.stm32cube.ide.mpu.remote.serial 1 1 2026-05-20 20:20:26.983
!MESSAGE port: COM11

!ENTRY com.st.stm32cube.ide.mpu.remote.serial 1 1 2026-05-20 20:20:26.983
!MESSAGE port: COM4

!ENTRY com.st.stm32cube.ide.mpu.remote.serial 1 1 2026-05-20 20:20:26.985
!MESSAGE port: COM8

!ENTRY com.st.stm32cube.ide.mpu.remote.serial 1 1 2026-05-20 20:20:26.985
!MESSAGE port: COM13

!ENTRY com.st.stm32cube.ide.mpu.remote.serial 1 1 2026-05-20 20:20:26.985
!MESSAGE port: COM12

!ENTRY com.st.stm32cube.ide.mpu.remote.serial 1 1 2026-05-20 20:21:56.566
!MESSAGE Executed PowerShell command powershell.exe -Command "Get-CimInstance -ClassName Win32_SerialPort | Select-Object -ExpandProperty DeviceID":
COM7
COM6
COM15
COM16
COM14
COM11
COM4
COM8
COM13
COM12


!ENTRY com.st.stm32cube.ide.mpu.remote.serial 1 1 2026-05-20 20:21:56.567
!MESSAGE port: COM7

!ENTRY com.st.stm32cube.ide.mpu.remote.serial 1 1 2026-05-20 20:21:56.568
!MESSAGE port: COM6

!ENTRY com.st.stm32cube.ide.mpu.remote.serial 1 1 2026-05-20 20:21:56.569
!MESSAGE port: COM15

!ENTRY com.st.stm32cube.ide.mpu.remote.serial 1 1 2026-05-20 20:21:56.570
!MESSAGE port: COM16

!ENTRY com.st.stm32cube.ide.mpu.remote.serial 1 1 2026-05-20 20:21:56.570
!MESSAGE port: COM14

!ENTRY com.st.stm32cube.ide.mpu.remote.serial 1 1 2026-05-20 20:21:56.571
!MESSAGE port: COM11

!ENTRY com.st.stm32cube.ide.mpu.remote.serial 1 1 2026-05-20 20:21:56.572
!MESSAGE port: COM4

!ENTRY com.st.stm32cube.ide.mpu.remote.serial 1 1 2026-05-20 20:21:56.573
!MESSAGE port: COM8

!ENTRY com.st.stm32cube.ide.mpu.remote.serial 1 1 2026-05-20 20:21:56.574
!MESSAGE port: COM13

!ENTRY com.st.stm32cube.ide.mpu.remote.serial 1 1 2026-05-20 20:21:56.574
!MESSAGE port: COM12

!ENTRY com.st.stm32cube.ide.mpu.remote.serial 1 1 2026-05-20 20:22:25.197
!MESSAGE Executed PowerShell command powershell.exe -Command "Get-CimInstance -ClassName Win32_SerialPort | Select-Object -ExpandProperty DeviceID":
COM7
COM6
COM15
COM16
COM14
COM11
COM4
COM8
COM13
COM12


!ENTRY com.st.stm32cube.ide.mpu.remote.serial 1 1 2026-05-20 20:22:25.198
!MESSAGE port: COM7

!ENTRY com.st.stm32cube.ide.mpu.remote.serial 1 1 2026-05-20 20:22:25.199
!MESSAGE port: COM6

!ENTRY com.st.stm32cube.ide.mpu.remote.serial 1 1 2026-05-20 20:22:25.200
!MESSAGE port: COM15

!ENTRY com.st.stm32cube.ide.mpu.remote.serial 1 1 2026-05-20 20:22:25.200
!MESSAGE port: COM16

!ENTRY com.st.stm32cube.ide.mpu.remote.serial 1 1 2026-05-20 20:22:25.201
!MESSAGE port: COM14

!ENTRY com.st.stm32cube.ide.mpu.remote.serial 1 1 2026-05-20 20:22:25.202
!MESSAGE port: COM11

!ENTRY com.st.stm32cube.ide.mpu.remote.serial 1 1 2026-05-20 20:22:25.203
!MESSAGE port: COM4

!ENTRY com.st.stm32cube.ide.mpu.remote.serial 1 1 2026-05-20 20:22:25.204
!MESSAGE port: COM8

!ENTRY com.st.stm32cube.ide.mpu.remote.serial 1 1 2026-05-20 20:22:25.205
!MESSAGE port: COM13

!ENTRY com.st.stm32cube.ide.mpu.remote.serial 1 1 2026-05-20 20:22:25.205
!MESSAGE port: COM12

!ENTRY com.st.stm32cube.ide.mpu.remote.serial 1 1 2026-05-20 20:23:31.902
!MESSAGE Executed PowerShell command powershell.exe -Command "Get-CimInstance -ClassName Win32_SerialPort | Select-Object -ExpandProperty DeviceID":
COM7
COM6
COM15
COM16
COM14
COM11
COM4
COM8
COM13
COM12


!ENTRY com.st.stm32cube.ide.mpu.remote.serial 1 1 2026-05-20 20:23:31.903
!MESSAGE port: COM7

!ENTRY com.st.stm32cube.ide.mpu.remote.serial 1 1 2026-05-20 20:23:31.904
!MESSAGE port: COM6

!ENTRY com.st.stm32cube.ide.mpu.remote.serial 1 1 2026-05-20 20:23:31.904
!MESSAGE port: COM15

!ENTRY com.st.stm32cube.ide.mpu.remote.serial 1 1 2026-05-20 20:23:31.905
!MESSAGE port: COM16

!ENTRY com.st.stm32cube.ide.mpu.remote.serial 1 1 2026-05-20 20:23:31.906
!MESSAGE port: COM14

!ENTRY com.st.stm32cube.ide.mpu.remote.serial 1 1 2026-05-20 20:23:31.907
!MESSAGE port: COM11

!ENTRY com.st.stm32cube.ide.mpu.remote.serial 1 1 2026-05-20 20:23:31.907
!MESSAGE port: COM4

!ENTRY com.st.stm32cube.ide.mpu.remote.serial 1 1 2026-05-20 20:23:31.908
!MESSAGE port: COM8

!ENTRY com.st.stm32cube.ide.mpu.remote.serial 1 1 2026-05-20 20:23:31.908
!MESSAGE port: COM13

!ENTRY com.st.stm32cube.ide.mpu.remote.serial 1 1 2026-05-20 20:23:31.909
!MESSAGE port: COM12

!ENTRY com.st.stm32cube.ide.mpu.remote.serial 1 1 2026-05-20 20:24:00.615
!MESSAGE Executed PowerShell command powershell.exe -Command "Get-CimInstance -ClassName Win32_SerialPort | Select-Object -ExpandProperty DeviceID":
COM7
COM6
COM15
COM16
COM14
COM11
COM4
COM8
COM13
COM12


!ENTRY com.st.stm32cube.ide.mpu.remote.serial 1 1 2026-05-20 20:24:00.615
!MESSAGE port: COM7

!ENTRY com.st.stm32cube.ide.mpu.remote.serial 1 1 2026-05-20 20:24:00.617
!MESSAGE port: COM6

!ENTRY com.st.stm32cube.ide.mpu.remote.serial 1 1 2026-05-20 20:24:00.618
!MESSAGE port: COM15

!ENTRY com.st.stm32cube.ide.mpu.remote.serial 1 1 2026-05-20 20:24:00.619
!MESSAGE port: COM16

!ENTRY com.st.stm32cube.ide.mpu.remote.serial 1 1 2026-05-20 20:24:00.619
!MESSAGE port: COM14

!ENTRY com.st.stm32cube.ide.mpu.remote.serial 1 1 2026-05-20 20:24:00.621
!MESSAGE port: COM11

!ENTRY com.st.stm32cube.ide.mpu.remote.serial 1 1 2026-05-20 20:24:00.621
!MESSAGE port: COM4

!ENTRY com.st.stm32cube.ide.mpu.remote.serial 1 1 2026-05-20 20:24:00.623
!MESSAGE port: COM8

!ENTRY com.st.stm32cube.ide.mpu.remote.serial 1 1 2026-05-20 20:24:00.623
!MESSAGE port: COM13

!ENTRY com.st.stm32cube.ide.mpu.remote.serial 1 1 2026-05-20 20:24:00.623
!MESSAGE port: COM12

!ENTRY com.st.stm32cube.ide.mpu.remote.serial 1 1 2026-05-20 20:26:13.761
!MESSAGE Executed PowerShell command powershell.exe -Command "Get-CimInstance -ClassName Win32_SerialPort | Select-Object -ExpandProperty DeviceID":
COM7
COM6
COM15
COM16
COM14
COM11
COM4
COM8
COM13
COM12


!ENTRY com.st.stm32cube.ide.mpu.remote.serial 1 1 2026-05-20 20:26:13.762
!MESSAGE port: COM7

!ENTRY com.st.stm32cube.ide.mpu.remote.serial 1 1 2026-05-20 20:26:13.763
!MESSAGE port: COM6

!ENTRY com.st.stm32cube.ide.mpu.remote.serial 1 1 2026-05-20 20:26:13.764
!MESSAGE port: COM15

!ENTRY com.st.stm32cube.ide.mpu.remote.serial 1 1 2026-05-20 20:26:13.764
!MESSAGE port: COM16

!ENTRY com.st.stm32cube.ide.mpu.remote.serial 1 1 2026-05-20 20:26:13.765
!MESSAGE port: COM14

!ENTRY com.st.stm32cube.ide.mpu.remote.serial 1 1 2026-05-20 20:26:13.766
!MESSAGE port: COM11

!ENTRY com.st.stm32cube.ide.mpu.remote.serial 1 1 2026-05-20 20:26:13.766
!MESSAGE port: COM4

!ENTRY com.st.stm32cube.ide.mpu.remote.serial 1 1 2026-05-20 20:26:13.767
!MESSAGE port: COM8

!ENTRY com.st.stm32cube.ide.mpu.remote.serial 1 1 2026-05-20 20:26:13.768
!MESSAGE port: COM13

!ENTRY com.st.stm32cube.ide.mpu.remote.serial 1 1 2026-05-20 20:26:13.769
!MESSAGE port: COM12

!ENTRY com.st.stm32cube.ide.mpu.remote.serial 1 1 2026-05-20 20:26:42.580
!MESSAGE Executed PowerShell command powershell.exe -Command "Get-CimInstance -ClassName Win32_SerialPort | Select-Object -ExpandProperty DeviceID":
COM7
COM6
COM15
COM16
COM14
COM11
COM4
COM8
COM13
COM12


!ENTRY com.st.stm32cube.ide.mpu.remote.serial 1 1 2026-05-20 20:26:42.581
!MESSAGE port: COM7

!ENTRY com.st.stm32cube.ide.mpu.remote.serial 1 1 2026-05-20 20:26:42.581
!MESSAGE port: COM6

!ENTRY com.st.stm32cube.ide.mpu.remote.serial 1 1 2026-05-20 20:26:42.582
!MESSAGE port: COM15

!ENTRY com.st.stm32cube.ide.mpu.remote.serial 1 1 2026-05-20 20:26:42.583
!MESSAGE port: COM16

!ENTRY com.st.stm32cube.ide.mpu.remote.serial 1 1 2026-05-20 20:26:42.583
!MESSAGE port: COM14

!ENTRY com.st.stm32cube.ide.mpu.remote.serial 1 1 2026-05-20 20:26:42.588
!MESSAGE port: COM11

!ENTRY com.st.stm32cube.ide.mpu.remote.serial 1 1 2026-05-20 20:26:42.588
!MESSAGE port: COM4

!ENTRY com.st.stm32cube.ide.mpu.remote.serial 1 1 2026-05-20 20:26:42.589
!MESSAGE port: COM8

!ENTRY com.st.stm32cube.ide.mpu.remote.serial 1 1 2026-05-20 20:26:42.590
!MESSAGE port: COM13

!ENTRY com.st.stm32cube.ide.mpu.remote.serial 1 1 2026-05-20 20:26:42.592
!MESSAGE port: COM12

!ENTRY com.st.stm32cube.ide.mpu.remote.serial 1 1 2026-05-20 20:31:17.824
!MESSAGE Executed PowerShell command powershell.exe -Command "Get-CimInstance -ClassName Win32_SerialPort | Select-Object -ExpandProperty DeviceID":
COM7
COM6
COM15
COM16
COM14
COM11
COM4
COM8
COM13
COM12


!ENTRY com.st.stm32cube.ide.mpu.remote.serial 1 1 2026-05-20 20:31:17.825
!MESSAGE port: COM7

!ENTRY com.st.stm32cube.ide.mpu.remote.serial 1 1 2026-05-20 20:31:17.826
!MESSAGE port: COM6

!ENTRY com.st.stm32cube.ide.mpu.remote.serial 1 1 2026-05-20 20:31:17.826
!MESSAGE port: COM15

!ENTRY com.st.stm32cube.ide.mpu.remote.serial 1 1 2026-05-20 20:31:17.827
!MESSAGE port: COM16

!ENTRY com.st.stm32cube.ide.mpu.remote.serial 1 1 2026-05-20 20:31:17.828
!MESSAGE port: COM14

!ENTRY com.st.stm32cube.ide.mpu.remote.serial 1 1 2026-05-20 20:31:17.829
!MESSAGE port: COM11

!ENTRY com.st.stm32cube.ide.mpu.remote.serial 1 1 2026-05-20 20:31:17.829
!MESSAGE port: COM4

!ENTRY com.st.stm32cube.ide.mpu.remote.serial 1 1 2026-05-20 20:31:17.830
!MESSAGE port: COM8

!ENTRY com.st.stm32cube.ide.mpu.remote.serial 1 1 2026-05-20 20:31:17.831
!MESSAGE port: COM13

!ENTRY com.st.stm32cube.ide.mpu.remote.serial 1 1 2026-05-20 20:31:17.832
!MESSAGE port: COM12

!ENTRY com.st.stm32cube.ide.mpu.remote.serial 1 1 2026-05-20 20:31:46.918
!MESSAGE Executed PowerShell command powershell.exe -Command "Get-CimInstance -ClassName Win32_SerialPort | Select-Object -ExpandProperty DeviceID":
COM7
COM6
COM15
COM16
COM14
COM11
COM4
COM8
COM13
COM12


!ENTRY com.st.stm32cube.ide.mpu.remote.serial 1 1 2026-05-20 20:31:46.920
!MESSAGE port: COM7

!ENTRY com.st.stm32cube.ide.mpu.remote.serial 1 1 2026-05-20 20:31:46.920
!MESSAGE port: COM6

!ENTRY com.st.stm32cube.ide.mpu.remote.serial 1 1 2026-05-20 20:31:46.922
!MESSAGE port: COM15

!ENTRY com.st.stm32cube.ide.mpu.remote.serial 1 1 2026-05-20 20:31:46.922
!MESSAGE port: COM16

!ENTRY com.st.stm32cube.ide.mpu.remote.serial 1 1 2026-05-20 20:31:46.924
!MESSAGE port: COM14

!ENTRY com.st.stm32cube.ide.mpu.remote.serial 1 1 2026-05-20 20:31:46.928
!MESSAGE port: COM11

!ENTRY com.st.stm32cube.ide.mpu.remote.serial 1 1 2026-05-20 20:31:46.928
!MESSAGE port: COM4

!ENTRY com.st.stm32cube.ide.mpu.remote.serial 1 1 2026-05-20 20:31:46.945
!MESSAGE port: COM8

!ENTRY com.st.stm32cube.ide.mpu.remote.serial 1 1 2026-05-20 20:31:46.947
!MESSAGE port: COM13

!ENTRY com.st.stm32cube.ide.mpu.remote.serial 1 1 2026-05-20 20:31:46.949
!MESSAGE port: COM12

!ENTRY com.st.stm32cube.ide.mpu.remote.serial 1 1 2026-05-20 20:50:02.187
!MESSAGE Executed PowerShell command powershell.exe -Command "Get-CimInstance -ClassName Win32_SerialPort | Select-Object -ExpandProperty DeviceID":
COM7
COM6
COM15
COM16
COM14
COM11
COM4
COM8
COM13
COM12


!ENTRY com.st.stm32cube.ide.mpu.remote.serial 1 1 2026-05-20 20:50:02.188
!MESSAGE port: COM7

!ENTRY com.st.stm32cube.ide.mpu.remote.serial 1 1 2026-05-20 20:50:02.188
!MESSAGE port: COM6

!ENTRY com.st.stm32cube.ide.mpu.remote.serial 1 1 2026-05-20 20:50:02.189
!MESSAGE port: COM15

!ENTRY com.st.stm32cube.ide.mpu.remote.serial 1 1 2026-05-20 20:50:02.190
!MESSAGE port: COM16

!ENTRY com.st.stm32cube.ide.mpu.remote.serial 1 1 2026-05-20 20:50:02.191
!MESSAGE port: COM14

!ENTRY com.st.stm32cube.ide.mpu.remote.serial 1 1 2026-05-20 20:50:02.191
!MESSAGE port: COM11

!ENTRY com.st.stm32cube.ide.mpu.remote.serial 1 1 2026-05-20 20:50:02.192
!MESSAGE port: COM4

!ENTRY com.st.stm32cube.ide.mpu.remote.serial 1 1 2026-05-20 20:50:02.193
!MESSAGE port: COM8

!ENTRY com.st.stm32cube.ide.mpu.remote.serial 1 1 2026-05-20 20:50:02.194
!MESSAGE port: COM13

!ENTRY com.st.stm32cube.ide.mpu.remote.serial 1 1 2026-05-20 20:50:02.194
!MESSAGE port: COM12

!ENTRY com.st.stm32cube.ide.mpu.remote.serial 1 1 2026-05-20 20:50:30.703
!MESSAGE Executed PowerShell command powershell.exe -Command "Get-CimInstance -ClassName Win32_SerialPort | Select-Object -ExpandProperty DeviceID":
COM7
COM6
COM15
COM16
COM14
COM11
COM4
COM8
COM13
COM12


!ENTRY com.st.stm32cube.ide.mpu.remote.serial 1 1 2026-05-20 20:50:30.704
!MESSAGE port: COM7

!ENTRY com.st.stm32cube.ide.mpu.remote.serial 1 1 2026-05-20 20:50:30.705
!MESSAGE port: COM6

!ENTRY com.st.stm32cube.ide.mpu.remote.serial 1 1 2026-05-20 20:50:30.706
!MESSAGE port: COM15

!ENTRY com.st.stm32cube.ide.mpu.remote.serial 1 1 2026-05-20 20:50:30.706
!MESSAGE port: COM16

!ENTRY com.st.stm32cube.ide.mpu.remote.serial 1 1 2026-05-20 20:50:30.707
!MESSAGE port: COM14

!ENTRY com.st.stm32cube.ide.mpu.remote.serial 1 1 2026-05-20 20:50:30.708
!MESSAGE port: COM11

!ENTRY com.st.stm32cube.ide.mpu.remote.serial 1 1 2026-05-20 20:50:30.709
!MESSAGE port: COM4

!ENTRY com.st.stm32cube.ide.mpu.remote.serial 1 1 2026-05-20 20:50:30.710
!MESSAGE port: COM8

!ENTRY com.st.stm32cube.ide.mpu.remote.serial 1 1 2026-05-20 20:50:30.711
!MESSAGE port: COM13

!ENTRY com.st.stm32cube.ide.mpu.remote.serial 1 1 2026-05-20 20:50:30.711
!MESSAGE port: COM12

!ENTRY com.st.stm32cube.ide.mpu.remote.serial 1 1 2026-05-20 20:51:04.357
!MESSAGE Executed PowerShell command powershell.exe -Command "Get-CimInstance -ClassName Win32_SerialPort | Select-Object -ExpandProperty DeviceID":
COM7
COM6
COM15
COM16
COM14
COM11
COM4
COM8
COM13
COM12


!ENTRY com.st.stm32cube.ide.mpu.remote.serial 1 1 2026-05-20 20:51:04.358
!MESSAGE port: COM7

!ENTRY com.st.stm32cube.ide.mpu.remote.serial 1 1 2026-05-20 20:51:04.359
!MESSAGE port: COM6

!ENTRY com.st.stm32cube.ide.mpu.remote.serial 1 1 2026-05-20 20:51:04.359
!MESSAGE port: COM15

!ENTRY com.st.stm32cube.ide.mpu.remote.serial 1 1 2026-05-20 20:51:04.360
!MESSAGE port: COM16

!ENTRY com.st.stm32cube.ide.mpu.remote.serial 1 1 2026-05-20 20:51:04.360
!MESSAGE port: COM14

!ENTRY com.st.stm32cube.ide.mpu.remote.serial 1 1 2026-05-20 20:51:04.361
!MESSAGE port: COM11

!ENTRY com.st.stm32cube.ide.mpu.remote.serial 1 1 2026-05-20 20:51:04.362
!MESSAGE port: COM4

!ENTRY com.st.stm32cube.ide.mpu.remote.serial 1 1 2026-05-20 20:51:04.362
!MESSAGE port: COM8

!ENTRY com.st.stm32cube.ide.mpu.remote.serial 1 1 2026-05-20 20:51:04.363
!MESSAGE port: COM13

!ENTRY com.st.stm32cube.ide.mpu.remote.serial 1 1 2026-05-20 20:51:04.364
!MESSAGE port: COM12

!ENTRY com.st.stm32cube.ide.mpu.remote.serial 1 1 2026-05-20 20:51:32.546
!MESSAGE Executed PowerShell command powershell.exe -Command "Get-CimInstance -ClassName Win32_SerialPort | Select-Object -ExpandProperty DeviceID":
COM7
COM6
COM15
COM16
COM14
COM11
COM4
COM8
COM13
COM12


!ENTRY com.st.stm32cube.ide.mpu.remote.serial 1 1 2026-05-20 20:51:32.547
!MESSAGE port: COM7

!ENTRY com.st.stm32cube.ide.mpu.remote.serial 1 1 2026-05-20 20:51:32.547
!MESSAGE port: COM6

!ENTRY com.st.stm32cube.ide.mpu.remote.serial 1 1 2026-05-20 20:51:32.548
!MESSAGE port: COM15

!ENTRY com.st.stm32cube.ide.mpu.remote.serial 1 1 2026-05-20 20:51:32.549
!MESSAGE port: COM16

!ENTRY com.st.stm32cube.ide.mpu.remote.serial 1 1 2026-05-20 20:51:32.549
!MESSAGE port: COM14

!ENTRY com.st.stm32cube.ide.mpu.remote.serial 1 1 2026-05-20 20:51:32.552
!MESSAGE port: COM11

!ENTRY com.st.stm32cube.ide.mpu.remote.serial 1 1 2026-05-20 20:51:32.553
!MESSAGE port: COM4

!ENTRY com.st.stm32cube.ide.mpu.remote.serial 1 1 2026-05-20 20:51:32.554
!MESSAGE port: COM8

!ENTRY com.st.stm32cube.ide.mpu.remote.serial 1 1 2026-05-20 20:51:32.554
!MESSAGE port: COM13

!ENTRY com.st.stm32cube.ide.mpu.remote.serial 1 1 2026-05-20 20:51:32.555
!MESSAGE port: COM12

!ENTRY com.st.stm32cube.ide.mpu.remote.serial 1 1 2026-05-20 20:52:01.061
!MESSAGE Executed PowerShell command powershell.exe -Command "Get-CimInstance -ClassName Win32_SerialPort | Select-Object -ExpandProperty DeviceID":
COM7
COM6
COM15
COM16
COM14
COM11
COM4
COM8
COM13
COM12


!ENTRY com.st.stm32cube.ide.mpu.remote.serial 1 1 2026-05-20 20:52:01.061
!MESSAGE port: COM7

!ENTRY com.st.stm32cube.ide.mpu.remote.serial 1 1 2026-05-20 20:52:01.062
!MESSAGE port: COM6

!ENTRY com.st.stm32cube.ide.mpu.remote.serial 1 1 2026-05-20 20:52:01.063
!MESSAGE port: COM15

!ENTRY com.st.stm32cube.ide.mpu.remote.serial 1 1 2026-05-20 20:52:01.063
!MESSAGE port: COM16

!ENTRY com.st.stm32cube.ide.mpu.remote.serial 1 1 2026-05-20 20:52:01.064
!MESSAGE port: COM14

!ENTRY com.st.stm32cube.ide.mpu.remote.serial 1 1 2026-05-20 20:52:01.065
!MESSAGE port: COM11

!ENTRY com.st.stm32cube.ide.mpu.remote.serial 1 1 2026-05-20 20:52:01.066
!MESSAGE port: COM4

!ENTRY com.st.stm32cube.ide.mpu.remote.serial 1 1 2026-05-20 20:52:01.067
!MESSAGE port: COM8

!ENTRY com.st.stm32cube.ide.mpu.remote.serial 1 1 2026-05-20 20:52:01.068
!MESSAGE port: COM13

!ENTRY com.st.stm32cube.ide.mpu.remote.serial 1 1 2026-05-20 20:52:01.069
!MESSAGE port: COM12

!ENTRY com.st.stm32cube.ide.mpu.remote.serial 1 1 2026-05-20 20:52:54.366
!MESSAGE Executed PowerShell command powershell.exe -Command "Get-CimInstance -ClassName Win32_SerialPort | Select-Object -ExpandProperty DeviceID":
COM7
COM6
COM15
COM16
COM14
COM11
COM4
COM8
COM13
COM12


!ENTRY com.st.stm32cube.ide.mpu.remote.serial 1 1 2026-05-20 20:52:54.367
!MESSAGE port: COM7

!ENTRY com.st.stm32cube.ide.mpu.remote.serial 1 1 2026-05-20 20:52:54.368
!MESSAGE port: COM6

!ENTRY com.st.stm32cube.ide.mpu.remote.serial 1 1 2026-05-20 20:52:54.368
!MESSAGE port: COM15

!ENTRY com.st.stm32cube.ide.mpu.remote.serial 1 1 2026-05-20 20:52:54.369
!MESSAGE port: COM16

!ENTRY com.st.stm32cube.ide.mpu.remote.serial 1 1 2026-05-20 20:52:54.370
!MESSAGE port: COM14

!ENTRY com.st.stm32cube.ide.mpu.remote.serial 1 1 2026-05-20 20:52:54.370
!MESSAGE port: COM11

!ENTRY com.st.stm32cube.ide.mpu.remote.serial 1 1 2026-05-20 20:52:54.371
!MESSAGE port: COM4

!ENTRY com.st.stm32cube.ide.mpu.remote.serial 1 1 2026-05-20 20:52:54.372
!MESSAGE port: COM8

!ENTRY com.st.stm32cube.ide.mpu.remote.serial 1 1 2026-05-20 20:52:54.373
!MESSAGE port: COM13

!ENTRY com.st.stm32cube.ide.mpu.remote.serial 1 1 2026-05-20 20:52:54.373
!MESSAGE port: COM12

!ENTRY com.st.stm32cube.ide.mpu.remote.serial 1 1 2026-05-20 20:54:37.989
!MESSAGE Executed PowerShell command powershell.exe -Command "Get-CimInstance -ClassName Win32_SerialPort | Select-Object -ExpandProperty DeviceID":
COM7
COM6
COM15
COM16
COM14
COM11
COM4
COM8
COM13
COM12


!ENTRY com.st.stm32cube.ide.mpu.remote.serial 1 1 2026-05-20 20:54:37.990
!MESSAGE port: COM7

!ENTRY com.st.stm32cube.ide.mpu.remote.serial 1 1 2026-05-20 20:54:37.990
!MESSAGE port: COM6

!ENTRY com.st.stm32cube.ide.mpu.remote.serial 1 1 2026-05-20 20:54:37.991
!MESSAGE port: COM15

!ENTRY com.st.stm32cube.ide.mpu.remote.serial 1 1 2026-05-20 20:54:37.991
!MESSAGE port: COM16

!ENTRY com.st.stm32cube.ide.mpu.remote.serial 1 1 2026-05-20 20:54:37.992
!MESSAGE port: COM14

!ENTRY com.st.stm32cube.ide.mpu.remote.serial 1 1 2026-05-20 20:54:37.993
!MESSAGE port: COM11

!ENTRY com.st.stm32cube.ide.mpu.remote.serial 1 1 2026-05-20 20:54:37.994
!MESSAGE port: COM4

!ENTRY com.st.stm32cube.ide.mpu.remote.serial 1 1 2026-05-20 20:54:37.994
!MESSAGE port: COM8

!ENTRY com.st.stm32cube.ide.mpu.remote.serial 1 1 2026-05-20 20:54:37.995
!MESSAGE port: COM13

!ENTRY com.st.stm32cube.ide.mpu.remote.serial 1 1 2026-05-20 20:54:37.996
!MESSAGE port: COM12

!ENTRY com.st.stm32cube.ide.mpu.remote.serial 1 1 2026-05-20 20:55:06.567
!MESSAGE Executed PowerShell command powershell.exe -Command "Get-CimInstance -ClassName Win32_SerialPort | Select-Object -ExpandProperty DeviceID":
COM7
COM6
COM15
COM16
COM14
COM11
COM4
COM8
COM13
COM12


!ENTRY com.st.stm32cube.ide.mpu.remote.serial 1 1 2026-05-20 20:55:06.568
!MESSAGE port: COM7

!ENTRY com.st.stm32cube.ide.mpu.remote.serial 1 1 2026-05-20 20:55:06.569
!MESSAGE port: COM6

!ENTRY com.st.stm32cube.ide.mpu.remote.serial 1 1 2026-05-20 20:55:06.569
!MESSAGE port: COM15

!ENTRY com.st.stm32cube.ide.mpu.remote.serial 1 1 2026-05-20 20:55:06.570
!MESSAGE port: COM16

!ENTRY com.st.stm32cube.ide.mpu.remote.serial 1 1 2026-05-20 20:55:06.571
!MESSAGE port: COM14

!ENTRY com.st.stm32cube.ide.mpu.remote.serial 1 1 2026-05-20 20:55:06.572
!MESSAGE port: COM11

!ENTRY com.st.stm32cube.ide.mpu.remote.serial 1 1 2026-05-20 20:55:06.572
!MESSAGE port: COM4

!ENTRY com.st.stm32cube.ide.mpu.remote.serial 1 1 2026-05-20 20:55:06.573
!MESSAGE port: COM8

!ENTRY com.st.stm32cube.ide.mpu.remote.serial 1 1 2026-05-20 20:55:06.574
!MESSAGE port: COM13

!ENTRY com.st.stm32cube.ide.mpu.remote.serial 1 1 2026-05-20 20:55:06.574
!MESSAGE port: COM12

!ENTRY com.st.stm32cube.ide.mpu.remote.serial 1 1 2026-05-20 20:55:34.957
!MESSAGE Executed PowerShell command powershell.exe -Command "Get-CimInstance -ClassName Win32_SerialPort | Select-Object -ExpandProperty DeviceID":
COM7
COM6
COM15
COM16
COM14
COM11
COM4
COM8
COM13
COM12


!ENTRY com.st.stm32cube.ide.mpu.remote.serial 1 1 2026-05-20 20:55:34.957
!MESSAGE port: COM7

!ENTRY com.st.stm32cube.ide.mpu.remote.serial 1 1 2026-05-20 20:55:34.957
!MESSAGE port: COM6

!ENTRY com.st.stm32cube.ide.mpu.remote.serial 1 1 2026-05-20 20:55:34.957
!MESSAGE port: COM15

!ENTRY com.st.stm32cube.ide.mpu.remote.serial 1 1 2026-05-20 20:55:34.962
!MESSAGE port: COM16

!ENTRY com.st.stm32cube.ide.mpu.remote.serial 1 1 2026-05-20 20:55:34.962
!MESSAGE port: COM14

!ENTRY com.st.stm32cube.ide.mpu.remote.serial 1 1 2026-05-20 20:55:34.962
!MESSAGE port: COM11

!ENTRY com.st.stm32cube.ide.mpu.remote.serial 1 1 2026-05-20 20:55:34.964
!MESSAGE port: COM4

!ENTRY com.st.stm32cube.ide.mpu.remote.serial 1 1 2026-05-20 20:55:34.964
!MESSAGE port: COM8

!ENTRY com.st.stm32cube.ide.mpu.remote.serial 1 1 2026-05-20 20:55:34.964
!MESSAGE port: COM13

!ENTRY com.st.stm32cube.ide.mpu.remote.serial 1 1 2026-05-20 20:55:34.965
!MESSAGE port: COM12

!ENTRY com.st.stm32cube.ide.mpu.remote.serial 1 1 2026-05-20 20:58:58.564
!MESSAGE Executed PowerShell command powershell.exe -Command "Get-CimInstance -ClassName Win32_SerialPort | Select-Object -ExpandProperty DeviceID":
COM7
COM6
COM15
COM16
COM14
COM11
COM4
COM8
COM13
COM12


!ENTRY com.st.stm32cube.ide.mpu.remote.serial 1 1 2026-05-20 20:58:58.565
!MESSAGE port: COM7

!ENTRY com.st.stm32cube.ide.mpu.remote.serial 1 1 2026-05-20 20:58:58.566
!MESSAGE port: COM6

!ENTRY com.st.stm32cube.ide.mpu.remote.serial 1 1 2026-05-20 20:58:58.566
!MESSAGE port: COM15

!ENTRY com.st.stm32cube.ide.mpu.remote.serial 1 1 2026-05-20 20:58:58.567
!MESSAGE port: COM16

!ENTRY com.st.stm32cube.ide.mpu.remote.serial 1 1 2026-05-20 20:58:58.568
!MESSAGE port: COM14

!ENTRY com.st.stm32cube.ide.mpu.remote.serial 1 1 2026-05-20 20:58:58.568
!MESSAGE port: COM11

!ENTRY com.st.stm32cube.ide.mpu.remote.serial 1 1 2026-05-20 20:58:58.569
!MESSAGE port: COM4

!ENTRY com.st.stm32cube.ide.mpu.remote.serial 1 1 2026-05-20 20:58:58.570
!MESSAGE port: COM8

!ENTRY com.st.stm32cube.ide.mpu.remote.serial 1 1 2026-05-20 20:58:58.571
!MESSAGE port: COM13

!ENTRY com.st.stm32cube.ide.mpu.remote.serial 1 1 2026-05-20 20:58:58.571
!MESSAGE port: COM12

!ENTRY com.st.stm32cube.ide.mpu.remote.serial 1 1 2026-05-20 20:59:32.982
!MESSAGE Executed PowerShell command powershell.exe -Command "Get-CimInstance -ClassName Win32_SerialPort | Select-Object -ExpandProperty DeviceID":
COM7
COM6
COM15
COM16
COM14
COM11
COM4
COM8
COM13
COM12


!ENTRY com.st.stm32cube.ide.mpu.remote.serial 1 1 2026-05-20 20:59:32.983
!MESSAGE port: COM7

!ENTRY com.st.stm32cube.ide.mpu.remote.serial 1 1 2026-05-20 20:59:32.984
!MESSAGE port: COM6

!ENTRY com.st.stm32cube.ide.mpu.remote.serial 1 1 2026-05-20 20:59:32.984
!MESSAGE port: COM15

!ENTRY com.st.stm32cube.ide.mpu.remote.serial 1 1 2026-05-20 20:59:32.985
!MESSAGE port: COM16

!ENTRY com.st.stm32cube.ide.mpu.remote.serial 1 1 2026-05-20 20:59:32.985
!MESSAGE port: COM14

!ENTRY com.st.stm32cube.ide.mpu.remote.serial 1 1 2026-05-20 20:59:32.986
!MESSAGE port: COM11

!ENTRY com.st.stm32cube.ide.mpu.remote.serial 1 1 2026-05-20 20:59:32.987
!MESSAGE port: COM4

!ENTRY com.st.stm32cube.ide.mpu.remote.serial 1 1 2026-05-20 20:59:32.988
!MESSAGE port: COM8

!ENTRY com.st.stm32cube.ide.mpu.remote.serial 1 1 2026-05-20 20:59:32.988
!MESSAGE port: COM13

!ENTRY com.st.stm32cube.ide.mpu.remote.serial 1 1 2026-05-20 20:59:32.988
!MESSAGE port: COM12

!ENTRY com.st.stm32cube.ide.mpu.remote.serial 1 1 2026-05-20 21:01:54.248
!MESSAGE Executed PowerShell command powershell.exe -Command "Get-CimInstance -ClassName Win32_SerialPort | Select-Object -ExpandProperty DeviceID":
COM7
COM6
COM15
COM16
COM14
COM11
COM4
COM8
COM13
COM12


!ENTRY com.st.stm32cube.ide.mpu.remote.serial 1 1 2026-05-20 21:01:54.249
!MESSAGE port: COM7

!ENTRY com.st.stm32cube.ide.mpu.remote.serial 1 1 2026-05-20 21:01:54.250
!MESSAGE port: COM6

!ENTRY com.st.stm32cube.ide.mpu.remote.serial 1 1 2026-05-20 21:01:54.251
!MESSAGE port: COM15

!ENTRY com.st.stm32cube.ide.mpu.remote.serial 1 1 2026-05-20 21:01:54.252
!MESSAGE port: COM16

!ENTRY com.st.stm32cube.ide.mpu.remote.serial 1 1 2026-05-20 21:01:54.253
!MESSAGE port: COM14

!ENTRY com.st.stm32cube.ide.mpu.remote.serial 1 1 2026-05-20 21:01:54.253
!MESSAGE port: COM11

!ENTRY com.st.stm32cube.ide.mpu.remote.serial 1 1 2026-05-20 21:01:54.254
!MESSAGE port: COM4

!ENTRY com.st.stm32cube.ide.mpu.remote.serial 1 1 2026-05-20 21:01:54.255
!MESSAGE port: COM8

!ENTRY com.st.stm32cube.ide.mpu.remote.serial 1 1 2026-05-20 21:01:54.256
!MESSAGE port: COM13

!ENTRY com.st.stm32cube.ide.mpu.remote.serial 1 1 2026-05-20 21:01:54.257
!MESSAGE port: COM12

!ENTRY com.st.stm32cube.ide.mpu.remote.serial 1 1 2026-05-20 21:02:50.992
!MESSAGE Executed PowerShell command powershell.exe -Command "Get-CimInstance -ClassName Win32_SerialPort | Select-Object -ExpandProperty DeviceID":
COM7
COM6
COM15
COM16
COM14
COM11
COM4
COM8
COM13
COM12


!ENTRY com.st.stm32cube.ide.mpu.remote.serial 1 1 2026-05-20 21:02:50.993
!MESSAGE port: COM7

!ENTRY com.st.stm32cube.ide.mpu.remote.serial 1 1 2026-05-20 21:02:50.994
!MESSAGE port: COM6

!ENTRY com.st.stm32cube.ide.mpu.remote.serial 1 1 2026-05-20 21:02:50.994
!MESSAGE port: COM15

!ENTRY com.st.stm32cube.ide.mpu.remote.serial 1 1 2026-05-20 21:02:50.995
!MESSAGE port: COM16

!ENTRY com.st.stm32cube.ide.mpu.remote.serial 1 1 2026-05-20 21:02:50.996
!MESSAGE port: COM14

!ENTRY com.st.stm32cube.ide.mpu.remote.serial 1 1 2026-05-20 21:02:50.996
!MESSAGE port: COM11

!ENTRY com.st.stm32cube.ide.mpu.remote.serial 1 1 2026-05-20 21:02:50.997
!MESSAGE port: COM4

!ENTRY com.st.stm32cube.ide.mpu.remote.serial 1 1 2026-05-20 21:02:50.998
!MESSAGE port: COM8

!ENTRY com.st.stm32cube.ide.mpu.remote.serial 1 1 2026-05-20 21:02:50.999
!MESSAGE port: COM13

!ENTRY com.st.stm32cube.ide.mpu.remote.serial 1 1 2026-05-20 21:02:51.000
!MESSAGE port: COM12
!SESSION 2026-05-21 00:05:23.677 -----------------------------------------------
eclipse.buildId=Version 2.1.1
java.version=21.0.9
java.vendor=Eclipse Adoptium
BootLoader constants: OS=win32, ARCH=x86_64, WS=win32, NL=es_AR
Command-line arguments:  -os win32 -ws win32 -arch x86_64

!ENTRY com.st.stm32cube.ide.mcu.informationcenter 1 1 2026-05-21 00:05:46.236
!MESSAGE Log4j2 initialized with config file C:\Users\franc\STM32CubeIDE\workspace_2.1.2\.metadata\.log4j2.xml

!ENTRY com.st.stm32cube.ide.mcu.ide 1 1 2026-05-21 00:06:12.884
!MESSAGE Started RMI Server, listening on port 41337

!ENTRY com.st.stm32cube.ide.mpu.remote.serial 1 1 2026-05-21 00:06:46.224
!MESSAGE Executed PowerShell command powershell.exe -Command "Get-CimInstance -ClassName Win32_SerialPort | Select-Object -ExpandProperty DeviceID":
COM7
COM6
COM15
COM16
COM14
COM11
COM4
COM8
COM13
COM12


!ENTRY com.st.stm32cube.ide.mpu.remote.serial 1 1 2026-05-21 00:06:46.226
!MESSAGE port: COM7

!ENTRY com.st.stm32cube.ide.mpu.remote.serial 1 1 2026-05-21 00:06:46.227
!MESSAGE port: COM6

!ENTRY com.st.stm32cube.ide.mpu.remote.serial 1 1 2026-05-21 00:06:46.228
!MESSAGE port: COM15

!ENTRY com.st.stm32cube.ide.mpu.remote.serial 1 1 2026-05-21 00:06:46.229
!MESSAGE port: COM16

!ENTRY com.st.stm32cube.ide.mpu.remote.serial 1 1 2026-05-21 00:06:46.231
!MESSAGE port: COM14

!ENTRY com.st.stm32cube.ide.mpu.remote.serial 1 1 2026-05-21 00:06:46.232
!MESSAGE port: COM11

!ENTRY com.st.stm32cube.ide.mpu.remote.serial 1 1 2026-05-21 00:06:46.233
!MESSAGE port: COM4

!ENTRY com.st.stm32cube.ide.mpu.remote.serial 1 1 2026-05-21 00:06:46.234
!MESSAGE port: COM8

!ENTRY com.st.stm32cube.ide.mpu.remote.serial 1 1 2026-05-21 00:06:46.235
!MESSAGE port: COM13

!ENTRY com.st.stm32cube.ide.mpu.remote.serial 1 1 2026-05-21 00:06:46.236
!MESSAGE port: COM12

!ENTRY com.st.stm32cube.ide.mpu.remote.serial 1 1 2026-05-21 00:07:15.305
!MESSAGE Executed PowerShell command powershell.exe -Command "Get-CimInstance -ClassName Win32_SerialPort | Select-Object -ExpandProperty DeviceID":
COM7
COM6
COM15
COM16
COM14
COM11
COM4
COM8
COM13
COM12


!ENTRY com.st.stm32cube.ide.mpu.remote.serial 1 1 2026-05-21 00:07:15.307
!MESSAGE port: COM7

!ENTRY com.st.stm32cube.ide.mpu.remote.serial 1 1 2026-05-21 00:07:15.310
!MESSAGE port: COM6

!ENTRY com.st.stm32cube.ide.mpu.remote.serial 1 1 2026-05-21 00:07:15.311
!MESSAGE port: COM15

!ENTRY com.st.stm32cube.ide.mpu.remote.serial 1 1 2026-05-21 00:07:15.312
!MESSAGE port: COM16

!ENTRY com.st.stm32cube.ide.mpu.remote.serial 1 1 2026-05-21 00:07:15.314
!MESSAGE port: COM14

!ENTRY com.st.stm32cube.ide.mpu.remote.serial 1 1 2026-05-21 00:07:15.315
!MESSAGE port: COM11

!ENTRY com.st.stm32cube.ide.mpu.remote.serial 1 1 2026-05-21 00:07:15.316
!MESSAGE port: COM4

!ENTRY com.st.stm32cube.ide.mpu.remote.serial 1 1 2026-05-21 00:07:15.317
!MESSAGE port: COM8

!ENTRY com.st.stm32cube.ide.mpu.remote.serial 1 1 2026-05-21 00:07:15.318
!MESSAGE port: COM13

!ENTRY com.st.stm32cube.ide.mpu.remote.serial 1 1 2026-05-21 00:07:15.319
!MESSAGE port: COM12

!ENTRY com.st.stm32cube.ide.mpu.remote.serial 1 1 2026-05-21 00:08:01.741
!MESSAGE Executed PowerShell command powershell.exe -Command "Get-CimInstance -ClassName Win32_SerialPort | Select-Object -ExpandProperty DeviceID":
COM7
COM6
COM15
COM16
COM14
COM11
COM4
COM8
COM13
COM12


!ENTRY com.st.stm32cube.ide.mpu.remote.serial 1 1 2026-05-21 00:08:01.742
!MESSAGE port: COM7

!ENTRY com.st.stm32cube.ide.mpu.remote.serial 1 1 2026-05-21 00:08:01.743
!MESSAGE port: COM6

!ENTRY com.st.stm32cube.ide.mpu.remote.serial 1 1 2026-05-21 00:08:01.744
!MESSAGE port: COM15

!ENTRY com.st.stm32cube.ide.mpu.remote.serial 1 1 2026-05-21 00:08:01.745
!MESSAGE port: COM16

!ENTRY com.st.stm32cube.ide.mpu.remote.serial 1 1 2026-05-21 00:08:01.747
!MESSAGE port: COM14

!ENTRY com.st.stm32cube.ide.mpu.remote.serial 1 1 2026-05-21 00:08:01.748
!MESSAGE port: COM11

!ENTRY com.st.stm32cube.ide.mpu.remote.serial 1 1 2026-05-21 00:08:01.748
!MESSAGE port: COM4

!ENTRY com.st.stm32cube.ide.mpu.remote.serial 1 1 2026-05-21 00:08:01.749
!MESSAGE port: COM8

!ENTRY com.st.stm32cube.ide.mpu.remote.serial 1 1 2026-05-21 00:08:01.750
!MESSAGE port: COM13

!ENTRY com.st.stm32cube.ide.mpu.remote.serial 1 1 2026-05-21 00:08:01.751
!MESSAGE port: COM12

!ENTRY com.st.stm32cube.ide.mpu.remote.serial 1 1 2026-05-21 00:09:36.650
!MESSAGE Executed PowerShell command powershell.exe -Command "Get-CimInstance -ClassName Win32_SerialPort | Select-Object -ExpandProperty DeviceID":
COM7
COM6
COM15
COM16
COM14
COM11
COM4
COM8
COM13
COM12


!ENTRY com.st.stm32cube.ide.mpu.remote.serial 1 1 2026-05-21 00:09:36.651
!MESSAGE port: COM7

!ENTRY com.st.stm32cube.ide.mpu.remote.serial 1 1 2026-05-21 00:09:36.652
!MESSAGE port: COM6

!ENTRY com.st.stm32cube.ide.mpu.remote.serial 1 1 2026-05-21 00:09:36.653
!MESSAGE port: COM15

!ENTRY com.st.stm32cube.ide.mpu.remote.serial 1 1 2026-05-21 00:09:36.654
!MESSAGE port: COM16

!ENTRY com.st.stm32cube.ide.mpu.remote.serial 1 1 2026-05-21 00:09:36.655
!MESSAGE port: COM14

!ENTRY com.st.stm32cube.ide.mpu.remote.serial 1 1 2026-05-21 00:09:36.656
!MESSAGE port: COM11

!ENTRY com.st.stm32cube.ide.mpu.remote.serial 1 1 2026-05-21 00:09:36.657
!MESSAGE port: COM4

!ENTRY com.st.stm32cube.ide.mpu.remote.serial 1 1 2026-05-21 00:09:36.658
!MESSAGE port: COM8

!ENTRY com.st.stm32cube.ide.mpu.remote.serial 1 1 2026-05-21 00:09:36.658
!MESSAGE port: COM13

!ENTRY com.st.stm32cube.ide.mpu.remote.serial 1 1 2026-05-21 00:09:36.659
!MESSAGE port: COM12

!ENTRY com.st.stm32cube.ide.mpu.remote.serial 1 1 2026-05-21 00:10:05.170
!MESSAGE Executed PowerShell command powershell.exe -Command "Get-CimInstance -ClassName Win32_SerialPort | Select-Object -ExpandProperty DeviceID":
COM7
COM6
COM15
COM16
COM14
COM11
COM4
COM8
COM13
COM12


!ENTRY com.st.stm32cube.ide.mpu.remote.serial 1 1 2026-05-21 00:10:05.170
!MESSAGE port: COM7

!ENTRY com.st.stm32cube.ide.mpu.remote.serial 1 1 2026-05-21 00:10:05.173
!MESSAGE port: COM6

!ENTRY com.st.stm32cube.ide.mpu.remote.serial 1 1 2026-05-21 00:10:05.173
!MESSAGE port: COM15

!ENTRY com.st.stm32cube.ide.mpu.remote.serial 1 1 2026-05-21 00:10:05.174
!MESSAGE port: COM16

!ENTRY com.st.stm32cube.ide.mpu.remote.serial 1 1 2026-05-21 00:10:05.175
!MESSAGE port: COM14

!ENTRY com.st.stm32cube.ide.mpu.remote.serial 1 1 2026-05-21 00:10:05.176
!MESSAGE port: COM11

!ENTRY com.st.stm32cube.ide.mpu.remote.serial 1 1 2026-05-21 00:10:05.176
!MESSAGE port: COM4

!ENTRY com.st.stm32cube.ide.mpu.remote.serial 1 1 2026-05-21 00:10:05.177
!MESSAGE port: COM8

!ENTRY com.st.stm32cube.ide.mpu.remote.serial 1 1 2026-05-21 00:10:05.178
!MESSAGE port: COM13

!ENTRY com.st.stm32cube.ide.mpu.remote.serial 1 1 2026-05-21 00:10:05.178
!MESSAGE port: COM12
!SESSION 2026-05-21 12:13:27.517 -----------------------------------------------
eclipse.buildId=Version 2.1.1
java.version=21.0.9
java.vendor=Eclipse Adoptium
BootLoader constants: OS=win32, ARCH=x86_64, WS=win32, NL=es_AR
Command-line arguments:  -os win32 -ws win32 -arch x86_64

!ENTRY com.st.stm32cube.ide.mcu.informationcenter 1 1 2026-05-21 12:13:41.072
!MESSAGE Log4j2 initialized with config file C:\Users\franc\STM32CubeIDE\workspace_2.1.2\.metadata\.log4j2.xml

!ENTRY com.st.stm32cube.ide.mcu.ide 1 1 2026-05-21 12:13:59.168
!MESSAGE Started RMI Server, listening on port 41337

!ENTRY com.st.stm32cube.ide.mpu.remote.serial 1 1 2026-05-21 12:14:31.954
!MESSAGE Executed PowerShell command powershell.exe -Command "Get-CimInstance -ClassName Win32_SerialPort | Select-Object -ExpandProperty DeviceID":
COM7
COM6
COM15
COM16
COM14
COM4
COM8
COM13
COM12
COM11


!ENTRY com.st.stm32cube.ide.mpu.remote.serial 1 1 2026-05-21 12:14:31.956
!MESSAGE port: COM7

!ENTRY com.st.stm32cube.ide.mpu.remote.serial 1 1 2026-05-21 12:14:31.957
!MESSAGE port: COM6

!ENTRY com.st.stm32cube.ide.mpu.remote.serial 1 1 2026-05-21 12:14:31.958
!MESSAGE port: COM15

!ENTRY com.st.stm32cube.ide.mpu.remote.serial 1 1 2026-05-21 12:14:31.959
!MESSAGE port: COM16

!ENTRY com.st.stm32cube.ide.mpu.remote.serial 1 1 2026-05-21 12:14:31.960
!MESSAGE port: COM14

!ENTRY com.st.stm32cube.ide.mpu.remote.serial 1 1 2026-05-21 12:14:31.961
!MESSAGE port: COM4

!ENTRY com.st.stm32cube.ide.mpu.remote.serial 1 1 2026-05-21 12:14:31.962
!MESSAGE port: COM8

!ENTRY com.st.stm32cube.ide.mpu.remote.serial 1 1 2026-05-21 12:14:31.963
!MESSAGE port: COM13

!ENTRY com.st.stm32cube.ide.mpu.remote.serial 1 1 2026-05-21 12:14:31.964
!MESSAGE port: COM12

!ENTRY com.st.stm32cube.ide.mpu.remote.serial 1 1 2026-05-21 12:14:31.965
!MESSAGE port: COM11

!ENTRY org.eclipse.ui 4 0 2026-05-21 12:20:08.587
!MESSAGE Unhandled event loop exception
!STACK 0
java.lang.NullPointerException: Cannot invoke "org.eclipse.swt.widgets.Shell.setVisible(boolean)" because the return value of "org.eclipse.ui.internal.findandreplace.overlay.FindReplaceOverlay.getShell()" is null
	at org.eclipse.ui.internal.findandreplace.overlay.FindReplaceOverlay.updatePlacementAndVisibility(FindReplaceOverlay.java:844)
	at org.eclipse.swt.widgets.RunnableLock.run(RunnableLock.java:40)
	at org.eclipse.swt.widgets.Synchronizer.runAsyncMessages(Synchronizer.java:132)
	at org.eclipse.swt.widgets.Display.runAsyncMessages(Display.java:4099)
	at org.eclipse.swt.widgets.Display.readAndDispatch(Display.java:3715)
	at org.eclipse.e4.ui.internal.workbench.swt.PartRenderingEngine$5.run(PartRenderingEngine.java:1151)
	at org.eclipse.core.databinding.observable.Realm.runWithDefault(Realm.java:339)
	at org.eclipse.e4.ui.internal.workbench.swt.PartRenderingEngine.run(PartRenderingEngine.java:1042)
	at org.eclipse.e4.ui.internal.workbench.E4Workbench.createAndRunUI(E4Workbench.java:153)
	at org.eclipse.ui.internal.Workbench.lambda$3(Workbench.java:639)
	at org.eclipse.core.databinding.observable.Realm.runWithDefault(Realm.java:339)
	at org.eclipse.ui.internal.Workbench.createAndRunWorkbench(Workbench.java:546)
	at org.eclipse.ui.PlatformUI.createAndRunWorkbench(PlatformUI.java:173)
	at org.eclipse.ui.internal.ide.application.IDEApplication.start(IDEApplication.java:152)
	at org.eclipse.equinox.internal.app.EclipseAppHandle.run(EclipseAppHandle.java:208)
	at org.eclipse.core.runtime.internal.adaptor.EclipseAppLauncher.runApplication(EclipseAppLauncher.java:143)
	at org.eclipse.core.runtime.internal.adaptor.EclipseAppLauncher.start(EclipseAppLauncher.java:109)
	at org.eclipse.core.runtime.adaptor.EclipseStarter.run(EclipseStarter.java:439)
	at org.eclipse.core.runtime.adaptor.EclipseStarter.run(EclipseStarter.java:271)
	at java.base/jdk.internal.reflect.DirectMethodHandleAccessor.invoke(DirectMethodHandleAccessor.java:103)
	at java.base/java.lang.reflect.Method.invoke(Method.java:580)
	at org.eclipse.equinox.launcher.Main.invokeFramework(Main.java:668)
	at org.eclipse.equinox.launcher.Main.basicRun(Main.java:605)
	at org.eclipse.equinox.launcher.Main.run(Main.java:1481)

!ENTRY com.st.stm32cube.ide.mpu.remote.serial 1 1 2026-05-21 12:22:51.944
!MESSAGE Executed PowerShell command powershell.exe -Command "Get-CimInstance -ClassName Win32_SerialPort | Select-Object -ExpandProperty DeviceID":
COM7
COM6
COM15
COM16
COM14
COM4
COM8
COM13
COM12
COM11


!ENTRY com.st.stm32cube.ide.mpu.remote.serial 1 1 2026-05-21 12:22:51.944
!MESSAGE port: COM7

!ENTRY com.st.stm32cube.ide.mpu.remote.serial 1 1 2026-05-21 12:22:51.946
!MESSAGE port: COM6

!ENTRY com.st.stm32cube.ide.mpu.remote.serial 1 1 2026-05-21 12:22:51.947
!MESSAGE port: COM15

!ENTRY com.st.stm32cube.ide.mpu.remote.serial 1 1 2026-05-21 12:22:51.947
!MESSAGE port: COM16

!ENTRY com.st.stm32cube.ide.mpu.remote.serial 1 1 2026-05-21 12:22:51.949
!MESSAGE port: COM14

!ENTRY com.st.stm32cube.ide.mpu.remote.serial 1 1 2026-05-21 12:22:51.951
!MESSAGE port: COM4

!ENTRY com.st.stm32cube.ide.mpu.remote.serial 1 1 2026-05-21 12:22:51.951
!MESSAGE port: COM8

!ENTRY com.st.stm32cube.ide.mpu.remote.serial 1 1 2026-05-21 12:22:51.952
!MESSAGE port: COM13

!ENTRY com.st.stm32cube.ide.mpu.remote.serial 1 1 2026-05-21 12:22:51.952
!MESSAGE port: COM12

!ENTRY com.st.stm32cube.ide.mpu.remote.serial 1 1 2026-05-21 12:22:51.954
!MESSAGE port: COM11

!ENTRY com.st.stm32cube.ide.mpu.remote.serial 1 1 2026-05-21 12:23:23.850
!MESSAGE Executed PowerShell command powershell.exe -Command "Get-CimInstance -ClassName Win32_SerialPort | Select-Object -ExpandProperty DeviceID":
COM7
COM6
COM15
COM16
COM14
COM4
COM8
COM13
COM12
COM11


!ENTRY com.st.stm32cube.ide.mpu.remote.serial 1 1 2026-05-21 12:23:23.853
!MESSAGE port: COM7

!ENTRY com.st.stm32cube.ide.mpu.remote.serial 1 1 2026-05-21 12:23:23.855
!MESSAGE port: COM6

!ENTRY com.st.stm32cube.ide.mpu.remote.serial 1 1 2026-05-21 12:23:23.857
!MESSAGE port: COM15

!ENTRY com.st.stm32cube.ide.mpu.remote.serial 1 1 2026-05-21 12:23:23.859
!MESSAGE port: COM16

!ENTRY com.st.stm32cube.ide.mpu.remote.serial 1 1 2026-05-21 12:23:23.861
!MESSAGE port: COM14

!ENTRY com.st.stm32cube.ide.mpu.remote.serial 1 1 2026-05-21 12:23:23.863
!MESSAGE port: COM4

!ENTRY com.st.stm32cube.ide.mpu.remote.serial 1 1 2026-05-21 12:23:23.865
!MESSAGE port: COM8

!ENTRY com.st.stm32cube.ide.mpu.remote.serial 1 1 2026-05-21 12:23:23.868
!MESSAGE port: COM13

!ENTRY com.st.stm32cube.ide.mpu.remote.serial 1 1 2026-05-21 12:23:23.870
!MESSAGE port: COM12

!ENTRY com.st.stm32cube.ide.mpu.remote.serial 1 1 2026-05-21 12:23:23.872
!MESSAGE port: COM11

!ENTRY com.st.stm32cube.ide.mpu.remote.serial 1 1 2026-05-21 12:23:52.708
!MESSAGE Executed PowerShell command powershell.exe -Command "Get-CimInstance -ClassName Win32_SerialPort | Select-Object -ExpandProperty DeviceID":
COM7
COM6
COM15
COM16
COM14
COM4
COM8
COM13
COM12
COM11


!ENTRY com.st.stm32cube.ide.mpu.remote.serial 1 1 2026-05-21 12:23:52.710
!MESSAGE port: COM7

!ENTRY com.st.stm32cube.ide.mpu.remote.serial 1 1 2026-05-21 12:23:52.712
!MESSAGE port: COM6

!ENTRY com.st.stm32cube.ide.mpu.remote.serial 1 1 2026-05-21 12:23:52.712
!MESSAGE port: COM15

!ENTRY com.st.stm32cube.ide.mpu.remote.serial 1 1 2026-05-21 12:23:52.714
!MESSAGE port: COM16

!ENTRY com.st.stm32cube.ide.mpu.remote.serial 1 1 2026-05-21 12:23:52.714
!MESSAGE port: COM14

!ENTRY com.st.stm32cube.ide.mpu.remote.serial 1 1 2026-05-21 12:23:52.716
!MESSAGE port: COM4

!ENTRY com.st.stm32cube.ide.mpu.remote.serial 1 1 2026-05-21 12:23:52.717
!MESSAGE port: COM8

!ENTRY com.st.stm32cube.ide.mpu.remote.serial 1 1 2026-05-21 12:23:52.719
!MESSAGE port: COM13

!ENTRY com.st.stm32cube.ide.mpu.remote.serial 1 1 2026-05-21 12:23:52.719
!MESSAGE port: COM12

!ENTRY com.st.stm32cube.ide.mpu.remote.serial 1 1 2026-05-21 12:23:52.719
!MESSAGE port: COM11

!ENTRY com.st.stm32cube.ide.mpu.remote.serial 1 1 2026-05-21 12:25:27.843
!MESSAGE Executed PowerShell command powershell.exe -Command "Get-CimInstance -ClassName Win32_SerialPort | Select-Object -ExpandProperty DeviceID":
COM7
COM6
COM15
COM16
COM14
COM4
COM8
COM13
COM12
COM11


!ENTRY com.st.stm32cube.ide.mpu.remote.serial 1 1 2026-05-21 12:25:27.845
!MESSAGE port: COM7

!ENTRY com.st.stm32cube.ide.mpu.remote.serial 1 1 2026-05-21 12:25:27.847
!MESSAGE port: COM6

!ENTRY com.st.stm32cube.ide.mpu.remote.serial 1 1 2026-05-21 12:25:27.847
!MESSAGE port: COM15

!ENTRY com.st.stm32cube.ide.mpu.remote.serial 1 1 2026-05-21 12:25:27.847
!MESSAGE port: COM16

!ENTRY com.st.stm32cube.ide.mpu.remote.serial 1 1 2026-05-21 12:25:27.847
!MESSAGE port: COM14

!ENTRY com.st.stm32cube.ide.mpu.remote.serial 1 1 2026-05-21 12:25:27.847
!MESSAGE port: COM4

!ENTRY com.st.stm32cube.ide.mpu.remote.serial 1 1 2026-05-21 12:25:27.851
!MESSAGE port: COM8

!ENTRY com.st.stm32cube.ide.mpu.remote.serial 1 1 2026-05-21 12:25:27.851
!MESSAGE port: COM13

!ENTRY com.st.stm32cube.ide.mpu.remote.serial 1 1 2026-05-21 12:25:27.851
!MESSAGE port: COM12

!ENTRY com.st.stm32cube.ide.mpu.remote.serial 1 1 2026-05-21 12:25:27.851
!MESSAGE port: COM11

!ENTRY com.st.stm32cube.ide.mpu.remote.serial 1 1 2026-05-21 12:27:47.889
!MESSAGE Executed PowerShell command powershell.exe -Command "Get-CimInstance -ClassName Win32_SerialPort | Select-Object -ExpandProperty DeviceID":
COM7
COM6
COM15
COM16
COM14
COM4
COM8
COM13
COM12
COM11


!ENTRY com.st.stm32cube.ide.mpu.remote.serial 1 1 2026-05-21 12:27:47.890
!MESSAGE port: COM7

!ENTRY com.st.stm32cube.ide.mpu.remote.serial 1 1 2026-05-21 12:27:47.891
!MESSAGE port: COM6

!ENTRY com.st.stm32cube.ide.mpu.remote.serial 1 1 2026-05-21 12:27:47.892
!MESSAGE port: COM15

!ENTRY com.st.stm32cube.ide.mpu.remote.serial 1 1 2026-05-21 12:27:47.894
!MESSAGE port: COM16

!ENTRY com.st.stm32cube.ide.mpu.remote.serial 1 1 2026-05-21 12:27:47.894
!MESSAGE port: COM14

!ENTRY com.st.stm32cube.ide.mpu.remote.serial 1 1 2026-05-21 12:27:47.895
!MESSAGE port: COM4

!ENTRY com.st.stm32cube.ide.mpu.remote.serial 1 1 2026-05-21 12:27:47.896
!MESSAGE port: COM8

!ENTRY com.st.stm32cube.ide.mpu.remote.serial 1 1 2026-05-21 12:27:47.897
!MESSAGE port: COM13

!ENTRY com.st.stm32cube.ide.mpu.remote.serial 1 1 2026-05-21 12:27:47.897
!MESSAGE port: COM12

!ENTRY com.st.stm32cube.ide.mpu.remote.serial 1 1 2026-05-21 12:27:47.898
!MESSAGE port: COM11

!ENTRY com.st.stm32cube.ide.mpu.remote.serial 1 1 2026-05-21 12:28:24.855
!MESSAGE Executed PowerShell command powershell.exe -Command "Get-CimInstance -ClassName Win32_SerialPort | Select-Object -ExpandProperty DeviceID":
COM7
COM6
COM15
COM16
COM14
COM4
COM8
COM13
COM12
COM11


!ENTRY com.st.stm32cube.ide.mpu.remote.serial 1 1 2026-05-21 12:28:24.855
!MESSAGE port: COM7

!ENTRY com.st.stm32cube.ide.mpu.remote.serial 1 1 2026-05-21 12:28:24.862
!MESSAGE port: COM6

!ENTRY com.st.stm32cube.ide.mpu.remote.serial 1 1 2026-05-21 12:28:24.862
!MESSAGE port: COM15

!ENTRY com.st.stm32cube.ide.mpu.remote.serial 1 1 2026-05-21 12:28:24.862
!MESSAGE port: COM16

!ENTRY com.st.stm32cube.ide.mpu.remote.serial 1 1 2026-05-21 12:28:24.862
!MESSAGE port: COM14

!ENTRY com.st.stm32cube.ide.mpu.remote.serial 1 1 2026-05-21 12:28:24.862
!MESSAGE port: COM4

!ENTRY com.st.stm32cube.ide.mpu.remote.serial 1 1 2026-05-21 12:28:24.862
!MESSAGE port: COM8

!ENTRY com.st.stm32cube.ide.mpu.remote.serial 1 1 2026-05-21 12:28:24.869
!MESSAGE port: COM13

!ENTRY com.st.stm32cube.ide.mpu.remote.serial 1 1 2026-05-21 12:28:24.870
!MESSAGE port: COM12

!ENTRY com.st.stm32cube.ide.mpu.remote.serial 1 1 2026-05-21 12:28:24.909
!MESSAGE port: COM11

!ENTRY com.st.stm32cube.ide.mpu.remote.serial 1 1 2026-05-21 12:28:53.309
!MESSAGE Executed PowerShell command powershell.exe -Command "Get-CimInstance -ClassName Win32_SerialPort | Select-Object -ExpandProperty DeviceID":
COM7
COM6
COM15
COM16
COM14
COM4
COM8
COM13
COM12
COM11


!ENTRY com.st.stm32cube.ide.mpu.remote.serial 1 1 2026-05-21 12:28:53.311
!MESSAGE port: COM7

!ENTRY com.st.stm32cube.ide.mpu.remote.serial 1 1 2026-05-21 12:28:53.313
!MESSAGE port: COM6

!ENTRY com.st.stm32cube.ide.mpu.remote.serial 1 1 2026-05-21 12:28:53.316
!MESSAGE port: COM15

!ENTRY com.st.stm32cube.ide.mpu.remote.serial 1 1 2026-05-21 12:28:53.316
!MESSAGE port: COM16

!ENTRY com.st.stm32cube.ide.mpu.remote.serial 1 1 2026-05-21 12:28:53.316
!MESSAGE port: COM14

!ENTRY com.st.stm32cube.ide.mpu.remote.serial 1 1 2026-05-21 12:28:53.316
!MESSAGE port: COM4

!ENTRY com.st.stm32cube.ide.mpu.remote.serial 1 1 2026-05-21 12:28:53.323
!MESSAGE port: COM8

!ENTRY com.st.stm32cube.ide.mpu.remote.serial 1 1 2026-05-21 12:28:53.323
!MESSAGE port: COM13

!ENTRY com.st.stm32cube.ide.mpu.remote.serial 1 1 2026-05-21 12:28:53.329
!MESSAGE port: COM12

!ENTRY com.st.stm32cube.ide.mpu.remote.serial 1 1 2026-05-21 12:28:53.331
!MESSAGE port: COM11

!ENTRY com.st.stm32cube.ide.mpu.remote.serial 1 1 2026-05-21 12:38:07.990
!MESSAGE Executed PowerShell command powershell.exe -Command "Get-CimInstance -ClassName Win32_SerialPort | Select-Object -ExpandProperty DeviceID":
COM7
COM6
COM15
COM16
COM14
COM4
COM8
COM13
COM12
COM11


!ENTRY com.st.stm32cube.ide.mpu.remote.serial 1 1 2026-05-21 12:38:07.992
!MESSAGE port: COM7

!ENTRY com.st.stm32cube.ide.mpu.remote.serial 1 1 2026-05-21 12:38:07.994
!MESSAGE port: COM6

!ENTRY com.st.stm32cube.ide.mpu.remote.serial 1 1 2026-05-21 12:38:07.995
!MESSAGE port: COM15

!ENTRY com.st.stm32cube.ide.mpu.remote.serial 1 1 2026-05-21 12:38:07.997
!MESSAGE port: COM16

!ENTRY com.st.stm32cube.ide.mpu.remote.serial 1 1 2026-05-21 12:38:07.998
!MESSAGE port: COM14

!ENTRY com.st.stm32cube.ide.mpu.remote.serial 1 1 2026-05-21 12:38:08.000
!MESSAGE port: COM4

!ENTRY com.st.stm32cube.ide.mpu.remote.serial 1 1 2026-05-21 12:38:08.002
!MESSAGE port: COM8

!ENTRY com.st.stm32cube.ide.mpu.remote.serial 1 1 2026-05-21 12:38:08.004
!MESSAGE port: COM13

!ENTRY com.st.stm32cube.ide.mpu.remote.serial 1 1 2026-05-21 12:38:08.005
!MESSAGE port: COM12

!ENTRY com.st.stm32cube.ide.mpu.remote.serial 1 1 2026-05-21 12:38:08.007
!MESSAGE port: COM11

!ENTRY com.st.stm32cube.ide.mpu.remote.serial 1 1 2026-05-21 12:38:36.749
!MESSAGE Executed PowerShell command powershell.exe -Command "Get-CimInstance -ClassName Win32_SerialPort | Select-Object -ExpandProperty DeviceID":
COM7
COM6
COM15
COM16
COM14
COM4
COM8
COM13
COM12
COM11


!ENTRY com.st.stm32cube.ide.mpu.remote.serial 1 1 2026-05-21 12:38:36.752
!MESSAGE port: COM7

!ENTRY com.st.stm32cube.ide.mpu.remote.serial 1 1 2026-05-21 12:38:36.754
!MESSAGE port: COM6

!ENTRY com.st.stm32cube.ide.mpu.remote.serial 1 1 2026-05-21 12:38:36.756
!MESSAGE port: COM15

!ENTRY com.st.stm32cube.ide.mpu.remote.serial 1 1 2026-05-21 12:38:36.757
!MESSAGE port: COM16

!ENTRY com.st.stm32cube.ide.mpu.remote.serial 1 1 2026-05-21 12:38:36.759
!MESSAGE port: COM14

!ENTRY com.st.stm32cube.ide.mpu.remote.serial 1 1 2026-05-21 12:38:36.760
!MESSAGE port: COM4

!ENTRY com.st.stm32cube.ide.mpu.remote.serial 1 1 2026-05-21 12:38:36.762
!MESSAGE port: COM8

!ENTRY com.st.stm32cube.ide.mpu.remote.serial 1 1 2026-05-21 12:38:36.763
!MESSAGE port: COM13

!ENTRY com.st.stm32cube.ide.mpu.remote.serial 1 1 2026-05-21 12:38:36.765
!MESSAGE port: COM12

!ENTRY com.st.stm32cube.ide.mpu.remote.serial 1 1 2026-05-21 12:38:36.767
!MESSAGE port: COM11

!ENTRY com.st.stm32cube.ide.mpu.remote.serial 1 1 2026-05-21 12:40:45.597
!MESSAGE Executed PowerShell command powershell.exe -Command "Get-CimInstance -ClassName Win32_SerialPort | Select-Object -ExpandProperty DeviceID":
COM7
COM6
COM15
COM16
COM14
COM4
COM8
COM13
COM12
COM11


!ENTRY com.st.stm32cube.ide.mpu.remote.serial 1 1 2026-05-21 12:40:45.599
!MESSAGE port: COM7

!ENTRY com.st.stm32cube.ide.mpu.remote.serial 1 1 2026-05-21 12:40:45.600
!MESSAGE port: COM6

!ENTRY com.st.stm32cube.ide.mpu.remote.serial 1 1 2026-05-21 12:40:45.602
!MESSAGE port: COM15

!ENTRY com.st.stm32cube.ide.mpu.remote.serial 1 1 2026-05-21 12:40:45.603
!MESSAGE port: COM16

!ENTRY com.st.stm32cube.ide.mpu.remote.serial 1 1 2026-05-21 12:40:45.604
!MESSAGE port: COM14

!ENTRY com.st.stm32cube.ide.mpu.remote.serial 1 1 2026-05-21 12:40:45.605
!MESSAGE port: COM4

!ENTRY com.st.stm32cube.ide.mpu.remote.serial 1 1 2026-05-21 12:40:45.607
!MESSAGE port: COM8

!ENTRY com.st.stm32cube.ide.mpu.remote.serial 1 1 2026-05-21 12:40:45.608
!MESSAGE port: COM13

!ENTRY com.st.stm32cube.ide.mpu.remote.serial 1 1 2026-05-21 12:40:45.610
!MESSAGE port: COM12

!ENTRY com.st.stm32cube.ide.mpu.remote.serial 1 1 2026-05-21 12:40:45.613
!MESSAGE port: COM11

!ENTRY com.st.stm32cube.ide.mpu.remote.serial 1 1 2026-05-21 12:41:14.703
!MESSAGE Executed PowerShell command powershell.exe -Command "Get-CimInstance -ClassName Win32_SerialPort | Select-Object -ExpandProperty DeviceID":
COM7
COM6
COM15
COM16
COM14
COM4
COM8
COM13
COM12
COM11


!ENTRY com.st.stm32cube.ide.mpu.remote.serial 1 1 2026-05-21 12:41:14.711
!MESSAGE port: COM7

!ENTRY com.st.stm32cube.ide.mpu.remote.serial 1 1 2026-05-21 12:41:14.714
!MESSAGE port: COM6

!ENTRY com.st.stm32cube.ide.mpu.remote.serial 1 1 2026-05-21 12:41:14.714
!MESSAGE port: COM15

!ENTRY com.st.stm32cube.ide.mpu.remote.serial 1 1 2026-05-21 12:41:14.719
!MESSAGE port: COM16

!ENTRY com.st.stm32cube.ide.mpu.remote.serial 1 1 2026-05-21 12:41:14.721
!MESSAGE port: COM14

!ENTRY com.st.stm32cube.ide.mpu.remote.serial 1 1 2026-05-21 12:41:14.723
!MESSAGE port: COM4

!ENTRY com.st.stm32cube.ide.mpu.remote.serial 1 1 2026-05-21 12:41:14.725
!MESSAGE port: COM8

!ENTRY com.st.stm32cube.ide.mpu.remote.serial 1 1 2026-05-21 12:41:14.727
!MESSAGE port: COM13

!ENTRY com.st.stm32cube.ide.mpu.remote.serial 1 1 2026-05-21 12:41:14.729
!MESSAGE port: COM12

!ENTRY com.st.stm32cube.ide.mpu.remote.serial 1 1 2026-05-21 12:41:14.733
!MESSAGE port: COM11

!ENTRY com.st.stm32cube.ide.mpu.remote.serial 1 1 2026-05-21 12:41:43.855
!MESSAGE Executed PowerShell command powershell.exe -Command "Get-CimInstance -ClassName Win32_SerialPort | Select-Object -ExpandProperty DeviceID":
COM7
COM6
COM15
COM16
COM14
COM4
COM8
COM13
COM12
COM11


!ENTRY com.st.stm32cube.ide.mpu.remote.serial 1 1 2026-05-21 12:41:43.862
!MESSAGE port: COM7

!ENTRY com.st.stm32cube.ide.mpu.remote.serial 1 1 2026-05-21 12:41:43.862
!MESSAGE port: COM6

!ENTRY com.st.stm32cube.ide.mpu.remote.serial 1 1 2026-05-21 12:41:43.867
!MESSAGE port: COM15

!ENTRY com.st.stm32cube.ide.mpu.remote.serial 1 1 2026-05-21 12:41:43.869
!MESSAGE port: COM16

!ENTRY com.st.stm32cube.ide.mpu.remote.serial 1 1 2026-05-21 12:41:43.869
!MESSAGE port: COM14

!ENTRY com.st.stm32cube.ide.mpu.remote.serial 1 1 2026-05-21 12:41:43.871
!MESSAGE port: COM4

!ENTRY com.st.stm32cube.ide.mpu.remote.serial 1 1 2026-05-21 12:41:43.874
!MESSAGE port: COM8

!ENTRY com.st.stm32cube.ide.mpu.remote.serial 1 1 2026-05-21 12:41:43.874
!MESSAGE port: COM13

!ENTRY com.st.stm32cube.ide.mpu.remote.serial 1 1 2026-05-21 12:41:43.874
!MESSAGE port: COM12

!ENTRY com.st.stm32cube.ide.mpu.remote.serial 1 1 2026-05-21 12:41:43.874
!MESSAGE port: COM11

!ENTRY com.st.stm32cube.ide.mpu.remote.serial 1 1 2026-05-21 12:44:23.488
!MESSAGE Executed PowerShell command powershell.exe -Command "Get-CimInstance -ClassName Win32_SerialPort | Select-Object -ExpandProperty DeviceID":
COM7
COM6
COM15
COM16
COM14
COM4
COM8
COM13
COM12
COM11


!ENTRY com.st.stm32cube.ide.mpu.remote.serial 1 1 2026-05-21 12:44:23.489
!MESSAGE port: COM7

!ENTRY com.st.stm32cube.ide.mpu.remote.serial 1 1 2026-05-21 12:44:23.491
!MESSAGE port: COM6

!ENTRY com.st.stm32cube.ide.mpu.remote.serial 1 1 2026-05-21 12:44:23.492
!MESSAGE port: COM15

!ENTRY com.st.stm32cube.ide.mpu.remote.serial 1 1 2026-05-21 12:44:23.493
!MESSAGE port: COM16

!ENTRY com.st.stm32cube.ide.mpu.remote.serial 1 1 2026-05-21 12:44:23.494
!MESSAGE port: COM14

!ENTRY com.st.stm32cube.ide.mpu.remote.serial 1 1 2026-05-21 12:44:23.495
!MESSAGE port: COM4

!ENTRY com.st.stm32cube.ide.mpu.remote.serial 1 1 2026-05-21 12:44:23.496
!MESSAGE port: COM8

!ENTRY com.st.stm32cube.ide.mpu.remote.serial 1 1 2026-05-21 12:44:23.497
!MESSAGE port: COM13

!ENTRY com.st.stm32cube.ide.mpu.remote.serial 1 1 2026-05-21 12:44:23.498
!MESSAGE port: COM12

!ENTRY com.st.stm32cube.ide.mpu.remote.serial 1 1 2026-05-21 12:44:23.499
!MESSAGE port: COM11

!ENTRY com.st.stm32cube.ide.mpu.remote.serial 1 1 2026-05-21 12:45:05.130
!MESSAGE Executed PowerShell command powershell.exe -Command "Get-CimInstance -ClassName Win32_SerialPort | Select-Object -ExpandProperty DeviceID":
COM7
COM6
COM15
COM16
COM14
COM4
COM8
COM13
COM12
COM11


!ENTRY com.st.stm32cube.ide.mpu.remote.serial 1 1 2026-05-21 12:45:05.132
!MESSAGE port: COM7

!ENTRY com.st.stm32cube.ide.mpu.remote.serial 1 1 2026-05-21 12:45:05.134
!MESSAGE port: COM6

!ENTRY com.st.stm32cube.ide.mpu.remote.serial 1 1 2026-05-21 12:45:05.136
!MESSAGE port: COM15

!ENTRY com.st.stm32cube.ide.mpu.remote.serial 1 1 2026-05-21 12:45:05.138
!MESSAGE port: COM16

!ENTRY com.st.stm32cube.ide.mpu.remote.serial 1 1 2026-05-21 12:45:05.140
!MESSAGE port: COM14

!ENTRY com.st.stm32cube.ide.mpu.remote.serial 1 1 2026-05-21 12:45:05.142
!MESSAGE port: COM4

!ENTRY com.st.stm32cube.ide.mpu.remote.serial 1 1 2026-05-21 12:45:05.143
!MESSAGE port: COM8

!ENTRY com.st.stm32cube.ide.mpu.remote.serial 1 1 2026-05-21 12:45:05.146
!MESSAGE port: COM13

!ENTRY com.st.stm32cube.ide.mpu.remote.serial 1 1 2026-05-21 12:45:05.147
!MESSAGE port: COM12

!ENTRY com.st.stm32cube.ide.mpu.remote.serial 1 1 2026-05-21 12:45:05.149
!MESSAGE port: COM11

!ENTRY com.st.stm32cube.ide.mpu.remote.serial 1 1 2026-05-21 12:45:33.685
!MESSAGE Executed PowerShell command powershell.exe -Command "Get-CimInstance -ClassName Win32_SerialPort | Select-Object -ExpandProperty DeviceID":
COM7
COM6
COM15
COM16
COM14
COM4
COM8
COM13
COM12
COM11


!ENTRY com.st.stm32cube.ide.mpu.remote.serial 1 1 2026-05-21 12:45:33.686
!MESSAGE port: COM7

!ENTRY com.st.stm32cube.ide.mpu.remote.serial 1 1 2026-05-21 12:45:33.686
!MESSAGE port: COM6

!ENTRY com.st.stm32cube.ide.mpu.remote.serial 1 1 2026-05-21 12:45:33.687
!MESSAGE port: COM15

!ENTRY com.st.stm32cube.ide.mpu.remote.serial 1 1 2026-05-21 12:45:33.688
!MESSAGE port: COM16

!ENTRY com.st.stm32cube.ide.mpu.remote.serial 1 1 2026-05-21 12:45:33.689
!MESSAGE port: COM14

!ENTRY com.st.stm32cube.ide.mpu.remote.serial 1 1 2026-05-21 12:45:33.690
!MESSAGE port: COM4

!ENTRY com.st.stm32cube.ide.mpu.remote.serial 1 1 2026-05-21 12:45:33.690
!MESSAGE port: COM8

!ENTRY com.st.stm32cube.ide.mpu.remote.serial 1 1 2026-05-21 12:45:33.691
!MESSAGE port: COM13

!ENTRY com.st.stm32cube.ide.mpu.remote.serial 1 1 2026-05-21 12:45:33.692
!MESSAGE port: COM12

!ENTRY com.st.stm32cube.ide.mpu.remote.serial 1 1 2026-05-21 12:45:33.692
!MESSAGE port: COM11

!ENTRY com.st.stm32cube.ide.mpu.remote.serial 1 1 2026-05-21 12:46:26.905
!MESSAGE Executed PowerShell command powershell.exe -Command "Get-CimInstance -ClassName Win32_SerialPort | Select-Object -ExpandProperty DeviceID":
COM7
COM6
COM15
COM16
COM14
COM4
COM8
COM13
COM12
COM11


!ENTRY com.st.stm32cube.ide.mpu.remote.serial 1 1 2026-05-21 12:46:26.905
!MESSAGE port: COM7

!ENTRY com.st.stm32cube.ide.mpu.remote.serial 1 1 2026-05-21 12:46:26.907
!MESSAGE port: COM6

!ENTRY com.st.stm32cube.ide.mpu.remote.serial 1 1 2026-05-21 12:46:26.907
!MESSAGE port: COM15

!ENTRY com.st.stm32cube.ide.mpu.remote.serial 1 1 2026-05-21 12:46:26.907
!MESSAGE port: COM16

!ENTRY com.st.stm32cube.ide.mpu.remote.serial 1 1 2026-05-21 12:46:26.909
!MESSAGE port: COM14

!ENTRY com.st.stm32cube.ide.mpu.remote.serial 1 1 2026-05-21 12:46:26.909
!MESSAGE port: COM4

!ENTRY com.st.stm32cube.ide.mpu.remote.serial 1 1 2026-05-21 12:46:26.911
!MESSAGE port: COM8

!ENTRY com.st.stm32cube.ide.mpu.remote.serial 1 1 2026-05-21 12:46:26.911
!MESSAGE port: COM13

!ENTRY com.st.stm32cube.ide.mpu.remote.serial 1 1 2026-05-21 12:46:26.914
!MESSAGE port: COM12

!ENTRY com.st.stm32cube.ide.mpu.remote.serial 1 1 2026-05-21 12:46:26.914
!MESSAGE port: COM11

!ENTRY com.st.stm32cube.ide.mpu.remote.serial 1 1 2026-05-21 12:46:56.920
!MESSAGE Executed PowerShell command powershell.exe -Command "Get-CimInstance -ClassName Win32_SerialPort | Select-Object -ExpandProperty DeviceID":
COM7
COM6
COM15
COM16
COM14
COM4
COM8
COM13
COM12
COM11


!ENTRY com.st.stm32cube.ide.mpu.remote.serial 1 1 2026-05-21 12:46:56.923
!MESSAGE port: COM7

!ENTRY com.st.stm32cube.ide.mpu.remote.serial 1 1 2026-05-21 12:46:56.925
!MESSAGE port: COM6

!ENTRY com.st.stm32cube.ide.mpu.remote.serial 1 1 2026-05-21 12:46:56.927
!MESSAGE port: COM15

!ENTRY com.st.stm32cube.ide.mpu.remote.serial 1 1 2026-05-21 12:46:56.929
!MESSAGE port: COM16

!ENTRY com.st.stm32cube.ide.mpu.remote.serial 1 1 2026-05-21 12:46:56.931
!MESSAGE port: COM14

!ENTRY com.st.stm32cube.ide.mpu.remote.serial 1 1 2026-05-21 12:46:56.933
!MESSAGE port: COM4

!ENTRY com.st.stm32cube.ide.mpu.remote.serial 1 1 2026-05-21 12:46:56.934
!MESSAGE port: COM8

!ENTRY com.st.stm32cube.ide.mpu.remote.serial 1 1 2026-05-21 12:46:56.936
!MESSAGE port: COM13

!ENTRY com.st.stm32cube.ide.mpu.remote.serial 1 1 2026-05-21 12:46:56.938
!MESSAGE port: COM12

!ENTRY com.st.stm32cube.ide.mpu.remote.serial 1 1 2026-05-21 12:46:56.940
!MESSAGE port: COM11

!ENTRY com.st.stm32cube.ide.mpu.remote.serial 1 1 2026-05-21 12:47:27.824
!MESSAGE Executed PowerShell command powershell.exe -Command "Get-CimInstance -ClassName Win32_SerialPort | Select-Object -ExpandProperty DeviceID":
COM7
COM6
COM15
COM16
COM14
COM4
COM8
COM13
COM12
COM11


!ENTRY com.st.stm32cube.ide.mpu.remote.serial 1 1 2026-05-21 12:47:27.826
!MESSAGE port: COM7

!ENTRY com.st.stm32cube.ide.mpu.remote.serial 1 1 2026-05-21 12:47:27.828
!MESSAGE port: COM6

!ENTRY com.st.stm32cube.ide.mpu.remote.serial 1 1 2026-05-21 12:47:27.830
!MESSAGE port: COM15

!ENTRY com.st.stm32cube.ide.mpu.remote.serial 1 1 2026-05-21 12:47:27.832
!MESSAGE port: COM16

!ENTRY com.st.stm32cube.ide.mpu.remote.serial 1 1 2026-05-21 12:47:27.832
!MESSAGE port: COM14

!ENTRY com.st.stm32cube.ide.mpu.remote.serial 1 1 2026-05-21 12:47:27.832
!MESSAGE port: COM4

!ENTRY com.st.stm32cube.ide.mpu.remote.serial 1 1 2026-05-21 12:47:27.832
!MESSAGE port: COM8

!ENTRY com.st.stm32cube.ide.mpu.remote.serial 1 1 2026-05-21 12:47:27.832
!MESSAGE port: COM13

!ENTRY com.st.stm32cube.ide.mpu.remote.serial 1 1 2026-05-21 12:47:27.840
!MESSAGE port: COM12

!ENTRY com.st.stm32cube.ide.mpu.remote.serial 1 1 2026-05-21 12:47:27.842
!MESSAGE port: COM11
!SESSION 2026-05-21 12:58:47.406 -----------------------------------------------
eclipse.buildId=Version 2.1.1
java.version=21.0.9
java.vendor=Eclipse Adoptium
BootLoader constants: OS=win32, ARCH=x86_64, WS=win32, NL=es_AR
Framework arguments:  C:\Users\franc\STM32CubeIDE\workspace_2.1.2\gps\.project
Command-line arguments:  -os win32 -ws win32 -arch x86_64 C:\Users\franc\STM32CubeIDE\workspace_2.1.2\gps\.project

!ENTRY com.st.stm32cube.ide.mcu.informationcenter 1 1 2026-05-21 12:58:58.619
!MESSAGE Log4j2 initialized with config file C:\Users\franc\STM32CubeIDE\workspace_2.1.2\.metadata\.log4j2.xml

!ENTRY com.st.stm32cube.ide.mcu.ide 1 1 2026-05-21 12:59:16.137
!MESSAGE Started RMI Server, listening on port 41337

!ENTRY org.eclipse.cdt.core 1 0 2026-05-21 12:59:35.128
!MESSAGE Indexed 'gps' (49 sources, 172 headers) in 9,53 sec: 21.373 declarations; 104.301 references; 1 unresolved inclusions; 85 syntax errors; 240 unresolved names (0,19 %)

!ENTRY com.st.stm32cube.ide.mpu.remote.serial 1 1 2026-05-21 12:59:56.241
!MESSAGE Executed PowerShell command powershell.exe -Command "Get-CimInstance -ClassName Win32_SerialPort | Select-Object -ExpandProperty DeviceID":
COM7
COM6
COM15
COM16
COM14
COM4
COM8
COM13
COM12
COM11


!ENTRY com.st.stm32cube.ide.mpu.remote.serial 1 1 2026-05-21 12:59:56.242
!MESSAGE port: COM7

!ENTRY com.st.stm32cube.ide.mpu.remote.serial 1 1 2026-05-21 12:59:56.243
!MESSAGE port: COM6

!ENTRY com.st.stm32cube.ide.mpu.remote.serial 1 1 2026-05-21 12:59:56.244
!MESSAGE port: COM15

!ENTRY com.st.stm32cube.ide.mpu.remote.serial 1 1 2026-05-21 12:59:56.245
!MESSAGE port: COM16

!ENTRY com.st.stm32cube.ide.mpu.remote.serial 1 1 2026-05-21 12:59:56.246
!MESSAGE port: COM14

!ENTRY com.st.stm32cube.ide.mpu.remote.serial 1 1 2026-05-21 12:59:56.246
!MESSAGE port: COM4

!ENTRY com.st.stm32cube.ide.mpu.remote.serial 1 1 2026-05-21 12:59:56.247
!MESSAGE port: COM8

!ENTRY com.st.stm32cube.ide.mpu.remote.serial 1 1 2026-05-21 12:59:56.248
!MESSAGE port: COM13

!ENTRY com.st.stm32cube.ide.mpu.remote.serial 1 1 2026-05-21 12:59:56.248
!MESSAGE port: COM12

!ENTRY com.st.stm32cube.ide.mpu.remote.serial 1 1 2026-05-21 12:59:56.249
!MESSAGE port: COM11

!ENTRY org.eclipse.ui 4 0 2026-05-21 13:06:29.397
!MESSAGE Unhandled event loop exception
!STACK 0
java.lang.NullPointerException: Cannot invoke "org.eclipse.swt.widgets.Shell.setVisible(boolean)" because the return value of "org.eclipse.ui.internal.findandreplace.overlay.FindReplaceOverlay.getShell()" is null
	at org.eclipse.ui.internal.findandreplace.overlay.FindReplaceOverlay.updatePlacementAndVisibility(FindReplaceOverlay.java:844)
	at org.eclipse.swt.widgets.RunnableLock.run(RunnableLock.java:40)
	at org.eclipse.swt.widgets.Synchronizer.runAsyncMessages(Synchronizer.java:132)
	at org.eclipse.swt.widgets.Display.runAsyncMessages(Display.java:4099)
	at org.eclipse.swt.widgets.Display.readAndDispatch(Display.java:3715)
	at org.eclipse.e4.ui.internal.workbench.swt.PartRenderingEngine$5.run(PartRenderingEngine.java:1151)
	at org.eclipse.core.databinding.observable.Realm.runWithDefault(Realm.java:339)
	at org.eclipse.e4.ui.internal.workbench.swt.PartRenderingEngine.run(PartRenderingEngine.java:1042)
	at org.eclipse.e4.ui.internal.workbench.E4Workbench.createAndRunUI(E4Workbench.java:153)
	at org.eclipse.ui.internal.Workbench.lambda$3(Workbench.java:639)
	at org.eclipse.core.databinding.observable.Realm.runWithDefault(Realm.java:339)
	at org.eclipse.ui.internal.Workbench.createAndRunWorkbench(Workbench.java:546)
	at org.eclipse.ui.PlatformUI.createAndRunWorkbench(PlatformUI.java:173)
	at org.eclipse.ui.internal.ide.application.IDEApplication.start(IDEApplication.java:152)
	at org.eclipse.equinox.internal.app.EclipseAppHandle.run(EclipseAppHandle.java:208)
	at org.eclipse.core.runtime.internal.adaptor.EclipseAppLauncher.runApplication(EclipseAppLauncher.java:143)
	at org.eclipse.core.runtime.internal.adaptor.EclipseAppLauncher.start(EclipseAppLauncher.java:109)
	at org.eclipse.core.runtime.adaptor.EclipseStarter.run(EclipseStarter.java:439)
	at org.eclipse.core.runtime.adaptor.EclipseStarter.run(EclipseStarter.java:271)
	at java.base/jdk.internal.reflect.DirectMethodHandleAccessor.invoke(DirectMethodHandleAccessor.java:103)
	at java.base/java.lang.reflect.Method.invoke(Method.java:580)
	at org.eclipse.equinox.launcher.Main.invokeFramework(Main.java:668)
	at org.eclipse.equinox.launcher.Main.basicRun(Main.java:605)
	at org.eclipse.equinox.launcher.Main.run(Main.java:1481)
!SESSION 2026-05-21 13:11:32.667 -----------------------------------------------
eclipse.buildId=Version 2.1.1
java.version=21.0.9
java.vendor=Eclipse Adoptium
BootLoader constants: OS=win32, ARCH=x86_64, WS=win32, NL=es_AR
Framework arguments:  C:\Users\franc\STM32CubeIDE\workspace_2.1.2\gps\.project
Command-line arguments:  -os win32 -ws win32 -arch x86_64 C:\Users\franc\STM32CubeIDE\workspace_2.1.2\gps\.project

!ENTRY com.st.stm32cube.ide.mcu.informationcenter 1 1 2026-05-21 13:11:43.260
!MESSAGE Log4j2 initialized with config file C:\Users\franc\STM32CubeIDE\workspace_2.1.2\.metadata\.log4j2.xml

!ENTRY com.st.stm32cube.ide.mcu.ide 1 1 2026-05-21 13:12:01.286
!MESSAGE Started RMI Server, listening on port 41337

!ENTRY org.eclipse.cdt.core 1 0 2026-05-21 13:12:17.835
!MESSAGE Indexed 'gps' (49 sources, 172 headers) in 14,6 sec: 21.373 declarations; 104.299 references; 1 unresolved inclusions; 85 syntax errors; 240 unresolved names (0,19 %)

!ENTRY com.st.stm32cube.ide.mpu.remote.serial 1 1 2026-05-21 13:12:38.021
!MESSAGE Executed PowerShell command powershell.exe -Command "Get-CimInstance -ClassName Win32_SerialPort | Select-Object -ExpandProperty DeviceID":
COM7
COM6
COM15
COM16
COM14
COM4
COM8
COM13
COM12
COM11


!ENTRY com.st.stm32cube.ide.mpu.remote.serial 1 1 2026-05-21 13:12:38.023
!MESSAGE port: COM7

!ENTRY com.st.stm32cube.ide.mpu.remote.serial 1 1 2026-05-21 13:12:38.024
!MESSAGE port: COM6

!ENTRY com.st.stm32cube.ide.mpu.remote.serial 1 1 2026-05-21 13:12:38.025
!MESSAGE port: COM15

!ENTRY com.st.stm32cube.ide.mpu.remote.serial 1 1 2026-05-21 13:12:38.026
!MESSAGE port: COM16

!ENTRY com.st.stm32cube.ide.mpu.remote.serial 1 1 2026-05-21 13:12:38.027
!MESSAGE port: COM14

!ENTRY com.st.stm32cube.ide.mpu.remote.serial 1 1 2026-05-21 13:12:38.027
!MESSAGE port: COM4

!ENTRY com.st.stm32cube.ide.mpu.remote.serial 1 1 2026-05-21 13:12:38.028
!MESSAGE port: COM8

!ENTRY com.st.stm32cube.ide.mpu.remote.serial 1 1 2026-05-21 13:12:38.029
!MESSAGE port: COM13

!ENTRY com.st.stm32cube.ide.mpu.remote.serial 1 1 2026-05-21 13:12:38.030
!MESSAGE port: COM12

!ENTRY com.st.stm32cube.ide.mpu.remote.serial 1 1 2026-05-21 13:12:38.032
!MESSAGE port: COM11

!ENTRY com.st.stm32cube.ide.mpu.remote.serial 1 1 2026-05-21 13:16:32.012
!MESSAGE Executed PowerShell command powershell.exe -Command "Get-CimInstance -ClassName Win32_SerialPort | Select-Object -ExpandProperty DeviceID":
COM7
COM6
COM15
COM16
COM14
COM4
COM8
COM13
COM12
COM11


!ENTRY com.st.stm32cube.ide.mpu.remote.serial 1 1 2026-05-21 13:16:32.013
!MESSAGE port: COM7

!ENTRY com.st.stm32cube.ide.mpu.remote.serial 1 1 2026-05-21 13:16:32.014
!MESSAGE port: COM6

!ENTRY com.st.stm32cube.ide.mpu.remote.serial 1 1 2026-05-21 13:16:32.016
!MESSAGE port: COM15

!ENTRY com.st.stm32cube.ide.mpu.remote.serial 1 1 2026-05-21 13:16:32.017
!MESSAGE port: COM16

!ENTRY com.st.stm32cube.ide.mpu.remote.serial 1 1 2026-05-21 13:16:32.018
!MESSAGE port: COM14

!ENTRY com.st.stm32cube.ide.mpu.remote.serial 1 1 2026-05-21 13:16:32.019
!MESSAGE port: COM4

!ENTRY com.st.stm32cube.ide.mpu.remote.serial 1 1 2026-05-21 13:16:32.020
!MESSAGE port: COM8

!ENTRY com.st.stm32cube.ide.mpu.remote.serial 1 1 2026-05-21 13:16:32.021
!MESSAGE port: COM13

!ENTRY com.st.stm32cube.ide.mpu.remote.serial 1 1 2026-05-21 13:16:32.022
!MESSAGE port: COM12

!ENTRY com.st.stm32cube.ide.mpu.remote.serial 1 1 2026-05-21 13:16:32.023
!MESSAGE port: COM11

!ENTRY com.st.stm32cube.ide.mpu.remote.serial 1 1 2026-05-21 13:17:23.733
!MESSAGE Executed PowerShell command powershell.exe -Command "Get-CimInstance -ClassName Win32_SerialPort | Select-Object -ExpandProperty DeviceID":
COM7
COM6
COM15
COM16
COM14
COM4
COM8
COM13
COM12
COM11


!ENTRY com.st.stm32cube.ide.mpu.remote.serial 1 1 2026-05-21 13:17:23.734
!MESSAGE port: COM7

!ENTRY com.st.stm32cube.ide.mpu.remote.serial 1 1 2026-05-21 13:17:23.736
!MESSAGE port: COM6

!ENTRY com.st.stm32cube.ide.mpu.remote.serial 1 1 2026-05-21 13:17:23.737
!MESSAGE port: COM15

!ENTRY com.st.stm32cube.ide.mpu.remote.serial 1 1 2026-05-21 13:17:23.738
!MESSAGE port: COM16

!ENTRY com.st.stm32cube.ide.mpu.remote.serial 1 1 2026-05-21 13:17:23.739
!MESSAGE port: COM14

!ENTRY com.st.stm32cube.ide.mpu.remote.serial 1 1 2026-05-21 13:17:23.740
!MESSAGE port: COM4

!ENTRY com.st.stm32cube.ide.mpu.remote.serial 1 1 2026-05-21 13:17:23.741
!MESSAGE port: COM8

!ENTRY com.st.stm32cube.ide.mpu.remote.serial 1 1 2026-05-21 13:17:23.742
!MESSAGE port: COM13

!ENTRY com.st.stm32cube.ide.mpu.remote.serial 1 1 2026-05-21 13:17:23.743
!MESSAGE port: COM12

!ENTRY com.st.stm32cube.ide.mpu.remote.serial 1 1 2026-05-21 13:17:23.744
!MESSAGE port: COM11

!ENTRY com.st.stm32cube.ide.mpu.remote.serial 1 1 2026-05-21 13:17:52.290
!MESSAGE Executed PowerShell command powershell.exe -Command "Get-CimInstance -ClassName Win32_SerialPort | Select-Object -ExpandProperty DeviceID":
COM7
COM6
COM15
COM16
COM14
COM4
COM8
COM13
COM12
COM11


!ENTRY com.st.stm32cube.ide.mpu.remote.serial 1 1 2026-05-21 13:17:52.290
!MESSAGE port: COM7

!ENTRY com.st.stm32cube.ide.mpu.remote.serial 1 1 2026-05-21 13:17:52.290
!MESSAGE port: COM6

!ENTRY com.st.stm32cube.ide.mpu.remote.serial 1 1 2026-05-21 13:17:52.292
!MESSAGE port: COM15

!ENTRY com.st.stm32cube.ide.mpu.remote.serial 1 1 2026-05-21 13:17:52.292
!MESSAGE port: COM16

!ENTRY com.st.stm32cube.ide.mpu.remote.serial 1 1 2026-05-21 13:17:52.292
!MESSAGE port: COM14

!ENTRY com.st.stm32cube.ide.mpu.remote.serial 1 1 2026-05-21 13:17:52.294
!MESSAGE port: COM4

!ENTRY com.st.stm32cube.ide.mpu.remote.serial 1 1 2026-05-21 13:17:52.296
!MESSAGE port: COM8

!ENTRY com.st.stm32cube.ide.mpu.remote.serial 1 1 2026-05-21 13:17:52.296
!MESSAGE port: COM13

!ENTRY com.st.stm32cube.ide.mpu.remote.serial 1 1 2026-05-21 13:17:52.296
!MESSAGE port: COM12

!ENTRY com.st.stm32cube.ide.mpu.remote.serial 1 1 2026-05-21 13:17:52.296
!MESSAGE port: COM11

!ENTRY com.st.stm32cube.ide.mpu.remote.serial 1 1 2026-05-21 13:25:23.359
!MESSAGE Executed PowerShell command powershell.exe -Command "Get-CimInstance -ClassName Win32_SerialPort | Select-Object -ExpandProperty DeviceID":
COM7
COM6
COM15
COM16
COM14
COM4
COM8
COM13
COM12
COM11


!ENTRY com.st.stm32cube.ide.mpu.remote.serial 1 1 2026-05-21 13:25:23.360
!MESSAGE port: COM7

!ENTRY com.st.stm32cube.ide.mpu.remote.serial 1 1 2026-05-21 13:25:23.361
!MESSAGE port: COM6

!ENTRY com.st.stm32cube.ide.mpu.remote.serial 1 1 2026-05-21 13:25:23.362
!MESSAGE port: COM15

!ENTRY com.st.stm32cube.ide.mpu.remote.serial 1 1 2026-05-21 13:25:23.363
!MESSAGE port: COM16

!ENTRY com.st.stm32cube.ide.mpu.remote.serial 1 1 2026-05-21 13:25:23.364
!MESSAGE port: COM14

!ENTRY com.st.stm32cube.ide.mpu.remote.serial 1 1 2026-05-21 13:25:23.365
!MESSAGE port: COM4

!ENTRY com.st.stm32cube.ide.mpu.remote.serial 1 1 2026-05-21 13:25:23.365
!MESSAGE port: COM8

!ENTRY com.st.stm32cube.ide.mpu.remote.serial 1 1 2026-05-21 13:25:23.366
!MESSAGE port: COM13

!ENTRY com.st.stm32cube.ide.mpu.remote.serial 1 1 2026-05-21 13:25:23.367
!MESSAGE port: COM12

!ENTRY com.st.stm32cube.ide.mpu.remote.serial 1 1 2026-05-21 13:25:23.367
!MESSAGE port: COM11

!ENTRY com.st.stm32cube.ide.mpu.remote.serial 1 1 2026-05-21 13:25:51.837
!MESSAGE Executed PowerShell command powershell.exe -Command "Get-CimInstance -ClassName Win32_SerialPort | Select-Object -ExpandProperty DeviceID":
COM7
COM6
COM15
COM16
COM14
COM4
COM8
COM13
COM12
COM11


!ENTRY com.st.stm32cube.ide.mpu.remote.serial 1 1 2026-05-21 13:25:51.838
!MESSAGE port: COM7

!ENTRY com.st.stm32cube.ide.mpu.remote.serial 1 1 2026-05-21 13:25:51.839
!MESSAGE port: COM6

!ENTRY com.st.stm32cube.ide.mpu.remote.serial 1 1 2026-05-21 13:25:51.840
!MESSAGE port: COM15

!ENTRY com.st.stm32cube.ide.mpu.remote.serial 1 1 2026-05-21 13:25:51.840
!MESSAGE port: COM16

!ENTRY com.st.stm32cube.ide.mpu.remote.serial 1 1 2026-05-21 13:25:51.841
!MESSAGE port: COM14

!ENTRY com.st.stm32cube.ide.mpu.remote.serial 1 1 2026-05-21 13:25:51.842
!MESSAGE port: COM4

!ENTRY com.st.stm32cube.ide.mpu.remote.serial 1 1 2026-05-21 13:25:51.842
!MESSAGE port: COM8

!ENTRY com.st.stm32cube.ide.mpu.remote.serial 1 1 2026-05-21 13:25:51.843
!MESSAGE port: COM13

!ENTRY com.st.stm32cube.ide.mpu.remote.serial 1 1 2026-05-21 13:25:51.844
!MESSAGE port: COM12

!ENTRY com.st.stm32cube.ide.mpu.remote.serial 1 1 2026-05-21 13:25:51.844
!MESSAGE port: COM11

!ENTRY com.st.stm32cube.ide.mpu.remote.serial 1 1 2026-05-21 13:29:17.766
!MESSAGE Executed PowerShell command powershell.exe -Command "Get-CimInstance -ClassName Win32_SerialPort | Select-Object -ExpandProperty DeviceID":
COM7
COM6
COM15
COM16
COM14
COM4
COM8
COM13
COM12
COM11


!ENTRY com.st.stm32cube.ide.mpu.remote.serial 1 1 2026-05-21 13:29:17.767
!MESSAGE port: COM7

!ENTRY com.st.stm32cube.ide.mpu.remote.serial 1 1 2026-05-21 13:29:17.768
!MESSAGE port: COM6

!ENTRY com.st.stm32cube.ide.mpu.remote.serial 1 1 2026-05-21 13:29:17.769
!MESSAGE port: COM15

!ENTRY com.st.stm32cube.ide.mpu.remote.serial 1 1 2026-05-21 13:29:17.769
!MESSAGE port: COM16

!ENTRY com.st.stm32cube.ide.mpu.remote.serial 1 1 2026-05-21 13:29:17.770
!MESSAGE port: COM14

!ENTRY com.st.stm32cube.ide.mpu.remote.serial 1 1 2026-05-21 13:29:17.771
!MESSAGE port: COM4

!ENTRY com.st.stm32cube.ide.mpu.remote.serial 1 1 2026-05-21 13:29:17.772
!MESSAGE port: COM8

!ENTRY com.st.stm32cube.ide.mpu.remote.serial 1 1 2026-05-21 13:29:17.773
!MESSAGE port: COM13

!ENTRY com.st.stm32cube.ide.mpu.remote.serial 1 1 2026-05-21 13:29:17.773
!MESSAGE port: COM12

!ENTRY com.st.stm32cube.ide.mpu.remote.serial 1 1 2026-05-21 13:29:17.774
!MESSAGE port: COM11

!ENTRY com.st.stm32cube.ide.mpu.remote.serial 1 1 2026-05-21 13:29:46.408
!MESSAGE Executed PowerShell command powershell.exe -Command "Get-CimInstance -ClassName Win32_SerialPort | Select-Object -ExpandProperty DeviceID":
COM7
COM6
COM15
COM16
COM14
COM4
COM8
COM13
COM12
COM11


!ENTRY com.st.stm32cube.ide.mpu.remote.serial 1 1 2026-05-21 13:29:46.408
!MESSAGE port: COM7

!ENTRY com.st.stm32cube.ide.mpu.remote.serial 1 1 2026-05-21 13:29:46.418
!MESSAGE port: COM6

!ENTRY com.st.stm32cube.ide.mpu.remote.serial 1 1 2026-05-21 13:29:46.418
!MESSAGE port: COM15

!ENTRY com.st.stm32cube.ide.mpu.remote.serial 1 1 2026-05-21 13:29:46.418
!MESSAGE port: COM16

!ENTRY com.st.stm32cube.ide.mpu.remote.serial 1 1 2026-05-21 13:29:46.418
!MESSAGE port: COM14

!ENTRY com.st.stm32cube.ide.mpu.remote.serial 1 1 2026-05-21 13:29:46.418
!MESSAGE port: COM4

!ENTRY com.st.stm32cube.ide.mpu.remote.serial 1 1 2026-05-21 13:29:46.418
!MESSAGE port: COM8

!ENTRY com.st.stm32cube.ide.mpu.remote.serial 1 1 2026-05-21 13:29:46.418
!MESSAGE port: COM13

!ENTRY com.st.stm32cube.ide.mpu.remote.serial 1 1 2026-05-21 13:29:46.418
!MESSAGE port: COM12

!ENTRY com.st.stm32cube.ide.mpu.remote.serial 1 1 2026-05-21 13:29:46.418
!MESSAGE port: COM11

!ENTRY com.st.stm32cube.ide.mpu.remote.serial 1 1 2026-05-21 13:32:19.126
!MESSAGE Executed PowerShell command powershell.exe -Command "Get-CimInstance -ClassName Win32_SerialPort | Select-Object -ExpandProperty DeviceID":
COM7
COM6
COM15
COM16
COM14
COM4
COM8
COM13
COM12
COM11


!ENTRY com.st.stm32cube.ide.mpu.remote.serial 1 1 2026-05-21 13:32:19.127
!MESSAGE port: COM7

!ENTRY com.st.stm32cube.ide.mpu.remote.serial 1 1 2026-05-21 13:32:19.128
!MESSAGE port: COM6

!ENTRY com.st.stm32cube.ide.mpu.remote.serial 1 1 2026-05-21 13:32:19.129
!MESSAGE port: COM15

!ENTRY com.st.stm32cube.ide.mpu.remote.serial 1 1 2026-05-21 13:32:19.130
!MESSAGE port: COM16

!ENTRY com.st.stm32cube.ide.mpu.remote.serial 1 1 2026-05-21 13:32:19.131
!MESSAGE port: COM14

!ENTRY com.st.stm32cube.ide.mpu.remote.serial 1 1 2026-05-21 13:32:19.134
!MESSAGE port: COM4

!ENTRY com.st.stm32cube.ide.mpu.remote.serial 1 1 2026-05-21 13:32:19.138
!MESSAGE port: COM8

!ENTRY com.st.stm32cube.ide.mpu.remote.serial 1 1 2026-05-21 13:32:19.141
!MESSAGE port: COM13

!ENTRY com.st.stm32cube.ide.mpu.remote.serial 1 1 2026-05-21 13:32:19.145
!MESSAGE port: COM12

!ENTRY com.st.stm32cube.ide.mpu.remote.serial 1 1 2026-05-21 13:32:19.148
!MESSAGE port: COM11

!ENTRY org.eclipse.cdt.core 1 0 2026-05-21 13:36:41.869
!MESSAGE Indexed 'gps' (46 sources, 170 headers) in 4,38 sec: 20.071 declarations; 85.898 references; 1 unresolved inclusions; 85 syntax errors; 240 unresolved names (0,23 %)

!ENTRY com.st.stm32cube.ide.mpu.remote.serial 1 1 2026-05-21 13:37:47.699
!MESSAGE Executed PowerShell command powershell.exe -Command "Get-CimInstance -ClassName Win32_SerialPort | Select-Object -ExpandProperty DeviceID":
COM7
COM6
COM15
COM16
COM14
COM4
COM8
COM13
COM12
COM11


!ENTRY com.st.stm32cube.ide.mpu.remote.serial 1 1 2026-05-21 13:37:47.700
!MESSAGE port: COM7

!ENTRY com.st.stm32cube.ide.mpu.remote.serial 1 1 2026-05-21 13:37:47.701
!MESSAGE port: COM6

!ENTRY com.st.stm32cube.ide.mpu.remote.serial 1 1 2026-05-21 13:37:47.701
!MESSAGE port: COM15

!ENTRY com.st.stm32cube.ide.mpu.remote.serial 1 1 2026-05-21 13:37:47.703
!MESSAGE port: COM16

!ENTRY com.st.stm32cube.ide.mpu.remote.serial 1 1 2026-05-21 13:37:47.703
!MESSAGE port: COM14

!ENTRY com.st.stm32cube.ide.mpu.remote.serial 1 1 2026-05-21 13:37:47.704
!MESSAGE port: COM4

!ENTRY com.st.stm32cube.ide.mpu.remote.serial 1 1 2026-05-21 13:37:47.705
!MESSAGE port: COM8

!ENTRY com.st.stm32cube.ide.mpu.remote.serial 1 1 2026-05-21 13:37:47.706
!MESSAGE port: COM13

!ENTRY com.st.stm32cube.ide.mpu.remote.serial 1 1 2026-05-21 13:37:47.707
!MESSAGE port: COM12

!ENTRY com.st.stm32cube.ide.mpu.remote.serial 1 1 2026-05-21 13:37:47.708
!MESSAGE port: COM11

!ENTRY com.st.stm32cube.ide.mpu.remote.serial 1 1 2026-05-21 13:39:01.527
!MESSAGE Executed PowerShell command powershell.exe -Command "Get-CimInstance -ClassName Win32_SerialPort | Select-Object -ExpandProperty DeviceID":
COM7
COM6
COM15
COM16
COM14
COM4
COM8
COM13
COM12
COM11


!ENTRY com.st.stm32cube.ide.mpu.remote.serial 1 1 2026-05-21 13:39:01.528
!MESSAGE port: COM7

!ENTRY com.st.stm32cube.ide.mpu.remote.serial 1 1 2026-05-21 13:39:01.529
!MESSAGE port: COM6

!ENTRY com.st.stm32cube.ide.mpu.remote.serial 1 1 2026-05-21 13:39:01.530
!MESSAGE port: COM15

!ENTRY com.st.stm32cube.ide.mpu.remote.serial 1 1 2026-05-21 13:39:01.532
!MESSAGE port: COM16

!ENTRY com.st.stm32cube.ide.mpu.remote.serial 1 1 2026-05-21 13:39:01.533
!MESSAGE port: COM14

!ENTRY com.st.stm32cube.ide.mpu.remote.serial 1 1 2026-05-21 13:39:01.533
!MESSAGE port: COM4

!ENTRY com.st.stm32cube.ide.mpu.remote.serial 1 1 2026-05-21 13:39:01.534
!MESSAGE port: COM8

!ENTRY com.st.stm32cube.ide.mpu.remote.serial 1 1 2026-05-21 13:39:01.535
!MESSAGE port: COM13

!ENTRY com.st.stm32cube.ide.mpu.remote.serial 1 1 2026-05-21 13:39:01.536
!MESSAGE port: COM12

!ENTRY com.st.stm32cube.ide.mpu.remote.serial 1 1 2026-05-21 13:39:01.536
!MESSAGE port: COM11

!ENTRY com.st.stm32cube.ide.mpu.remote.serial 1 1 2026-05-21 13:39:29.785
!MESSAGE Executed PowerShell command powershell.exe -Command "Get-CimInstance -ClassName Win32_SerialPort | Select-Object -ExpandProperty DeviceID":
COM7
COM6
COM15
COM16
COM14
COM4
COM8
COM13
COM12
COM11


!ENTRY com.st.stm32cube.ide.mpu.remote.serial 1 1 2026-05-21 13:39:29.786
!MESSAGE port: COM7

!ENTRY com.st.stm32cube.ide.mpu.remote.serial 1 1 2026-05-21 13:39:29.787
!MESSAGE port: COM6

!ENTRY com.st.stm32cube.ide.mpu.remote.serial 1 1 2026-05-21 13:39:29.789
!MESSAGE port: COM15

!ENTRY com.st.stm32cube.ide.mpu.remote.serial 1 1 2026-05-21 13:39:29.789
!MESSAGE port: COM16

!ENTRY com.st.stm32cube.ide.mpu.remote.serial 1 1 2026-05-21 13:39:29.790
!MESSAGE port: COM14

!ENTRY com.st.stm32cube.ide.mpu.remote.serial 1 1 2026-05-21 13:39:29.791
!MESSAGE port: COM4

!ENTRY com.st.stm32cube.ide.mpu.remote.serial 1 1 2026-05-21 13:39:29.791
!MESSAGE port: COM8

!ENTRY com.st.stm32cube.ide.mpu.remote.serial 1 1 2026-05-21 13:39:29.792
!MESSAGE port: COM13

!ENTRY com.st.stm32cube.ide.mpu.remote.serial 1 1 2026-05-21 13:39:29.793
!MESSAGE port: COM12

!ENTRY com.st.stm32cube.ide.mpu.remote.serial 1 1 2026-05-21 13:39:29.793
!MESSAGE port: COM11

!ENTRY org.eclipse.cdt.core 1 0 2026-05-21 13:45:45.457
!MESSAGE Indexed 'Prueba_tx_rak' (52 sources, 173 headers) in 4,38 sec: 17.719 declarations; 70.125 references; 3 unresolved inclusions; 33 syntax errors; 171 unresolved names (0,19 %)

!ENTRY com.st.stm32cube.ide.mpu.remote.serial 1 1 2026-05-21 13:57:30.553
!MESSAGE Executed PowerShell command powershell.exe -Command "Get-CimInstance -ClassName Win32_SerialPort | Select-Object -ExpandProperty DeviceID":
COM7
COM6
COM15
COM16
COM14
COM4
COM8
COM13
COM12
COM11


!ENTRY com.st.stm32cube.ide.mpu.remote.serial 1 1 2026-05-21 13:57:30.553
!MESSAGE port: COM7

!ENTRY com.st.stm32cube.ide.mpu.remote.serial 1 1 2026-05-21 13:57:30.553
!MESSAGE port: COM6

!ENTRY com.st.stm32cube.ide.mpu.remote.serial 1 1 2026-05-21 13:57:30.553
!MESSAGE port: COM15

!ENTRY com.st.stm32cube.ide.mpu.remote.serial 1 1 2026-05-21 13:57:30.563
!MESSAGE port: COM16

!ENTRY com.st.stm32cube.ide.mpu.remote.serial 1 1 2026-05-21 13:57:30.563
!MESSAGE port: COM14

!ENTRY com.st.stm32cube.ide.mpu.remote.serial 1 1 2026-05-21 13:57:30.563
!MESSAGE port: COM4

!ENTRY com.st.stm32cube.ide.mpu.remote.serial 1 1 2026-05-21 13:57:30.563
!MESSAGE port: COM8

!ENTRY com.st.stm32cube.ide.mpu.remote.serial 1 1 2026-05-21 13:57:30.563
!MESSAGE port: COM13

!ENTRY com.st.stm32cube.ide.mpu.remote.serial 1 1 2026-05-21 13:57:30.563
!MESSAGE port: COM12

!ENTRY com.st.stm32cube.ide.mpu.remote.serial 1 1 2026-05-21 13:57:30.563
!MESSAGE port: COM11

!ENTRY com.st.stm32cube.ide.mpu.remote.serial 1 1 2026-05-21 14:21:11.011
!MESSAGE Executed PowerShell command powershell.exe -Command "Get-CimInstance -ClassName Win32_SerialPort | Select-Object -ExpandProperty DeviceID":
COM7
COM6
COM15
COM16
COM14
COM4
COM8
COM13
COM12
COM11


!ENTRY com.st.stm32cube.ide.mpu.remote.serial 1 1 2026-05-21 14:21:11.012
!MESSAGE port: COM7

!ENTRY com.st.stm32cube.ide.mpu.remote.serial 1 1 2026-05-21 14:21:11.013
!MESSAGE port: COM6

!ENTRY com.st.stm32cube.ide.mpu.remote.serial 1 1 2026-05-21 14:21:11.014
!MESSAGE port: COM15

!ENTRY com.st.stm32cube.ide.mpu.remote.serial 1 1 2026-05-21 14:21:11.015
!MESSAGE port: COM16

!ENTRY com.st.stm32cube.ide.mpu.remote.serial 1 1 2026-05-21 14:21:11.015
!MESSAGE port: COM14

!ENTRY com.st.stm32cube.ide.mpu.remote.serial 1 1 2026-05-21 14:21:11.016
!MESSAGE port: COM4

!ENTRY com.st.stm32cube.ide.mpu.remote.serial 1 1 2026-05-21 14:21:11.016
!MESSAGE port: COM8

!ENTRY com.st.stm32cube.ide.mpu.remote.serial 1 1 2026-05-21 14:21:11.017
!MESSAGE port: COM13

!ENTRY com.st.stm32cube.ide.mpu.remote.serial 1 1 2026-05-21 14:21:11.018
!MESSAGE port: COM12

!ENTRY com.st.stm32cube.ide.mpu.remote.serial 1 1 2026-05-21 14:21:11.018
!MESSAGE port: COM11

!ENTRY com.st.stm32cube.ide.mpu.remote.serial 1 1 2026-05-21 14:22:04.142
!MESSAGE Executed PowerShell command powershell.exe -Command "Get-CimInstance -ClassName Win32_SerialPort | Select-Object -ExpandProperty DeviceID":
COM7
COM6
COM15
COM16
COM14
COM4
COM8
COM13
COM12
COM11


!ENTRY com.st.stm32cube.ide.mpu.remote.serial 1 1 2026-05-21 14:22:04.143
!MESSAGE port: COM7

!ENTRY com.st.stm32cube.ide.mpu.remote.serial 1 1 2026-05-21 14:22:04.145
!MESSAGE port: COM6

!ENTRY com.st.stm32cube.ide.mpu.remote.serial 1 1 2026-05-21 14:22:04.146
!MESSAGE port: COM15

!ENTRY com.st.stm32cube.ide.mpu.remote.serial 1 1 2026-05-21 14:22:04.146
!MESSAGE port: COM16

!ENTRY com.st.stm32cube.ide.mpu.remote.serial 1 1 2026-05-21 14:22:04.147
!MESSAGE port: COM14

!ENTRY com.st.stm32cube.ide.mpu.remote.serial 1 1 2026-05-21 14:22:04.148
!MESSAGE port: COM4

!ENTRY com.st.stm32cube.ide.mpu.remote.serial 1 1 2026-05-21 14:22:04.149
!MESSAGE port: COM8

!ENTRY com.st.stm32cube.ide.mpu.remote.serial 1 1 2026-05-21 14:22:04.150
!MESSAGE port: COM13

!ENTRY com.st.stm32cube.ide.mpu.remote.serial 1 1 2026-05-21 14:22:04.151
!MESSAGE port: COM12

!ENTRY com.st.stm32cube.ide.mpu.remote.serial 1 1 2026-05-21 14:22:04.151
!MESSAGE port: COM11

!ENTRY com.st.stm32cube.ide.mpu.remote.serial 1 1 2026-05-21 14:22:32.624
!MESSAGE Executed PowerShell command powershell.exe -Command "Get-CimInstance -ClassName Win32_SerialPort | Select-Object -ExpandProperty DeviceID":
COM7
COM6
COM15
COM16
COM14
COM4
COM8
COM13
COM12
COM11


!ENTRY com.st.stm32cube.ide.mpu.remote.serial 1 1 2026-05-21 14:22:32.625
!MESSAGE port: COM7

!ENTRY com.st.stm32cube.ide.mpu.remote.serial 1 1 2026-05-21 14:22:32.626
!MESSAGE port: COM6

!ENTRY com.st.stm32cube.ide.mpu.remote.serial 1 1 2026-05-21 14:22:32.626
!MESSAGE port: COM15

!ENTRY com.st.stm32cube.ide.mpu.remote.serial 1 1 2026-05-21 14:22:32.627
!MESSAGE port: COM16

!ENTRY com.st.stm32cube.ide.mpu.remote.serial 1 1 2026-05-21 14:22:32.628
!MESSAGE port: COM14

!ENTRY com.st.stm32cube.ide.mpu.remote.serial 1 1 2026-05-21 14:22:32.629
!MESSAGE port: COM4

!ENTRY com.st.stm32cube.ide.mpu.remote.serial 1 1 2026-05-21 14:22:32.629
!MESSAGE port: COM8

!ENTRY com.st.stm32cube.ide.mpu.remote.serial 1 1 2026-05-21 14:22:32.630
!MESSAGE port: COM13

!ENTRY com.st.stm32cube.ide.mpu.remote.serial 1 1 2026-05-21 14:22:32.631
!MESSAGE port: COM12

!ENTRY com.st.stm32cube.ide.mpu.remote.serial 1 1 2026-05-21 14:22:32.631
!MESSAGE port: COM11

!ENTRY com.st.stm32cube.ide.mpu.remote.serial 1 1 2026-05-21 14:23:43.436
!MESSAGE Executed PowerShell command powershell.exe -Command "Get-CimInstance -ClassName Win32_SerialPort | Select-Object -ExpandProperty DeviceID":
COM7
COM6
COM15
COM16
COM14
COM4
COM8
COM13
COM12
COM11


!ENTRY com.st.stm32cube.ide.mpu.remote.serial 1 1 2026-05-21 14:23:43.437
!MESSAGE port: COM7

!ENTRY com.st.stm32cube.ide.mpu.remote.serial 1 1 2026-05-21 14:23:43.437
!MESSAGE port: COM6

!ENTRY com.st.stm32cube.ide.mpu.remote.serial 1 1 2026-05-21 14:23:43.438
!MESSAGE port: COM15

!ENTRY com.st.stm32cube.ide.mpu.remote.serial 1 1 2026-05-21 14:23:43.439
!MESSAGE port: COM16

!ENTRY com.st.stm32cube.ide.mpu.remote.serial 1 1 2026-05-21 14:23:43.439
!MESSAGE port: COM14

!ENTRY com.st.stm32cube.ide.mpu.remote.serial 1 1 2026-05-21 14:23:43.440
!MESSAGE port: COM4

!ENTRY com.st.stm32cube.ide.mpu.remote.serial 1 1 2026-05-21 14:23:43.441
!MESSAGE port: COM8

!ENTRY com.st.stm32cube.ide.mpu.remote.serial 1 1 2026-05-21 14:23:43.441
!MESSAGE port: COM13

!ENTRY com.st.stm32cube.ide.mpu.remote.serial 1 1 2026-05-21 14:23:43.442
!MESSAGE port: COM12

!ENTRY com.st.stm32cube.ide.mpu.remote.serial 1 1 2026-05-21 14:23:43.443
!MESSAGE port: COM11

!ENTRY com.st.stm32cube.ide.mpu.remote.serial 1 1 2026-05-21 14:24:11.866
!MESSAGE Executed PowerShell command powershell.exe -Command "Get-CimInstance -ClassName Win32_SerialPort | Select-Object -ExpandProperty DeviceID":
COM7
COM6
COM15
COM16
COM14
COM4
COM8
COM13
COM12
COM11


!ENTRY com.st.stm32cube.ide.mpu.remote.serial 1 1 2026-05-21 14:24:11.867
!MESSAGE port: COM7

!ENTRY com.st.stm32cube.ide.mpu.remote.serial 1 1 2026-05-21 14:24:11.868
!MESSAGE port: COM6

!ENTRY com.st.stm32cube.ide.mpu.remote.serial 1 1 2026-05-21 14:24:11.868
!MESSAGE port: COM15

!ENTRY com.st.stm32cube.ide.mpu.remote.serial 1 1 2026-05-21 14:24:11.869
!MESSAGE port: COM16

!ENTRY com.st.stm32cube.ide.mpu.remote.serial 1 1 2026-05-21 14:24:11.870
!MESSAGE port: COM14

!ENTRY com.st.stm32cube.ide.mpu.remote.serial 1 1 2026-05-21 14:24:11.870
!MESSAGE port: COM4

!ENTRY com.st.stm32cube.ide.mpu.remote.serial 1 1 2026-05-21 14:24:11.871
!MESSAGE port: COM8

!ENTRY com.st.stm32cube.ide.mpu.remote.serial 1 1 2026-05-21 14:24:11.872
!MESSAGE port: COM13

!ENTRY com.st.stm32cube.ide.mpu.remote.serial 1 1 2026-05-21 14:24:11.873
!MESSAGE port: COM12

!ENTRY com.st.stm32cube.ide.mpu.remote.serial 1 1 2026-05-21 14:24:11.874
!MESSAGE port: COM11

!ENTRY com.st.stm32cube.ide.mpu.remote.serial 1 1 2026-05-21 14:28:05.282
!MESSAGE Executed PowerShell command powershell.exe -Command "Get-CimInstance -ClassName Win32_SerialPort | Select-Object -ExpandProperty DeviceID":
COM7
COM6
COM15
COM16
COM14
COM4
COM8
COM13
COM12
COM11


!ENTRY com.st.stm32cube.ide.mpu.remote.serial 1 1 2026-05-21 14:28:05.284
!MESSAGE port: COM7

!ENTRY com.st.stm32cube.ide.mpu.remote.serial 1 1 2026-05-21 14:28:05.284
!MESSAGE port: COM6

!ENTRY com.st.stm32cube.ide.mpu.remote.serial 1 1 2026-05-21 14:28:05.286
!MESSAGE port: COM15

!ENTRY com.st.stm32cube.ide.mpu.remote.serial 1 1 2026-05-21 14:28:05.286
!MESSAGE port: COM16

!ENTRY com.st.stm32cube.ide.mpu.remote.serial 1 1 2026-05-21 14:28:05.288
!MESSAGE port: COM14

!ENTRY com.st.stm32cube.ide.mpu.remote.serial 1 1 2026-05-21 14:28:05.288
!MESSAGE port: COM4

!ENTRY com.st.stm32cube.ide.mpu.remote.serial 1 1 2026-05-21 14:28:05.290
!MESSAGE port: COM8

!ENTRY com.st.stm32cube.ide.mpu.remote.serial 1 1 2026-05-21 14:28:05.290
!MESSAGE port: COM13

!ENTRY com.st.stm32cube.ide.mpu.remote.serial 1 1 2026-05-21 14:28:05.290
!MESSAGE port: COM12

!ENTRY com.st.stm32cube.ide.mpu.remote.serial 1 1 2026-05-21 14:28:05.292
!MESSAGE port: COM11

!ENTRY com.st.stm32cube.ide.mpu.remote.serial 1 1 2026-05-21 14:28:34.331
!MESSAGE Executed PowerShell command powershell.exe -Command "Get-CimInstance -ClassName Win32_SerialPort | Select-Object -ExpandProperty DeviceID":
COM7
COM6
COM15
COM16
COM14
COM4
COM8
COM13
COM12
COM11


!ENTRY com.st.stm32cube.ide.mpu.remote.serial 1 1 2026-05-21 14:28:34.331
!MESSAGE port: COM7

!ENTRY com.st.stm32cube.ide.mpu.remote.serial 1 1 2026-05-21 14:28:34.332
!MESSAGE port: COM6

!ENTRY com.st.stm32cube.ide.mpu.remote.serial 1 1 2026-05-21 14:28:34.333
!MESSAGE port: COM15

!ENTRY com.st.stm32cube.ide.mpu.remote.serial 1 1 2026-05-21 14:28:34.334
!MESSAGE port: COM16

!ENTRY com.st.stm32cube.ide.mpu.remote.serial 1 1 2026-05-21 14:28:34.334
!MESSAGE port: COM14

!ENTRY com.st.stm32cube.ide.mpu.remote.serial 1 1 2026-05-21 14:28:34.335
!MESSAGE port: COM4

!ENTRY com.st.stm32cube.ide.mpu.remote.serial 1 1 2026-05-21 14:28:34.335
!MESSAGE port: COM8

!ENTRY com.st.stm32cube.ide.mpu.remote.serial 1 1 2026-05-21 14:28:34.336
!MESSAGE port: COM13

!ENTRY com.st.stm32cube.ide.mpu.remote.serial 1 1 2026-05-21 14:28:34.337
!MESSAGE port: COM12

!ENTRY com.st.stm32cube.ide.mpu.remote.serial 1 1 2026-05-21 14:28:34.338
!MESSAGE port: COM11

!ENTRY com.st.stm32cube.ide.mpu.remote.serial 1 1 2026-05-21 14:30:05.547
!MESSAGE Executed PowerShell command powershell.exe -Command "Get-CimInstance -ClassName Win32_SerialPort | Select-Object -ExpandProperty DeviceID":
COM7
COM6
COM15
COM16
COM14
COM4
COM8
COM13
COM12
COM11


!ENTRY com.st.stm32cube.ide.mpu.remote.serial 1 1 2026-05-21 14:30:05.549
!MESSAGE port: COM7

!ENTRY com.st.stm32cube.ide.mpu.remote.serial 1 1 2026-05-21 14:30:05.549
!MESSAGE port: COM6

!ENTRY com.st.stm32cube.ide.mpu.remote.serial 1 1 2026-05-21 14:30:05.551
!MESSAGE port: COM15

!ENTRY com.st.stm32cube.ide.mpu.remote.serial 1 1 2026-05-21 14:30:05.551
!MESSAGE port: COM16

!ENTRY com.st.stm32cube.ide.mpu.remote.serial 1 1 2026-05-21 14:30:05.553
!MESSAGE port: COM14

!ENTRY com.st.stm32cube.ide.mpu.remote.serial 1 1 2026-05-21 14:30:05.553
!MESSAGE port: COM4

!ENTRY com.st.stm32cube.ide.mpu.remote.serial 1 1 2026-05-21 14:30:05.555
!MESSAGE port: COM8

!ENTRY com.st.stm32cube.ide.mpu.remote.serial 1 1 2026-05-21 14:30:05.555
!MESSAGE port: COM13

!ENTRY com.st.stm32cube.ide.mpu.remote.serial 1 1 2026-05-21 14:30:05.557
!MESSAGE port: COM12

!ENTRY com.st.stm32cube.ide.mpu.remote.serial 1 1 2026-05-21 14:30:05.557
!MESSAGE port: COM11

!ENTRY com.st.stm32cube.ide.mpu.remote.serial 1 1 2026-05-21 14:30:34.437
!MESSAGE Executed PowerShell command powershell.exe -Command "Get-CimInstance -ClassName Win32_SerialPort | Select-Object -ExpandProperty DeviceID":
COM7
COM6
COM15
COM16
COM14
COM4
COM8
COM13
COM12
COM11


!ENTRY com.st.stm32cube.ide.mpu.remote.serial 1 1 2026-05-21 14:30:34.438
!MESSAGE port: COM7

!ENTRY com.st.stm32cube.ide.mpu.remote.serial 1 1 2026-05-21 14:30:34.439
!MESSAGE port: COM6

!ENTRY com.st.stm32cube.ide.mpu.remote.serial 1 1 2026-05-21 14:30:34.440
!MESSAGE port: COM15

!ENTRY com.st.stm32cube.ide.mpu.remote.serial 1 1 2026-05-21 14:30:34.441
!MESSAGE port: COM16

!ENTRY com.st.stm32cube.ide.mpu.remote.serial 1 1 2026-05-21 14:30:34.442
!MESSAGE port: COM14

!ENTRY com.st.stm32cube.ide.mpu.remote.serial 1 1 2026-05-21 14:30:34.443
!MESSAGE port: COM4

!ENTRY com.st.stm32cube.ide.mpu.remote.serial 1 1 2026-05-21 14:30:34.444
!MESSAGE port: COM8

!ENTRY com.st.stm32cube.ide.mpu.remote.serial 1 1 2026-05-21 14:30:34.445
!MESSAGE port: COM13

!ENTRY com.st.stm32cube.ide.mpu.remote.serial 1 1 2026-05-21 14:30:34.446
!MESSAGE port: COM12

!ENTRY com.st.stm32cube.ide.mpu.remote.serial 1 1 2026-05-21 14:30:34.447
!MESSAGE port: COM11

!ENTRY com.st.stm32cube.ide.mpu.remote.serial 1 1 2026-05-21 14:31:31.890
!MESSAGE Executed PowerShell command powershell.exe -Command "Get-CimInstance -ClassName Win32_SerialPort | Select-Object -ExpandProperty DeviceID":
COM7
COM6
COM15
COM16
COM14
COM4
COM8
COM13
COM12
COM11


!ENTRY com.st.stm32cube.ide.mpu.remote.serial 1 1 2026-05-21 14:31:31.891
!MESSAGE port: COM7

!ENTRY com.st.stm32cube.ide.mpu.remote.serial 1 1 2026-05-21 14:31:31.891
!MESSAGE port: COM6

!ENTRY com.st.stm32cube.ide.mpu.remote.serial 1 1 2026-05-21 14:31:31.892
!MESSAGE port: COM15

!ENTRY com.st.stm32cube.ide.mpu.remote.serial 1 1 2026-05-21 14:31:31.893
!MESSAGE port: COM16

!ENTRY com.st.stm32cube.ide.mpu.remote.serial 1 1 2026-05-21 14:31:31.894
!MESSAGE port: COM14

!ENTRY com.st.stm32cube.ide.mpu.remote.serial 1 1 2026-05-21 14:31:31.895
!MESSAGE port: COM4

!ENTRY com.st.stm32cube.ide.mpu.remote.serial 1 1 2026-05-21 14:31:31.896
!MESSAGE port: COM8

!ENTRY com.st.stm32cube.ide.mpu.remote.serial 1 1 2026-05-21 14:31:31.897
!MESSAGE port: COM13

!ENTRY com.st.stm32cube.ide.mpu.remote.serial 1 1 2026-05-21 14:31:31.897
!MESSAGE port: COM12

!ENTRY com.st.stm32cube.ide.mpu.remote.serial 1 1 2026-05-21 14:31:31.898
!MESSAGE port: COM11

!ENTRY com.st.stm32cube.ide.mpu.remote.serial 1 1 2026-05-21 14:32:00.063
!MESSAGE Executed PowerShell command powershell.exe -Command "Get-CimInstance -ClassName Win32_SerialPort | Select-Object -ExpandProperty DeviceID":
COM7
COM6
COM15
COM16
COM14
COM4
COM8
COM13
COM12
COM11


!ENTRY com.st.stm32cube.ide.mpu.remote.serial 1 1 2026-05-21 14:32:00.064
!MESSAGE port: COM7

!ENTRY com.st.stm32cube.ide.mpu.remote.serial 1 1 2026-05-21 14:32:00.065
!MESSAGE port: COM6

!ENTRY com.st.stm32cube.ide.mpu.remote.serial 1 1 2026-05-21 14:32:00.066
!MESSAGE port: COM15

!ENTRY com.st.stm32cube.ide.mpu.remote.serial 1 1 2026-05-21 14:32:00.067
!MESSAGE port: COM16

!ENTRY com.st.stm32cube.ide.mpu.remote.serial 1 1 2026-05-21 14:32:00.067
!MESSAGE port: COM14

!ENTRY com.st.stm32cube.ide.mpu.remote.serial 1 1 2026-05-21 14:32:00.068
!MESSAGE port: COM4

!ENTRY com.st.stm32cube.ide.mpu.remote.serial 1 1 2026-05-21 14:32:00.069
!MESSAGE port: COM8

!ENTRY com.st.stm32cube.ide.mpu.remote.serial 1 1 2026-05-21 14:32:00.070
!MESSAGE port: COM13

!ENTRY com.st.stm32cube.ide.mpu.remote.serial 1 1 2026-05-21 14:32:00.071
!MESSAGE port: COM12

!ENTRY com.st.stm32cube.ide.mpu.remote.serial 1 1 2026-05-21 14:32:00.071
!MESSAGE port: COM11

!ENTRY org.eclipse.cdt.core 1 0 2026-05-21 14:40:38.198
!MESSAGE Indexed 'Prueba_rx_rak' (52 sources, 173 headers) in 5,06 sec: 17.721 declarations; 70.137 references; 3 unresolved inclusions; 33 syntax errors; 171 unresolved names (0,19 %)

!ENTRY org.eclipse.cdt.core 1 0 2026-05-21 14:47:49.402
!MESSAGE Indexed 'Prueba_rx_rak' (52 sources, 173 headers) in 4,72 sec: 17.721 declarations; 70.137 references; 3 unresolved inclusions; 33 syntax errors; 171 unresolved names (0,19 %)

!ENTRY com.st.stm32cube.ide.mpu.remote.serial 1 1 2026-05-21 14:48:34.038
!MESSAGE Executed PowerShell command powershell.exe -Command "Get-CimInstance -ClassName Win32_SerialPort | Select-Object -ExpandProperty DeviceID":
COM7
COM6
COM15
COM16
COM14
COM4
COM8
COM13
COM12
COM11


!ENTRY com.st.stm32cube.ide.mpu.remote.serial 1 1 2026-05-21 14:48:34.039
!MESSAGE port: COM7

!ENTRY com.st.stm32cube.ide.mpu.remote.serial 1 1 2026-05-21 14:48:34.040
!MESSAGE port: COM6

!ENTRY com.st.stm32cube.ide.mpu.remote.serial 1 1 2026-05-21 14:48:34.041
!MESSAGE port: COM15

!ENTRY com.st.stm32cube.ide.mpu.remote.serial 1 1 2026-05-21 14:48:34.042
!MESSAGE port: COM16

!ENTRY com.st.stm32cube.ide.mpu.remote.serial 1 1 2026-05-21 14:48:34.043
!MESSAGE port: COM14

!ENTRY com.st.stm32cube.ide.mpu.remote.serial 1 1 2026-05-21 14:48:34.043
!MESSAGE port: COM4

!ENTRY com.st.stm32cube.ide.mpu.remote.serial 1 1 2026-05-21 14:48:34.044
!MESSAGE port: COM8

!ENTRY com.st.stm32cube.ide.mpu.remote.serial 1 1 2026-05-21 14:48:34.045
!MESSAGE port: COM13

!ENTRY com.st.stm32cube.ide.mpu.remote.serial 1 1 2026-05-21 14:48:34.046
!MESSAGE port: COM12

!ENTRY com.st.stm32cube.ide.mpu.remote.serial 1 1 2026-05-21 14:48:34.046
!MESSAGE port: COM11

!ENTRY com.st.stm32cube.ide.mpu.remote.serial 1 1 2026-05-21 14:49:02.380
!MESSAGE Executed PowerShell command powershell.exe -Command "Get-CimInstance -ClassName Win32_SerialPort | Select-Object -ExpandProperty DeviceID":
COM7
COM6
COM15
COM16
COM14
COM4
COM8
COM13
COM12
COM11


!ENTRY com.st.stm32cube.ide.mpu.remote.serial 1 1 2026-05-21 14:49:02.381
!MESSAGE port: COM7

!ENTRY com.st.stm32cube.ide.mpu.remote.serial 1 1 2026-05-21 14:49:02.381
!MESSAGE port: COM6

!ENTRY com.st.stm32cube.ide.mpu.remote.serial 1 1 2026-05-21 14:49:02.382
!MESSAGE port: COM15

!ENTRY com.st.stm32cube.ide.mpu.remote.serial 1 1 2026-05-21 14:49:02.383
!MESSAGE port: COM16

!ENTRY com.st.stm32cube.ide.mpu.remote.serial 1 1 2026-05-21 14:49:02.383
!MESSAGE port: COM14

!ENTRY com.st.stm32cube.ide.mpu.remote.serial 1 1 2026-05-21 14:49:02.384
!MESSAGE port: COM4

!ENTRY com.st.stm32cube.ide.mpu.remote.serial 1 1 2026-05-21 14:49:02.385
!MESSAGE port: COM8

!ENTRY com.st.stm32cube.ide.mpu.remote.serial 1 1 2026-05-21 14:49:02.385
!MESSAGE port: COM13

!ENTRY com.st.stm32cube.ide.mpu.remote.serial 1 1 2026-05-21 14:49:02.386
!MESSAGE port: COM12

!ENTRY com.st.stm32cube.ide.mpu.remote.serial 1 1 2026-05-21 14:49:02.387
!MESSAGE port: COM11

!ENTRY com.st.stm32cube.ide.mpu.remote.serial 1 1 2026-05-21 14:49:49.262
!MESSAGE Executed PowerShell command powershell.exe -Command "Get-CimInstance -ClassName Win32_SerialPort | Select-Object -ExpandProperty DeviceID":
COM7
COM6
COM15
COM16
COM14
COM4
COM8
COM13
COM12
COM11


!ENTRY com.st.stm32cube.ide.mpu.remote.serial 1 1 2026-05-21 14:49:49.264
!MESSAGE port: COM7

!ENTRY com.st.stm32cube.ide.mpu.remote.serial 1 1 2026-05-21 14:49:49.264
!MESSAGE port: COM6

!ENTRY com.st.stm32cube.ide.mpu.remote.serial 1 1 2026-05-21 14:49:49.265
!MESSAGE port: COM15

!ENTRY com.st.stm32cube.ide.mpu.remote.serial 1 1 2026-05-21 14:49:49.265
!MESSAGE port: COM16

!ENTRY com.st.stm32cube.ide.mpu.remote.serial 1 1 2026-05-21 14:49:49.265
!MESSAGE port: COM14

!ENTRY com.st.stm32cube.ide.mpu.remote.serial 1 1 2026-05-21 14:49:49.266
!MESSAGE port: COM4

!ENTRY com.st.stm32cube.ide.mpu.remote.serial 1 1 2026-05-21 14:49:49.267
!MESSAGE port: COM8

!ENTRY com.st.stm32cube.ide.mpu.remote.serial 1 1 2026-05-21 14:49:49.267
!MESSAGE port: COM13

!ENTRY com.st.stm32cube.ide.mpu.remote.serial 1 1 2026-05-21 14:49:49.268
!MESSAGE port: COM12

!ENTRY com.st.stm32cube.ide.mpu.remote.serial 1 1 2026-05-21 14:49:49.269
!MESSAGE port: COM11

!ENTRY com.st.stm32cube.ide.mpu.remote.serial 1 1 2026-05-21 14:50:17.572
!MESSAGE Executed PowerShell command powershell.exe -Command "Get-CimInstance -ClassName Win32_SerialPort | Select-Object -ExpandProperty DeviceID":
COM7
COM6
COM15
COM16
COM14
COM4
COM8
COM13
COM12
COM11


!ENTRY com.st.stm32cube.ide.mpu.remote.serial 1 1 2026-05-21 14:50:17.573
!MESSAGE port: COM7

!ENTRY com.st.stm32cube.ide.mpu.remote.serial 1 1 2026-05-21 14:50:17.574
!MESSAGE port: COM6

!ENTRY com.st.stm32cube.ide.mpu.remote.serial 1 1 2026-05-21 14:50:17.574
!MESSAGE port: COM15

!ENTRY com.st.stm32cube.ide.mpu.remote.serial 1 1 2026-05-21 14:50:17.575
!MESSAGE port: COM16

!ENTRY com.st.stm32cube.ide.mpu.remote.serial 1 1 2026-05-21 14:50:17.576
!MESSAGE port: COM14

!ENTRY com.st.stm32cube.ide.mpu.remote.serial 1 1 2026-05-21 14:50:17.577
!MESSAGE port: COM4

!ENTRY com.st.stm32cube.ide.mpu.remote.serial 1 1 2026-05-21 14:50:17.577
!MESSAGE port: COM8

!ENTRY com.st.stm32cube.ide.mpu.remote.serial 1 1 2026-05-21 14:50:17.578
!MESSAGE port: COM13

!ENTRY com.st.stm32cube.ide.mpu.remote.serial 1 1 2026-05-21 14:50:17.579
!MESSAGE port: COM12

!ENTRY com.st.stm32cube.ide.mpu.remote.serial 1 1 2026-05-21 14:50:17.579
!MESSAGE port: COM11

!ENTRY com.st.stm32cube.ide.mpu.remote.serial 1 1 2026-05-21 14:51:31.825
!MESSAGE Executed PowerShell command powershell.exe -Command "Get-CimInstance -ClassName Win32_SerialPort | Select-Object -ExpandProperty DeviceID":
COM7
COM6
COM15
COM16
COM14
COM4
COM8
COM13
COM12
COM11


!ENTRY com.st.stm32cube.ide.mpu.remote.serial 1 1 2026-05-21 14:51:31.826
!MESSAGE port: COM7

!ENTRY com.st.stm32cube.ide.mpu.remote.serial 1 1 2026-05-21 14:51:31.826
!MESSAGE port: COM6

!ENTRY com.st.stm32cube.ide.mpu.remote.serial 1 1 2026-05-21 14:51:31.827
!MESSAGE port: COM15

!ENTRY com.st.stm32cube.ide.mpu.remote.serial 1 1 2026-05-21 14:51:31.828
!MESSAGE port: COM16

!ENTRY com.st.stm32cube.ide.mpu.remote.serial 1 1 2026-05-21 14:51:31.829
!MESSAGE port: COM14

!ENTRY com.st.stm32cube.ide.mpu.remote.serial 1 1 2026-05-21 14:51:31.829
!MESSAGE port: COM4

!ENTRY com.st.stm32cube.ide.mpu.remote.serial 1 1 2026-05-21 14:51:31.830
!MESSAGE port: COM8

!ENTRY com.st.stm32cube.ide.mpu.remote.serial 1 1 2026-05-21 14:51:31.831
!MESSAGE port: COM13

!ENTRY com.st.stm32cube.ide.mpu.remote.serial 1 1 2026-05-21 14:51:31.831
!MESSAGE port: COM12

!ENTRY com.st.stm32cube.ide.mpu.remote.serial 1 1 2026-05-21 14:51:31.832
!MESSAGE port: COM11

!ENTRY com.st.stm32cube.ide.mpu.remote.serial 1 1 2026-05-21 14:52:00.101
!MESSAGE Executed PowerShell command powershell.exe -Command "Get-CimInstance -ClassName Win32_SerialPort | Select-Object -ExpandProperty DeviceID":
COM7
COM6
COM15
COM16
COM14
COM4
COM8
COM13
COM12
COM11


!ENTRY com.st.stm32cube.ide.mpu.remote.serial 1 1 2026-05-21 14:52:00.102
!MESSAGE port: COM7

!ENTRY com.st.stm32cube.ide.mpu.remote.serial 1 1 2026-05-21 14:52:00.103
!MESSAGE port: COM6

!ENTRY com.st.stm32cube.ide.mpu.remote.serial 1 1 2026-05-21 14:52:00.104
!MESSAGE port: COM15

!ENTRY com.st.stm32cube.ide.mpu.remote.serial 1 1 2026-05-21 14:52:00.105
!MESSAGE port: COM16

!ENTRY com.st.stm32cube.ide.mpu.remote.serial 1 1 2026-05-21 14:52:00.106
!MESSAGE port: COM14

!ENTRY com.st.stm32cube.ide.mpu.remote.serial 1 1 2026-05-21 14:52:00.107
!MESSAGE port: COM4

!ENTRY com.st.stm32cube.ide.mpu.remote.serial 1 1 2026-05-21 14:52:00.108
!MESSAGE port: COM8

!ENTRY com.st.stm32cube.ide.mpu.remote.serial 1 1 2026-05-21 14:52:00.109
!MESSAGE port: COM13

!ENTRY com.st.stm32cube.ide.mpu.remote.serial 1 1 2026-05-21 14:52:00.110
!MESSAGE port: COM12

!ENTRY com.st.stm32cube.ide.mpu.remote.serial 1 1 2026-05-21 14:52:00.110
!MESSAGE port: COM11

!ENTRY com.st.stm32cube.ide.mpu.remote.serial 1 1 2026-05-21 14:52:31.773
!MESSAGE Executed PowerShell command powershell.exe -Command "Get-CimInstance -ClassName Win32_SerialPort | Select-Object -ExpandProperty DeviceID":
COM7
COM6
COM15
COM16
COM14
COM4
COM8
COM13
COM12
COM11


!ENTRY com.st.stm32cube.ide.mpu.remote.serial 1 1 2026-05-21 14:52:31.773
!MESSAGE port: COM7

!ENTRY com.st.stm32cube.ide.mpu.remote.serial 1 1 2026-05-21 14:52:31.774
!MESSAGE port: COM6

!ENTRY com.st.stm32cube.ide.mpu.remote.serial 1 1 2026-05-21 14:52:31.776
!MESSAGE port: COM15

!ENTRY com.st.stm32cube.ide.mpu.remote.serial 1 1 2026-05-21 14:52:31.776
!MESSAGE port: COM16

!ENTRY com.st.stm32cube.ide.mpu.remote.serial 1 1 2026-05-21 14:52:31.777
!MESSAGE port: COM14

!ENTRY com.st.stm32cube.ide.mpu.remote.serial 1 1 2026-05-21 14:52:31.778
!MESSAGE port: COM4

!ENTRY com.st.stm32cube.ide.mpu.remote.serial 1 1 2026-05-21 14:52:31.779
!MESSAGE port: COM8

!ENTRY com.st.stm32cube.ide.mpu.remote.serial 1 1 2026-05-21 14:52:31.780
!MESSAGE port: COM13

!ENTRY com.st.stm32cube.ide.mpu.remote.serial 1 1 2026-05-21 14:52:31.780
!MESSAGE port: COM12

!ENTRY com.st.stm32cube.ide.mpu.remote.serial 1 1 2026-05-21 14:52:31.781
!MESSAGE port: COM11

!ENTRY com.st.stm32cube.ide.mpu.remote.serial 1 1 2026-05-21 14:53:00.031
!MESSAGE Executed PowerShell command powershell.exe -Command "Get-CimInstance -ClassName Win32_SerialPort | Select-Object -ExpandProperty DeviceID":
COM7
COM6
COM15
COM16
COM14
COM4
COM8
COM13
COM12
COM11


!ENTRY com.st.stm32cube.ide.mpu.remote.serial 1 1 2026-05-21 14:53:00.032
!MESSAGE port: COM7

!ENTRY com.st.stm32cube.ide.mpu.remote.serial 1 1 2026-05-21 14:53:00.033
!MESSAGE port: COM6

!ENTRY com.st.stm32cube.ide.mpu.remote.serial 1 1 2026-05-21 14:53:00.033
!MESSAGE port: COM15

!ENTRY com.st.stm32cube.ide.mpu.remote.serial 1 1 2026-05-21 14:53:00.035
!MESSAGE port: COM16

!ENTRY com.st.stm32cube.ide.mpu.remote.serial 1 1 2026-05-21 14:53:00.036
!MESSAGE port: COM14

!ENTRY com.st.stm32cube.ide.mpu.remote.serial 1 1 2026-05-21 14:53:00.037
!MESSAGE port: COM4

!ENTRY com.st.stm32cube.ide.mpu.remote.serial 1 1 2026-05-21 14:53:00.038
!MESSAGE port: COM8

!ENTRY com.st.stm32cube.ide.mpu.remote.serial 1 1 2026-05-21 14:53:00.039
!MESSAGE port: COM13

!ENTRY com.st.stm32cube.ide.mpu.remote.serial 1 1 2026-05-21 14:53:00.039
!MESSAGE port: COM12

!ENTRY com.st.stm32cube.ide.mpu.remote.serial 1 1 2026-05-21 14:53:00.040
!MESSAGE port: COM11

!ENTRY com.st.stm32cube.ide.mpu.remote.serial 1 1 2026-05-21 14:53:32.632
!MESSAGE Executed PowerShell command powershell.exe -Command "Get-CimInstance -ClassName Win32_SerialPort | Select-Object -ExpandProperty DeviceID":
COM7
COM6
COM15
COM16
COM14
COM4
COM8
COM13
COM12
COM11


!ENTRY com.st.stm32cube.ide.mpu.remote.serial 1 1 2026-05-21 14:53:32.633
!MESSAGE port: COM7

!ENTRY com.st.stm32cube.ide.mpu.remote.serial 1 1 2026-05-21 14:53:32.633
!MESSAGE port: COM6

!ENTRY com.st.stm32cube.ide.mpu.remote.serial 1 1 2026-05-21 14:53:32.634
!MESSAGE port: COM15

!ENTRY com.st.stm32cube.ide.mpu.remote.serial 1 1 2026-05-21 14:53:32.635
!MESSAGE port: COM16

!ENTRY com.st.stm32cube.ide.mpu.remote.serial 1 1 2026-05-21 14:53:32.635
!MESSAGE port: COM14

!ENTRY com.st.stm32cube.ide.mpu.remote.serial 1 1 2026-05-21 14:53:32.636
!MESSAGE port: COM4

!ENTRY com.st.stm32cube.ide.mpu.remote.serial 1 1 2026-05-21 14:53:32.637
!MESSAGE port: COM8

!ENTRY com.st.stm32cube.ide.mpu.remote.serial 1 1 2026-05-21 14:53:32.638
!MESSAGE port: COM13

!ENTRY com.st.stm32cube.ide.mpu.remote.serial 1 1 2026-05-21 14:53:32.638
!MESSAGE port: COM12

!ENTRY com.st.stm32cube.ide.mpu.remote.serial 1 1 2026-05-21 14:53:32.639
!MESSAGE port: COM11

!ENTRY com.st.stm32cube.ide.mpu.remote.serial 1 1 2026-05-21 14:54:00.891
!MESSAGE Executed PowerShell command powershell.exe -Command "Get-CimInstance -ClassName Win32_SerialPort | Select-Object -ExpandProperty DeviceID":
COM7
COM6
COM15
COM16
COM14
COM4
COM8
COM13
COM12
COM11


!ENTRY com.st.stm32cube.ide.mpu.remote.serial 1 1 2026-05-21 14:54:00.892
!MESSAGE port: COM7

!ENTRY com.st.stm32cube.ide.mpu.remote.serial 1 1 2026-05-21 14:54:00.893
!MESSAGE port: COM6

!ENTRY com.st.stm32cube.ide.mpu.remote.serial 1 1 2026-05-21 14:54:00.894
!MESSAGE port: COM15

!ENTRY com.st.stm32cube.ide.mpu.remote.serial 1 1 2026-05-21 14:54:00.895
!MESSAGE port: COM16

!ENTRY com.st.stm32cube.ide.mpu.remote.serial 1 1 2026-05-21 14:54:00.895
!MESSAGE port: COM14

!ENTRY com.st.stm32cube.ide.mpu.remote.serial 1 1 2026-05-21 14:54:00.896
!MESSAGE port: COM4

!ENTRY com.st.stm32cube.ide.mpu.remote.serial 1 1 2026-05-21 14:54:00.897
!MESSAGE port: COM8

!ENTRY com.st.stm32cube.ide.mpu.remote.serial 1 1 2026-05-21 14:54:00.898
!MESSAGE port: COM13

!ENTRY com.st.stm32cube.ide.mpu.remote.serial 1 1 2026-05-21 14:54:00.899
!MESSAGE port: COM12

!ENTRY com.st.stm32cube.ide.mpu.remote.serial 1 1 2026-05-21 14:54:00.899
!MESSAGE port: COM11

!ENTRY com.st.stm32cube.ide.mpu.remote.serial 1 1 2026-05-21 14:58:20.286
!MESSAGE Executed PowerShell command powershell.exe -Command "Get-CimInstance -ClassName Win32_SerialPort | Select-Object -ExpandProperty DeviceID":
COM7
COM6
COM15
COM16
COM14
COM4
COM8
COM13
COM12
COM11


!ENTRY com.st.stm32cube.ide.mpu.remote.serial 1 1 2026-05-21 14:58:20.287
!MESSAGE port: COM7

!ENTRY com.st.stm32cube.ide.mpu.remote.serial 1 1 2026-05-21 14:58:20.289
!MESSAGE port: COM6

!ENTRY com.st.stm32cube.ide.mpu.remote.serial 1 1 2026-05-21 14:58:20.289
!MESSAGE port: COM15

!ENTRY com.st.stm32cube.ide.mpu.remote.serial 1 1 2026-05-21 14:58:20.290
!MESSAGE port: COM16

!ENTRY com.st.stm32cube.ide.mpu.remote.serial 1 1 2026-05-21 14:58:20.291
!MESSAGE port: COM14

!ENTRY com.st.stm32cube.ide.mpu.remote.serial 1 1 2026-05-21 14:58:20.292
!MESSAGE port: COM4

!ENTRY com.st.stm32cube.ide.mpu.remote.serial 1 1 2026-05-21 14:58:20.293
!MESSAGE port: COM8

!ENTRY com.st.stm32cube.ide.mpu.remote.serial 1 1 2026-05-21 14:58:20.294
!MESSAGE port: COM13

!ENTRY com.st.stm32cube.ide.mpu.remote.serial 1 1 2026-05-21 14:58:20.295
!MESSAGE port: COM12

!ENTRY com.st.stm32cube.ide.mpu.remote.serial 1 1 2026-05-21 14:58:20.296
!MESSAGE port: COM11

!ENTRY com.st.stm32cube.ide.mpu.remote.serial 1 1 2026-05-21 14:58:48.797
!MESSAGE Executed PowerShell command powershell.exe -Command "Get-CimInstance -ClassName Win32_SerialPort | Select-Object -ExpandProperty DeviceID":
COM7
COM6
COM15
COM16
COM14
COM4
COM8
COM13
COM12
COM11


!ENTRY com.st.stm32cube.ide.mpu.remote.serial 1 1 2026-05-21 14:58:48.798
!MESSAGE port: COM7

!ENTRY com.st.stm32cube.ide.mpu.remote.serial 1 1 2026-05-21 14:58:48.799
!MESSAGE port: COM6

!ENTRY com.st.stm32cube.ide.mpu.remote.serial 1 1 2026-05-21 14:58:48.800
!MESSAGE port: COM15

!ENTRY com.st.stm32cube.ide.mpu.remote.serial 1 1 2026-05-21 14:58:48.801
!MESSAGE port: COM16

!ENTRY com.st.stm32cube.ide.mpu.remote.serial 1 1 2026-05-21 14:58:48.802
!MESSAGE port: COM14

!ENTRY com.st.stm32cube.ide.mpu.remote.serial 1 1 2026-05-21 14:58:48.802
!MESSAGE port: COM4

!ENTRY com.st.stm32cube.ide.mpu.remote.serial 1 1 2026-05-21 14:58:48.803
!MESSAGE port: COM8

!ENTRY com.st.stm32cube.ide.mpu.remote.serial 1 1 2026-05-21 14:58:48.806
!MESSAGE port: COM13

!ENTRY com.st.stm32cube.ide.mpu.remote.serial 1 1 2026-05-21 14:58:48.807
!MESSAGE port: COM12

!ENTRY com.st.stm32cube.ide.mpu.remote.serial 1 1 2026-05-21 14:58:48.808
!MESSAGE port: COM11

!ENTRY com.st.stm32cube.ide.mpu.remote.serial 1 1 2026-05-21 15:03:03.644
!MESSAGE Executed PowerShell command powershell.exe -Command "Get-CimInstance -ClassName Win32_SerialPort | Select-Object -ExpandProperty DeviceID":
COM7
COM6
COM15
COM16
COM14
COM4
COM8
COM13
COM12
COM11


!ENTRY com.st.stm32cube.ide.mpu.remote.serial 1 1 2026-05-21 15:03:03.645
!MESSAGE port: COM7

!ENTRY com.st.stm32cube.ide.mpu.remote.serial 1 1 2026-05-21 15:03:03.646
!MESSAGE port: COM6

!ENTRY com.st.stm32cube.ide.mpu.remote.serial 1 1 2026-05-21 15:03:03.646
!MESSAGE port: COM15

!ENTRY com.st.stm32cube.ide.mpu.remote.serial 1 1 2026-05-21 15:03:03.647
!MESSAGE port: COM16

!ENTRY com.st.stm32cube.ide.mpu.remote.serial 1 1 2026-05-21 15:03:03.648
!MESSAGE port: COM14

!ENTRY com.st.stm32cube.ide.mpu.remote.serial 1 1 2026-05-21 15:03:03.648
!MESSAGE port: COM4

!ENTRY com.st.stm32cube.ide.mpu.remote.serial 1 1 2026-05-21 15:03:03.649
!MESSAGE port: COM8

!ENTRY com.st.stm32cube.ide.mpu.remote.serial 1 1 2026-05-21 15:03:03.650
!MESSAGE port: COM13

!ENTRY com.st.stm32cube.ide.mpu.remote.serial 1 1 2026-05-21 15:03:03.650
!MESSAGE port: COM12

!ENTRY com.st.stm32cube.ide.mpu.remote.serial 1 1 2026-05-21 15:03:03.651
!MESSAGE port: COM11

!ENTRY com.st.stm32cube.ide.mpu.remote.serial 1 1 2026-05-21 15:03:31.872
!MESSAGE Executed PowerShell command powershell.exe -Command "Get-CimInstance -ClassName Win32_SerialPort | Select-Object -ExpandProperty DeviceID":
COM7
COM6
COM15
COM16
COM14
COM4
COM8
COM13
COM12
COM11


!ENTRY com.st.stm32cube.ide.mpu.remote.serial 1 1 2026-05-21 15:03:31.874
!MESSAGE port: COM7

!ENTRY com.st.stm32cube.ide.mpu.remote.serial 1 1 2026-05-21 15:03:31.875
!MESSAGE port: COM6

!ENTRY com.st.stm32cube.ide.mpu.remote.serial 1 1 2026-05-21 15:03:31.877
!MESSAGE port: COM15

!ENTRY com.st.stm32cube.ide.mpu.remote.serial 1 1 2026-05-21 15:03:31.878
!MESSAGE port: COM16

!ENTRY com.st.stm32cube.ide.mpu.remote.serial 1 1 2026-05-21 15:03:31.879
!MESSAGE port: COM14

!ENTRY com.st.stm32cube.ide.mpu.remote.serial 1 1 2026-05-21 15:03:31.880
!MESSAGE port: COM4

!ENTRY com.st.stm32cube.ide.mpu.remote.serial 1 1 2026-05-21 15:03:31.882
!MESSAGE port: COM8

!ENTRY com.st.stm32cube.ide.mpu.remote.serial 1 1 2026-05-21 15:03:31.884
!MESSAGE port: COM13

!ENTRY com.st.stm32cube.ide.mpu.remote.serial 1 1 2026-05-21 15:03:31.885
!MESSAGE port: COM12

!ENTRY com.st.stm32cube.ide.mpu.remote.serial 1 1 2026-05-21 15:03:31.887
!MESSAGE port: COM11

!ENTRY com.st.stm32cube.ide.mpu.remote.serial 1 1 2026-05-21 15:22:43.614
!MESSAGE Executed PowerShell command powershell.exe -Command "Get-CimInstance -ClassName Win32_SerialPort | Select-Object -ExpandProperty DeviceID":
COM7
COM6
COM15
COM16
COM14
COM4
COM8
COM13
COM12
COM11


!ENTRY com.st.stm32cube.ide.mpu.remote.serial 1 1 2026-05-21 15:22:43.614
!MESSAGE port: COM7

!ENTRY com.st.stm32cube.ide.mpu.remote.serial 1 1 2026-05-21 15:22:43.615
!MESSAGE port: COM6

!ENTRY com.st.stm32cube.ide.mpu.remote.serial 1 1 2026-05-21 15:22:43.616
!MESSAGE port: COM15

!ENTRY com.st.stm32cube.ide.mpu.remote.serial 1 1 2026-05-21 15:22:43.616
!MESSAGE port: COM16

!ENTRY com.st.stm32cube.ide.mpu.remote.serial 1 1 2026-05-21 15:22:43.617
!MESSAGE port: COM14

!ENTRY com.st.stm32cube.ide.mpu.remote.serial 1 1 2026-05-21 15:22:43.617
!MESSAGE port: COM4

!ENTRY com.st.stm32cube.ide.mpu.remote.serial 1 1 2026-05-21 15:22:43.618
!MESSAGE port: COM8

!ENTRY com.st.stm32cube.ide.mpu.remote.serial 1 1 2026-05-21 15:22:43.619
!MESSAGE port: COM13

!ENTRY com.st.stm32cube.ide.mpu.remote.serial 1 1 2026-05-21 15:22:43.619
!MESSAGE port: COM12

!ENTRY com.st.stm32cube.ide.mpu.remote.serial 1 1 2026-05-21 15:22:43.620
!MESSAGE port: COM11

!ENTRY com.st.stm32cube.ide.mpu.remote.serial 1 1 2026-05-21 15:23:41.717
!MESSAGE Executed PowerShell command powershell.exe -Command "Get-CimInstance -ClassName Win32_SerialPort | Select-Object -ExpandProperty DeviceID":
COM7
COM6
COM15
COM16
COM14
COM4
COM8
COM13
COM12
COM11


!ENTRY com.st.stm32cube.ide.mpu.remote.serial 1 1 2026-05-21 15:23:41.717
!MESSAGE port: COM7

!ENTRY com.st.stm32cube.ide.mpu.remote.serial 1 1 2026-05-21 15:23:41.718
!MESSAGE port: COM6

!ENTRY com.st.stm32cube.ide.mpu.remote.serial 1 1 2026-05-21 15:23:41.719
!MESSAGE port: COM15

!ENTRY com.st.stm32cube.ide.mpu.remote.serial 1 1 2026-05-21 15:23:41.719
!MESSAGE port: COM16

!ENTRY com.st.stm32cube.ide.mpu.remote.serial 1 1 2026-05-21 15:23:41.720
!MESSAGE port: COM14

!ENTRY com.st.stm32cube.ide.mpu.remote.serial 1 1 2026-05-21 15:23:41.720
!MESSAGE port: COM4

!ENTRY com.st.stm32cube.ide.mpu.remote.serial 1 1 2026-05-21 15:23:41.721
!MESSAGE port: COM8

!ENTRY com.st.stm32cube.ide.mpu.remote.serial 1 1 2026-05-21 15:23:41.722
!MESSAGE port: COM13

!ENTRY com.st.stm32cube.ide.mpu.remote.serial 1 1 2026-05-21 15:23:41.722
!MESSAGE port: COM12

!ENTRY com.st.stm32cube.ide.mpu.remote.serial 1 1 2026-05-21 15:23:41.723
!MESSAGE port: COM11

!ENTRY com.st.stm32cube.ide.mpu.remote.serial 1 1 2026-05-21 15:24:10.350
!MESSAGE Executed PowerShell command powershell.exe -Command "Get-CimInstance -ClassName Win32_SerialPort | Select-Object -ExpandProperty DeviceID":
COM7
COM6
COM15
COM16
COM14
COM4
COM8
COM13
COM12
COM11


!ENTRY com.st.stm32cube.ide.mpu.remote.serial 1 1 2026-05-21 15:24:10.351
!MESSAGE port: COM7

!ENTRY com.st.stm32cube.ide.mpu.remote.serial 1 1 2026-05-21 15:24:10.351
!MESSAGE port: COM6

!ENTRY com.st.stm32cube.ide.mpu.remote.serial 1 1 2026-05-21 15:24:10.352
!MESSAGE port: COM15

!ENTRY com.st.stm32cube.ide.mpu.remote.serial 1 1 2026-05-21 15:24:10.353
!MESSAGE port: COM16

!ENTRY com.st.stm32cube.ide.mpu.remote.serial 1 1 2026-05-21 15:24:10.354
!MESSAGE port: COM14

!ENTRY com.st.stm32cube.ide.mpu.remote.serial 1 1 2026-05-21 15:24:10.354
!MESSAGE port: COM4

!ENTRY com.st.stm32cube.ide.mpu.remote.serial 1 1 2026-05-21 15:24:10.355
!MESSAGE port: COM8

!ENTRY com.st.stm32cube.ide.mpu.remote.serial 1 1 2026-05-21 15:24:10.356
!MESSAGE port: COM13

!ENTRY com.st.stm32cube.ide.mpu.remote.serial 1 1 2026-05-21 15:24:10.357
!MESSAGE port: COM12

!ENTRY com.st.stm32cube.ide.mpu.remote.serial 1 1 2026-05-21 15:24:10.358
!MESSAGE port: COM11

!ENTRY com.st.stm32cube.ide.mpu.remote.serial 1 1 2026-05-21 15:34:33.039
!MESSAGE Executed PowerShell command powershell.exe -Command "Get-CimInstance -ClassName Win32_SerialPort | Select-Object -ExpandProperty DeviceID":
COM7
COM6
COM15
COM16
COM14
COM4
COM8
COM13
COM12
COM11


!ENTRY com.st.stm32cube.ide.mpu.remote.serial 1 1 2026-05-21 15:34:33.041
!MESSAGE port: COM7

!ENTRY com.st.stm32cube.ide.mpu.remote.serial 1 1 2026-05-21 15:34:33.042
!MESSAGE port: COM6

!ENTRY com.st.stm32cube.ide.mpu.remote.serial 1 1 2026-05-21 15:34:33.043
!MESSAGE port: COM15

!ENTRY com.st.stm32cube.ide.mpu.remote.serial 1 1 2026-05-21 15:34:33.043
!MESSAGE port: COM16

!ENTRY com.st.stm32cube.ide.mpu.remote.serial 1 1 2026-05-21 15:34:33.044
!MESSAGE port: COM14

!ENTRY com.st.stm32cube.ide.mpu.remote.serial 1 1 2026-05-21 15:34:33.045
!MESSAGE port: COM4

!ENTRY com.st.stm32cube.ide.mpu.remote.serial 1 1 2026-05-21 15:34:33.046
!MESSAGE port: COM8

!ENTRY com.st.stm32cube.ide.mpu.remote.serial 1 1 2026-05-21 15:34:33.047
!MESSAGE port: COM13

!ENTRY com.st.stm32cube.ide.mpu.remote.serial 1 1 2026-05-21 15:34:33.047
!MESSAGE port: COM12

!ENTRY com.st.stm32cube.ide.mpu.remote.serial 1 1 2026-05-21 15:34:33.048
!MESSAGE port: COM11

!ENTRY com.st.stm32cube.ide.mpu.remote.serial 1 1 2026-05-21 15:35:01.861
!MESSAGE Executed PowerShell command powershell.exe -Command "Get-CimInstance -ClassName Win32_SerialPort | Select-Object -ExpandProperty DeviceID":
COM7
COM6
COM15
COM16
COM14
COM4
COM8
COM13
COM12
COM11


!ENTRY com.st.stm32cube.ide.mpu.remote.serial 1 1 2026-05-21 15:35:01.862
!MESSAGE port: COM7

!ENTRY com.st.stm32cube.ide.mpu.remote.serial 1 1 2026-05-21 15:35:01.862
!MESSAGE port: COM6

!ENTRY com.st.stm32cube.ide.mpu.remote.serial 1 1 2026-05-21 15:35:01.863
!MESSAGE port: COM15

!ENTRY com.st.stm32cube.ide.mpu.remote.serial 1 1 2026-05-21 15:35:01.864
!MESSAGE port: COM16

!ENTRY com.st.stm32cube.ide.mpu.remote.serial 1 1 2026-05-21 15:35:01.865
!MESSAGE port: COM14

!ENTRY com.st.stm32cube.ide.mpu.remote.serial 1 1 2026-05-21 15:35:01.865
!MESSAGE port: COM4

!ENTRY com.st.stm32cube.ide.mpu.remote.serial 1 1 2026-05-21 15:35:01.866
!MESSAGE port: COM8

!ENTRY com.st.stm32cube.ide.mpu.remote.serial 1 1 2026-05-21 15:35:01.866
!MESSAGE port: COM13

!ENTRY com.st.stm32cube.ide.mpu.remote.serial 1 1 2026-05-21 15:35:01.867
!MESSAGE port: COM12

!ENTRY com.st.stm32cube.ide.mpu.remote.serial 1 1 2026-05-21 15:35:01.867
!MESSAGE port: COM11

!ENTRY com.st.stm32cube.ide.mpu.remote.serial 1 1 2026-05-21 15:35:46.882
!MESSAGE Executed PowerShell command powershell.exe -Command "Get-CimInstance -ClassName Win32_SerialPort | Select-Object -ExpandProperty DeviceID":
COM7
COM6
COM15
COM16
COM14
COM4
COM8
COM13
COM12
COM11


!ENTRY com.st.stm32cube.ide.mpu.remote.serial 1 1 2026-05-21 15:35:46.883
!MESSAGE port: COM7

!ENTRY com.st.stm32cube.ide.mpu.remote.serial 1 1 2026-05-21 15:35:46.883
!MESSAGE port: COM6

!ENTRY com.st.stm32cube.ide.mpu.remote.serial 1 1 2026-05-21 15:35:46.884
!MESSAGE port: COM15

!ENTRY com.st.stm32cube.ide.mpu.remote.serial 1 1 2026-05-21 15:35:46.885
!MESSAGE port: COM16

!ENTRY com.st.stm32cube.ide.mpu.remote.serial 1 1 2026-05-21 15:35:46.886
!MESSAGE port: COM14

!ENTRY com.st.stm32cube.ide.mpu.remote.serial 1 1 2026-05-21 15:35:46.887
!MESSAGE port: COM4

!ENTRY com.st.stm32cube.ide.mpu.remote.serial 1 1 2026-05-21 15:35:46.888
!MESSAGE port: COM8

!ENTRY com.st.stm32cube.ide.mpu.remote.serial 1 1 2026-05-21 15:35:46.889
!MESSAGE port: COM13

!ENTRY com.st.stm32cube.ide.mpu.remote.serial 1 1 2026-05-21 15:35:46.890
!MESSAGE port: COM12

!ENTRY com.st.stm32cube.ide.mpu.remote.serial 1 1 2026-05-21 15:35:46.891
!MESSAGE port: COM11

!ENTRY com.st.stm32cube.ide.mpu.remote.serial 1 1 2026-05-21 15:36:15.462
!MESSAGE Executed PowerShell command powershell.exe -Command "Get-CimInstance -ClassName Win32_SerialPort | Select-Object -ExpandProperty DeviceID":
COM7
COM6
COM15
COM16
COM14
COM4
COM8
COM13
COM12
COM11


!ENTRY com.st.stm32cube.ide.mpu.remote.serial 1 1 2026-05-21 15:36:15.462
!MESSAGE port: COM7

!ENTRY com.st.stm32cube.ide.mpu.remote.serial 1 1 2026-05-21 15:36:15.462
!MESSAGE port: COM6

!ENTRY com.st.stm32cube.ide.mpu.remote.serial 1 1 2026-05-21 15:36:15.464
!MESSAGE port: COM15

!ENTRY com.st.stm32cube.ide.mpu.remote.serial 1 1 2026-05-21 15:36:15.465
!MESSAGE port: COM16

!ENTRY com.st.stm32cube.ide.mpu.remote.serial 1 1 2026-05-21 15:36:15.465
!MESSAGE port: COM14

!ENTRY com.st.stm32cube.ide.mpu.remote.serial 1 1 2026-05-21 15:36:15.466
!MESSAGE port: COM4

!ENTRY com.st.stm32cube.ide.mpu.remote.serial 1 1 2026-05-21 15:36:15.466
!MESSAGE port: COM8

!ENTRY com.st.stm32cube.ide.mpu.remote.serial 1 1 2026-05-21 15:36:15.467
!MESSAGE port: COM13

!ENTRY com.st.stm32cube.ide.mpu.remote.serial 1 1 2026-05-21 15:36:15.467
!MESSAGE port: COM12

!ENTRY com.st.stm32cube.ide.mpu.remote.serial 1 1 2026-05-21 15:36:15.468
!MESSAGE port: COM11

!ENTRY com.st.stm32cube.ide.mpu.remote.serial 1 1 2026-05-21 15:36:43.670
!MESSAGE Executed PowerShell command powershell.exe -Command "Get-CimInstance -ClassName Win32_SerialPort | Select-Object -ExpandProperty DeviceID":
COM7
COM6
COM15
COM16
COM14
COM4
COM8
COM13
COM12
COM11


!ENTRY com.st.stm32cube.ide.mpu.remote.serial 1 1 2026-05-21 15:36:43.671
!MESSAGE port: COM7

!ENTRY com.st.stm32cube.ide.mpu.remote.serial 1 1 2026-05-21 15:36:43.671
!MESSAGE port: COM6

!ENTRY com.st.stm32cube.ide.mpu.remote.serial 1 1 2026-05-21 15:36:43.672
!MESSAGE port: COM15

!ENTRY com.st.stm32cube.ide.mpu.remote.serial 1 1 2026-05-21 15:36:43.673
!MESSAGE port: COM16

!ENTRY com.st.stm32cube.ide.mpu.remote.serial 1 1 2026-05-21 15:36:43.674
!MESSAGE port: COM14

!ENTRY com.st.stm32cube.ide.mpu.remote.serial 1 1 2026-05-21 15:36:43.674
!MESSAGE port: COM4

!ENTRY com.st.stm32cube.ide.mpu.remote.serial 1 1 2026-05-21 15:36:43.675
!MESSAGE port: COM8

!ENTRY com.st.stm32cube.ide.mpu.remote.serial 1 1 2026-05-21 15:36:43.675
!MESSAGE port: COM13

!ENTRY com.st.stm32cube.ide.mpu.remote.serial 1 1 2026-05-21 15:36:43.676
!MESSAGE port: COM12

!ENTRY com.st.stm32cube.ide.mpu.remote.serial 1 1 2026-05-21 15:36:43.677
!MESSAGE port: COM11

!ENTRY com.st.stm32cube.ide.mpu.remote.serial 1 1 2026-05-21 15:37:40.629
!MESSAGE Executed PowerShell command powershell.exe -Command "Get-CimInstance -ClassName Win32_SerialPort | Select-Object -ExpandProperty DeviceID":
COM7
COM6
COM15
COM16
COM14
COM4
COM8
COM13
COM12
COM11


!ENTRY com.st.stm32cube.ide.mpu.remote.serial 1 1 2026-05-21 15:37:40.630
!MESSAGE port: COM7

!ENTRY com.st.stm32cube.ide.mpu.remote.serial 1 1 2026-05-21 15:37:40.631
!MESSAGE port: COM6

!ENTRY com.st.stm32cube.ide.mpu.remote.serial 1 1 2026-05-21 15:37:40.631
!MESSAGE port: COM15

!ENTRY com.st.stm32cube.ide.mpu.remote.serial 1 1 2026-05-21 15:37:40.632
!MESSAGE port: COM16

!ENTRY com.st.stm32cube.ide.mpu.remote.serial 1 1 2026-05-21 15:37:40.633
!MESSAGE port: COM14

!ENTRY com.st.stm32cube.ide.mpu.remote.serial 1 1 2026-05-21 15:37:40.634
!MESSAGE port: COM4

!ENTRY com.st.stm32cube.ide.mpu.remote.serial 1 1 2026-05-21 15:37:40.634
!MESSAGE port: COM8

!ENTRY com.st.stm32cube.ide.mpu.remote.serial 1 1 2026-05-21 15:37:40.635
!MESSAGE port: COM13

!ENTRY com.st.stm32cube.ide.mpu.remote.serial 1 1 2026-05-21 15:37:40.636
!MESSAGE port: COM12

!ENTRY com.st.stm32cube.ide.mpu.remote.serial 1 1 2026-05-21 15:37:40.637
!MESSAGE port: COM11

!ENTRY com.st.stm32cube.ide.mpu.remote.serial 1 1 2026-05-21 15:38:13.791
!MESSAGE Executed PowerShell command powershell.exe -Command "Get-CimInstance -ClassName Win32_SerialPort | Select-Object -ExpandProperty DeviceID":
COM7
COM6
COM15
COM16
COM14
COM4
COM8
COM13
COM12
COM11


!ENTRY com.st.stm32cube.ide.mpu.remote.serial 1 1 2026-05-21 15:38:13.792
!MESSAGE port: COM7

!ENTRY com.st.stm32cube.ide.mpu.remote.serial 1 1 2026-05-21 15:38:13.793
!MESSAGE port: COM6

!ENTRY com.st.stm32cube.ide.mpu.remote.serial 1 1 2026-05-21 15:38:13.794
!MESSAGE port: COM15

!ENTRY com.st.stm32cube.ide.mpu.remote.serial 1 1 2026-05-21 15:38:13.795
!MESSAGE port: COM16

!ENTRY com.st.stm32cube.ide.mpu.remote.serial 1 1 2026-05-21 15:38:13.795
!MESSAGE port: COM14

!ENTRY com.st.stm32cube.ide.mpu.remote.serial 1 1 2026-05-21 15:38:13.796
!MESSAGE port: COM4

!ENTRY com.st.stm32cube.ide.mpu.remote.serial 1 1 2026-05-21 15:38:13.796
!MESSAGE port: COM8

!ENTRY com.st.stm32cube.ide.mpu.remote.serial 1 1 2026-05-21 15:38:13.797
!MESSAGE port: COM13

!ENTRY com.st.stm32cube.ide.mpu.remote.serial 1 1 2026-05-21 15:38:13.798
!MESSAGE port: COM12

!ENTRY com.st.stm32cube.ide.mpu.remote.serial 1 1 2026-05-21 15:38:13.798
!MESSAGE port: COM11

!ENTRY com.st.stm32cube.ide.mpu.remote.serial 1 1 2026-05-21 15:39:04.034
!MESSAGE Executed PowerShell command powershell.exe -Command "Get-CimInstance -ClassName Win32_SerialPort | Select-Object -ExpandProperty DeviceID":
COM7
COM6
COM15
COM16
COM14
COM4
COM8
COM13
COM12
COM11


!ENTRY com.st.stm32cube.ide.mpu.remote.serial 1 1 2026-05-21 15:39:04.035
!MESSAGE port: COM7

!ENTRY com.st.stm32cube.ide.mpu.remote.serial 1 1 2026-05-21 15:39:04.036
!MESSAGE port: COM6

!ENTRY com.st.stm32cube.ide.mpu.remote.serial 1 1 2026-05-21 15:39:04.036
!MESSAGE port: COM15

!ENTRY com.st.stm32cube.ide.mpu.remote.serial 1 1 2026-05-21 15:39:04.037
!MESSAGE port: COM16

!ENTRY com.st.stm32cube.ide.mpu.remote.serial 1 1 2026-05-21 15:39:04.038
!MESSAGE port: COM14

!ENTRY com.st.stm32cube.ide.mpu.remote.serial 1 1 2026-05-21 15:39:04.039
!MESSAGE port: COM4

!ENTRY com.st.stm32cube.ide.mpu.remote.serial 1 1 2026-05-21 15:39:04.039
!MESSAGE port: COM8

!ENTRY com.st.stm32cube.ide.mpu.remote.serial 1 1 2026-05-21 15:39:04.040
!MESSAGE port: COM13

!ENTRY com.st.stm32cube.ide.mpu.remote.serial 1 1 2026-05-21 15:39:04.041
!MESSAGE port: COM12

!ENTRY com.st.stm32cube.ide.mpu.remote.serial 1 1 2026-05-21 15:39:04.041
!MESSAGE port: COM11

!ENTRY com.st.stm32cube.ide.mpu.remote.serial 1 1 2026-05-21 15:39:39.034
!MESSAGE Executed PowerShell command powershell.exe -Command "Get-CimInstance -ClassName Win32_SerialPort | Select-Object -ExpandProperty DeviceID":
COM7
COM6
COM15
COM16
COM14
COM4
COM8
COM13
COM12
COM11


!ENTRY com.st.stm32cube.ide.mpu.remote.serial 1 1 2026-05-21 15:39:39.035
!MESSAGE port: COM7

!ENTRY com.st.stm32cube.ide.mpu.remote.serial 1 1 2026-05-21 15:39:39.036
!MESSAGE port: COM6

!ENTRY com.st.stm32cube.ide.mpu.remote.serial 1 1 2026-05-21 15:39:39.037
!MESSAGE port: COM15

!ENTRY com.st.stm32cube.ide.mpu.remote.serial 1 1 2026-05-21 15:39:39.037
!MESSAGE port: COM16

!ENTRY com.st.stm32cube.ide.mpu.remote.serial 1 1 2026-05-21 15:39:39.038
!MESSAGE port: COM14

!ENTRY com.st.stm32cube.ide.mpu.remote.serial 1 1 2026-05-21 15:39:39.039
!MESSAGE port: COM4

!ENTRY com.st.stm32cube.ide.mpu.remote.serial 1 1 2026-05-21 15:39:39.040
!MESSAGE port: COM8

!ENTRY com.st.stm32cube.ide.mpu.remote.serial 1 1 2026-05-21 15:39:39.040
!MESSAGE port: COM13

!ENTRY com.st.stm32cube.ide.mpu.remote.serial 1 1 2026-05-21 15:39:39.041
!MESSAGE port: COM12

!ENTRY com.st.stm32cube.ide.mpu.remote.serial 1 1 2026-05-21 15:39:39.042
!MESSAGE port: COM11

!ENTRY com.st.stm32cube.ide.mpu.remote.serial 1 1 2026-05-21 15:40:07.426
!MESSAGE Executed PowerShell command powershell.exe -Command "Get-CimInstance -ClassName Win32_SerialPort | Select-Object -ExpandProperty DeviceID":
COM7
COM6
COM15
COM16
COM14
COM4
COM8
COM13
COM12
COM11


!ENTRY com.st.stm32cube.ide.mpu.remote.serial 1 1 2026-05-21 15:40:07.427
!MESSAGE port: COM7

!ENTRY com.st.stm32cube.ide.mpu.remote.serial 1 1 2026-05-21 15:40:07.428
!MESSAGE port: COM6

!ENTRY com.st.stm32cube.ide.mpu.remote.serial 1 1 2026-05-21 15:40:07.429
!MESSAGE port: COM15

!ENTRY com.st.stm32cube.ide.mpu.remote.serial 1 1 2026-05-21 15:40:07.430
!MESSAGE port: COM16

!ENTRY com.st.stm32cube.ide.mpu.remote.serial 1 1 2026-05-21 15:40:07.432
!MESSAGE port: COM14

!ENTRY com.st.stm32cube.ide.mpu.remote.serial 1 1 2026-05-21 15:40:07.432
!MESSAGE port: COM4

!ENTRY com.st.stm32cube.ide.mpu.remote.serial 1 1 2026-05-21 15:40:07.433
!MESSAGE port: COM8

!ENTRY com.st.stm32cube.ide.mpu.remote.serial 1 1 2026-05-21 15:40:07.433
!MESSAGE port: COM13

!ENTRY com.st.stm32cube.ide.mpu.remote.serial 1 1 2026-05-21 15:40:07.433
!MESSAGE port: COM12

!ENTRY com.st.stm32cube.ide.mpu.remote.serial 1 1 2026-05-21 15:40:07.433
!MESSAGE port: COM11

!ENTRY com.st.stm32cube.ide.mpu.remote.serial 1 1 2026-05-21 15:42:58.173
!MESSAGE Executed PowerShell command powershell.exe -Command "Get-CimInstance -ClassName Win32_SerialPort | Select-Object -ExpandProperty DeviceID":
COM7
COM6
COM15
COM16
COM14
COM4
COM8
COM13
COM12
COM11


!ENTRY com.st.stm32cube.ide.mpu.remote.serial 1 1 2026-05-21 15:42:58.174
!MESSAGE port: COM7

!ENTRY com.st.stm32cube.ide.mpu.remote.serial 1 1 2026-05-21 15:42:58.174
!MESSAGE port: COM6

!ENTRY com.st.stm32cube.ide.mpu.remote.serial 1 1 2026-05-21 15:42:58.175
!MESSAGE port: COM15

!ENTRY com.st.stm32cube.ide.mpu.remote.serial 1 1 2026-05-21 15:42:58.176
!MESSAGE port: COM16

!ENTRY com.st.stm32cube.ide.mpu.remote.serial 1 1 2026-05-21 15:42:58.176
!MESSAGE port: COM14

!ENTRY com.st.stm32cube.ide.mpu.remote.serial 1 1 2026-05-21 15:42:58.177
!MESSAGE port: COM4

!ENTRY com.st.stm32cube.ide.mpu.remote.serial 1 1 2026-05-21 15:42:58.177
!MESSAGE port: COM8

!ENTRY com.st.stm32cube.ide.mpu.remote.serial 1 1 2026-05-21 15:42:58.178
!MESSAGE port: COM13

!ENTRY com.st.stm32cube.ide.mpu.remote.serial 1 1 2026-05-21 15:42:58.179
!MESSAGE port: COM12

!ENTRY com.st.stm32cube.ide.mpu.remote.serial 1 1 2026-05-21 15:42:58.179
!MESSAGE port: COM11

!ENTRY com.st.stm32cube.ide.mpu.remote.serial 1 1 2026-05-21 15:43:26.742
!MESSAGE Executed PowerShell command powershell.exe -Command "Get-CimInstance -ClassName Win32_SerialPort | Select-Object -ExpandProperty DeviceID":
COM7
COM6
COM15
COM16
COM14
COM4
COM8
COM13
COM12
COM11


!ENTRY com.st.stm32cube.ide.mpu.remote.serial 1 1 2026-05-21 15:43:26.743
!MESSAGE port: COM7

!ENTRY com.st.stm32cube.ide.mpu.remote.serial 1 1 2026-05-21 15:43:26.743
!MESSAGE port: COM6

!ENTRY com.st.stm32cube.ide.mpu.remote.serial 1 1 2026-05-21 15:43:26.744
!MESSAGE port: COM15

!ENTRY com.st.stm32cube.ide.mpu.remote.serial 1 1 2026-05-21 15:43:26.745
!MESSAGE port: COM16

!ENTRY com.st.stm32cube.ide.mpu.remote.serial 1 1 2026-05-21 15:43:26.746
!MESSAGE port: COM14

!ENTRY com.st.stm32cube.ide.mpu.remote.serial 1 1 2026-05-21 15:43:26.746
!MESSAGE port: COM4

!ENTRY com.st.stm32cube.ide.mpu.remote.serial 1 1 2026-05-21 15:43:26.747
!MESSAGE port: COM8

!ENTRY com.st.stm32cube.ide.mpu.remote.serial 1 1 2026-05-21 15:43:26.748
!MESSAGE port: COM13

!ENTRY com.st.stm32cube.ide.mpu.remote.serial 1 1 2026-05-21 15:43:26.749
!MESSAGE port: COM12

!ENTRY com.st.stm32cube.ide.mpu.remote.serial 1 1 2026-05-21 15:43:26.750
!MESSAGE port: COM11

!ENTRY com.st.stm32cube.ide.mpu.remote.serial 1 1 2026-05-21 15:52:00.584
!MESSAGE Executed PowerShell command powershell.exe -Command "Get-CimInstance -ClassName Win32_SerialPort | Select-Object -ExpandProperty DeviceID":
COM7
COM6
COM15
COM16
COM14
COM4
COM8
COM13
COM12
COM11


!ENTRY com.st.stm32cube.ide.mpu.remote.serial 1 1 2026-05-21 15:52:00.585
!MESSAGE port: COM7

!ENTRY com.st.stm32cube.ide.mpu.remote.serial 1 1 2026-05-21 15:52:00.586
!MESSAGE port: COM6

!ENTRY com.st.stm32cube.ide.mpu.remote.serial 1 1 2026-05-21 15:52:00.587
!MESSAGE port: COM15

!ENTRY com.st.stm32cube.ide.mpu.remote.serial 1 1 2026-05-21 15:52:00.588
!MESSAGE port: COM16

!ENTRY com.st.stm32cube.ide.mpu.remote.serial 1 1 2026-05-21 15:52:00.588
!MESSAGE port: COM14

!ENTRY com.st.stm32cube.ide.mpu.remote.serial 1 1 2026-05-21 15:52:00.589
!MESSAGE port: COM4

!ENTRY com.st.stm32cube.ide.mpu.remote.serial 1 1 2026-05-21 15:52:00.590
!MESSAGE port: COM8

!ENTRY com.st.stm32cube.ide.mpu.remote.serial 1 1 2026-05-21 15:52:00.591
!MESSAGE port: COM13

!ENTRY com.st.stm32cube.ide.mpu.remote.serial 1 1 2026-05-21 15:52:00.591
!MESSAGE port: COM12

!ENTRY com.st.stm32cube.ide.mpu.remote.serial 1 1 2026-05-21 15:52:00.592
!MESSAGE port: COM11

!ENTRY com.st.stm32cube.ide.mpu.remote.serial 1 1 2026-05-21 15:52:30.515
!MESSAGE Executed PowerShell command powershell.exe -Command "Get-CimInstance -ClassName Win32_SerialPort | Select-Object -ExpandProperty DeviceID":
COM7
COM6
COM15
COM16
COM14
COM4
COM8
COM13
COM12
COM11


!ENTRY com.st.stm32cube.ide.mpu.remote.serial 1 1 2026-05-21 15:52:30.516
!MESSAGE port: COM7

!ENTRY com.st.stm32cube.ide.mpu.remote.serial 1 1 2026-05-21 15:52:30.517
!MESSAGE port: COM6

!ENTRY com.st.stm32cube.ide.mpu.remote.serial 1 1 2026-05-21 15:52:30.518
!MESSAGE port: COM15

!ENTRY com.st.stm32cube.ide.mpu.remote.serial 1 1 2026-05-21 15:52:30.519
!MESSAGE port: COM16

!ENTRY com.st.stm32cube.ide.mpu.remote.serial 1 1 2026-05-21 15:52:30.520
!MESSAGE port: COM14

!ENTRY com.st.stm32cube.ide.mpu.remote.serial 1 1 2026-05-21 15:52:30.521
!MESSAGE port: COM4

!ENTRY com.st.stm32cube.ide.mpu.remote.serial 1 1 2026-05-21 15:52:30.522
!MESSAGE port: COM8

!ENTRY com.st.stm32cube.ide.mpu.remote.serial 1 1 2026-05-21 15:52:30.522
!MESSAGE port: COM13

!ENTRY com.st.stm32cube.ide.mpu.remote.serial 1 1 2026-05-21 15:52:30.523
!MESSAGE port: COM12

!ENTRY com.st.stm32cube.ide.mpu.remote.serial 1 1 2026-05-21 15:52:30.524
!MESSAGE port: COM11

!ENTRY com.st.stm32cube.ide.mpu.remote.serial 1 1 2026-05-21 15:53:30.027
!MESSAGE Executed PowerShell command powershell.exe -Command "Get-CimInstance -ClassName Win32_SerialPort | Select-Object -ExpandProperty DeviceID":
COM7
COM6
COM15
COM16
COM14
COM4
COM8
COM13
COM12
COM11


!ENTRY com.st.stm32cube.ide.mpu.remote.serial 1 1 2026-05-21 15:53:30.029
!MESSAGE port: COM7

!ENTRY com.st.stm32cube.ide.mpu.remote.serial 1 1 2026-05-21 15:53:30.030
!MESSAGE port: COM6

!ENTRY com.st.stm32cube.ide.mpu.remote.serial 1 1 2026-05-21 15:53:30.032
!MESSAGE port: COM15

!ENTRY com.st.stm32cube.ide.mpu.remote.serial 1 1 2026-05-21 15:53:30.033
!MESSAGE port: COM16

!ENTRY com.st.stm32cube.ide.mpu.remote.serial 1 1 2026-05-21 15:53:30.035
!MESSAGE port: COM14

!ENTRY com.st.stm32cube.ide.mpu.remote.serial 1 1 2026-05-21 15:53:30.036
!MESSAGE port: COM4

!ENTRY com.st.stm32cube.ide.mpu.remote.serial 1 1 2026-05-21 15:53:30.037
!MESSAGE port: COM8

!ENTRY com.st.stm32cube.ide.mpu.remote.serial 1 1 2026-05-21 15:53:30.039
!MESSAGE port: COM13

!ENTRY com.st.stm32cube.ide.mpu.remote.serial 1 1 2026-05-21 15:53:30.040
!MESSAGE port: COM12

!ENTRY com.st.stm32cube.ide.mpu.remote.serial 1 1 2026-05-21 15:53:30.042
!MESSAGE port: COM11

!ENTRY com.st.stm32cube.ide.mpu.remote.serial 1 1 2026-05-21 15:53:58.965
!MESSAGE Executed PowerShell command powershell.exe -Command "Get-CimInstance -ClassName Win32_SerialPort | Select-Object -ExpandProperty DeviceID":
COM7
COM6
COM15
COM16
COM14
COM4
COM8
COM13
COM12
COM11


!ENTRY com.st.stm32cube.ide.mpu.remote.serial 1 1 2026-05-21 15:53:58.967
!MESSAGE port: COM7

!ENTRY com.st.stm32cube.ide.mpu.remote.serial 1 1 2026-05-21 15:53:58.969
!MESSAGE port: COM6

!ENTRY com.st.stm32cube.ide.mpu.remote.serial 1 1 2026-05-21 15:53:58.970
!MESSAGE port: COM15

!ENTRY com.st.stm32cube.ide.mpu.remote.serial 1 1 2026-05-21 15:53:58.972
!MESSAGE port: COM16

!ENTRY com.st.stm32cube.ide.mpu.remote.serial 1 1 2026-05-21 15:53:58.973
!MESSAGE port: COM14

!ENTRY com.st.stm32cube.ide.mpu.remote.serial 1 1 2026-05-21 15:53:58.974
!MESSAGE port: COM4

!ENTRY com.st.stm32cube.ide.mpu.remote.serial 1 1 2026-05-21 15:53:58.976
!MESSAGE port: COM8

!ENTRY com.st.stm32cube.ide.mpu.remote.serial 1 1 2026-05-21 15:53:58.977
!MESSAGE port: COM13

!ENTRY com.st.stm32cube.ide.mpu.remote.serial 1 1 2026-05-21 15:53:58.978
!MESSAGE port: COM12

!ENTRY com.st.stm32cube.ide.mpu.remote.serial 1 1 2026-05-21 15:53:58.980
!MESSAGE port: COM11

!ENTRY com.st.stm32cube.ide.mpu.remote.serial 1 1 2026-05-21 15:54:56.354
!MESSAGE Executed PowerShell command powershell.exe -Command "Get-CimInstance -ClassName Win32_SerialPort | Select-Object -ExpandProperty DeviceID":
COM7
COM6
COM15
COM16
COM14
COM4
COM8
COM13
COM12
COM11


!ENTRY com.st.stm32cube.ide.mpu.remote.serial 1 1 2026-05-21 15:54:56.355
!MESSAGE port: COM7

!ENTRY com.st.stm32cube.ide.mpu.remote.serial 1 1 2026-05-21 15:54:56.356
!MESSAGE port: COM6

!ENTRY com.st.stm32cube.ide.mpu.remote.serial 1 1 2026-05-21 15:54:56.356
!MESSAGE port: COM15

!ENTRY com.st.stm32cube.ide.mpu.remote.serial 1 1 2026-05-21 15:54:56.357
!MESSAGE port: COM16

!ENTRY com.st.stm32cube.ide.mpu.remote.serial 1 1 2026-05-21 15:54:56.358
!MESSAGE port: COM14

!ENTRY com.st.stm32cube.ide.mpu.remote.serial 1 1 2026-05-21 15:54:56.359
!MESSAGE port: COM4

!ENTRY com.st.stm32cube.ide.mpu.remote.serial 1 1 2026-05-21 15:54:56.360
!MESSAGE port: COM8

!ENTRY com.st.stm32cube.ide.mpu.remote.serial 1 1 2026-05-21 15:54:56.360
!MESSAGE port: COM13

!ENTRY com.st.stm32cube.ide.mpu.remote.serial 1 1 2026-05-21 15:54:56.361
!MESSAGE port: COM12

!ENTRY com.st.stm32cube.ide.mpu.remote.serial 1 1 2026-05-21 15:54:56.362
!MESSAGE port: COM11

!ENTRY com.st.stm32cube.ide.mpu.remote.serial 1 1 2026-05-21 15:55:24.695
!MESSAGE Executed PowerShell command powershell.exe -Command "Get-CimInstance -ClassName Win32_SerialPort | Select-Object -ExpandProperty DeviceID":
COM7
COM6
COM15
COM16
COM14
COM4
COM8
COM13
COM12
COM11


!ENTRY com.st.stm32cube.ide.mpu.remote.serial 1 1 2026-05-21 15:55:24.696
!MESSAGE port: COM7

!ENTRY com.st.stm32cube.ide.mpu.remote.serial 1 1 2026-05-21 15:55:24.697
!MESSAGE port: COM6

!ENTRY com.st.stm32cube.ide.mpu.remote.serial 1 1 2026-05-21 15:55:24.698
!MESSAGE port: COM15

!ENTRY com.st.stm32cube.ide.mpu.remote.serial 1 1 2026-05-21 15:55:24.699
!MESSAGE port: COM16

!ENTRY com.st.stm32cube.ide.mpu.remote.serial 1 1 2026-05-21 15:55:24.700
!MESSAGE port: COM14

!ENTRY com.st.stm32cube.ide.mpu.remote.serial 1 1 2026-05-21 15:55:24.700
!MESSAGE port: COM4

!ENTRY com.st.stm32cube.ide.mpu.remote.serial 1 1 2026-05-21 15:55:24.701
!MESSAGE port: COM8

!ENTRY com.st.stm32cube.ide.mpu.remote.serial 1 1 2026-05-21 15:55:24.702
!MESSAGE port: COM13

!ENTRY com.st.stm32cube.ide.mpu.remote.serial 1 1 2026-05-21 15:55:24.703
!MESSAGE port: COM12

!ENTRY com.st.stm32cube.ide.mpu.remote.serial 1 1 2026-05-21 15:55:24.704
!MESSAGE port: COM11
!SESSION 2026-05-21 17:51:14.464 -----------------------------------------------
eclipse.buildId=Version 2.1.1
java.version=21.0.9
java.vendor=Eclipse Adoptium
BootLoader constants: OS=win32, ARCH=x86_64, WS=win32, NL=es_AR
Command-line arguments:  -os win32 -ws win32 -arch x86_64

!ENTRY com.st.stm32cube.ide.mcu.informationcenter 1 1 2026-05-21 17:51:25.284
!MESSAGE Log4j2 initialized with config file C:\Users\franc\STM32CubeIDE\workspace_2.1.2\.metadata\.log4j2.xml

!ENTRY com.st.stm32cube.ide.mcu.ide 1 1 2026-05-21 17:51:42.457
!MESSAGE Started RMI Server, listening on port 41337

!ENTRY com.st.stm32cube.ide.mpu.remote.serial 1 1 2026-05-21 17:52:18.469
!MESSAGE Executed PowerShell command powershell.exe -Command "Get-CimInstance -ClassName Win32_SerialPort | Select-Object -ExpandProperty DeviceID":
COM7
COM6
COM15
COM16
COM14
COM4
COM8
COM13
COM12
COM11


!ENTRY com.st.stm32cube.ide.mpu.remote.serial 1 1 2026-05-21 17:52:18.470
!MESSAGE port: COM7

!ENTRY com.st.stm32cube.ide.mpu.remote.serial 1 1 2026-05-21 17:52:18.471
!MESSAGE port: COM6

!ENTRY com.st.stm32cube.ide.mpu.remote.serial 1 1 2026-05-21 17:52:18.472
!MESSAGE port: COM15

!ENTRY com.st.stm32cube.ide.mpu.remote.serial 1 1 2026-05-21 17:52:18.473
!MESSAGE port: COM16

!ENTRY com.st.stm32cube.ide.mpu.remote.serial 1 1 2026-05-21 17:52:18.475
!MESSAGE port: COM14

!ENTRY com.st.stm32cube.ide.mpu.remote.serial 1 1 2026-05-21 17:52:18.476
!MESSAGE port: COM4

!ENTRY com.st.stm32cube.ide.mpu.remote.serial 1 1 2026-05-21 17:52:18.477
!MESSAGE port: COM8

!ENTRY com.st.stm32cube.ide.mpu.remote.serial 1 1 2026-05-21 17:52:18.478
!MESSAGE port: COM13

!ENTRY com.st.stm32cube.ide.mpu.remote.serial 1 1 2026-05-21 17:52:18.479
!MESSAGE port: COM12

!ENTRY com.st.stm32cube.ide.mpu.remote.serial 1 1 2026-05-21 17:52:18.479
!MESSAGE port: COM11

!ENTRY org.eclipse.ui 4 0 2026-05-21 18:19:02.711
!MESSAGE Unhandled event loop exception
!STACK 0
java.lang.NullPointerException: Cannot invoke "org.eclipse.swt.widgets.Shell.getDisplay()" because the return value of "org.eclipse.ui.internal.findandreplace.overlay.FindReplaceOverlay.getShell()" is null
	at org.eclipse.ui.internal.findandreplace.overlay.FindReplaceOverlay.updatePlacementAndVisibility(FindReplaceOverlay.java:848)
	at org.eclipse.swt.widgets.RunnableLock.run(RunnableLock.java:40)
	at org.eclipse.swt.widgets.Synchronizer.runAsyncMessages(Synchronizer.java:132)
	at org.eclipse.swt.widgets.Display.runAsyncMessages(Display.java:4099)
	at org.eclipse.swt.widgets.Display.readAndDispatch(Display.java:3715)
	at org.eclipse.e4.ui.internal.workbench.swt.PartRenderingEngine$5.run(PartRenderingEngine.java:1151)
	at org.eclipse.core.databinding.observable.Realm.runWithDefault(Realm.java:339)
	at org.eclipse.e4.ui.internal.workbench.swt.PartRenderingEngine.run(PartRenderingEngine.java:1042)
	at org.eclipse.e4.ui.internal.workbench.E4Workbench.createAndRunUI(E4Workbench.java:153)
	at org.eclipse.ui.internal.Workbench.lambda$3(Workbench.java:639)
	at org.eclipse.core.databinding.observable.Realm.runWithDefault(Realm.java:339)
	at org.eclipse.ui.internal.Workbench.createAndRunWorkbench(Workbench.java:546)
	at org.eclipse.ui.PlatformUI.createAndRunWorkbench(PlatformUI.java:173)
	at org.eclipse.ui.internal.ide.application.IDEApplication.start(IDEApplication.java:152)
	at org.eclipse.equinox.internal.app.EclipseAppHandle.run(EclipseAppHandle.java:208)
	at org.eclipse.core.runtime.internal.adaptor.EclipseAppLauncher.runApplication(EclipseAppLauncher.java:143)
	at org.eclipse.core.runtime.internal.adaptor.EclipseAppLauncher.start(EclipseAppLauncher.java:109)
	at org.eclipse.core.runtime.adaptor.EclipseStarter.run(EclipseStarter.java:439)
	at org.eclipse.core.runtime.adaptor.EclipseStarter.run(EclipseStarter.java:271)
	at java.base/jdk.internal.reflect.DirectMethodHandleAccessor.invoke(DirectMethodHandleAccessor.java:103)
	at java.base/java.lang.reflect.Method.invoke(Method.java:580)
	at org.eclipse.equinox.launcher.Main.invokeFramework(Main.java:668)
	at org.eclipse.equinox.launcher.Main.basicRun(Main.java:605)
	at org.eclipse.equinox.launcher.Main.run(Main.java:1481)

!ENTRY org.eclipse.core.resources 4 2 2026-05-21 18:25:55.410
!MESSAGE Problems occurred when invoking code from plug-in: "org.eclipse.core.resources".
!STACK 1
org.eclipse.core.internal.resources.ResourceException(/Prueba_tx_rak/Debug/Middlewares/Third_Party/SubGHz_Phy/stm32_radio_driver)[368]: java.lang.Exception: Resource '/Prueba_tx_rak/Debug/Middlewares/Third_Party/SubGHz_Phy/stm32_radio_driver' does not exist.
	at org.eclipse.core.internal.resources.ResourceException.provideStackTrace(ResourceException.java:42)
	at org.eclipse.core.internal.resources.ResourceException.<init>(ResourceException.java:38)
	at org.eclipse.core.internal.resources.Resource.checkExists(Resource.java:364)
	at org.eclipse.core.internal.resources.Resource.checkAccessible(Resource.java:238)
	at org.eclipse.core.internal.resources.Container.members(Container.java:244)
	at org.eclipse.core.internal.resources.Container.members(Container.java:231)
	at com.st.stm32cube.ide.mcu.toolchain.armnone.oss.makefile.MakefileGenerator.generateDependencies(MakefileGenerator.java:630)
	at org.eclipse.cdt.managedbuilder.internal.core.CommonBuilder.performPostbuildGeneration(CommonBuilder.java:878)
	at org.eclipse.cdt.managedbuilder.internal.core.CommonBuilder.build(CommonBuilder.java:790)
	at org.eclipse.cdt.managedbuilder.internal.core.CommonBuilder.build(CommonBuilder.java:530)
	at org.eclipse.cdt.managedbuilder.internal.core.CommonBuilder.build(CommonBuilder.java:471)
	at org.eclipse.core.internal.events.BuildManager$2.run(BuildManager.java:1077)
	at org.eclipse.core.runtime.SafeRunner.run(SafeRunner.java:47)
	at org.eclipse.core.internal.events.BuildManager.basicBuild(BuildManager.java:296)
	at org.eclipse.core.internal.events.BuildManager.basicBuild(BuildManager.java:352)
	at org.eclipse.core.internal.events.BuildManager$1.run(BuildManager.java:441)
	at org.eclipse.core.runtime.SafeRunner.run(SafeRunner.java:47)
	at org.eclipse.core.internal.events.BuildManager.basicBuild(BuildManager.java:444)
	at org.eclipse.core.internal.events.BuildManager.basicBuildLoop(BuildManager.java:555)
	at org.eclipse.core.internal.events.BuildManager.basicBuildLoop(BuildManager.java:503)
	at org.eclipse.core.internal.events.BuildManager.build(BuildManager.java:585)
	at org.eclipse.core.internal.resources.Workspace.buildInternal(Workspace.java:595)
	at org.eclipse.core.internal.resources.Workspace.build(Workspace.java:491)
	at org.eclipse.ui.actions.BuildAction$1.runInWorkspace(BuildAction.java:288)
	at org.eclipse.core.internal.resources.InternalWorkspaceJob.run(InternalWorkspaceJob.java:43)
	at org.eclipse.core.internal.jobs.Worker.run(Worker.java:63)
!SUBENTRY 1 org.eclipse.core.resources 4 368 2026-05-21 18:25:55.415
!MESSAGE Resource '/Prueba_tx_rak/Debug/Middlewares/Third_Party/SubGHz_Phy/stm32_radio_driver' does not exist.
!STACK 0
java.lang.Exception: Resource '/Prueba_tx_rak/Debug/Middlewares/Third_Party/SubGHz_Phy/stm32_radio_driver' does not exist.
	at org.eclipse.core.internal.resources.ResourceException.provideStackTrace(ResourceException.java:42)
	at org.eclipse.core.internal.resources.ResourceException.<init>(ResourceException.java:38)
	at org.eclipse.core.internal.resources.Resource.checkExists(Resource.java:364)
	at org.eclipse.core.internal.resources.Resource.checkAccessible(Resource.java:238)
	at org.eclipse.core.internal.resources.Container.members(Container.java:244)
	at org.eclipse.core.internal.resources.Container.members(Container.java:231)
	at com.st.stm32cube.ide.mcu.toolchain.armnone.oss.makefile.MakefileGenerator.generateDependencies(MakefileGenerator.java:630)
	at org.eclipse.cdt.managedbuilder.internal.core.CommonBuilder.performPostbuildGeneration(CommonBuilder.java:878)
	at org.eclipse.cdt.managedbuilder.internal.core.CommonBuilder.build(CommonBuilder.java:790)
	at org.eclipse.cdt.managedbuilder.internal.core.CommonBuilder.build(CommonBuilder.java:530)
	at org.eclipse.cdt.managedbuilder.internal.core.CommonBuilder.build(CommonBuilder.java:471)
	at org.eclipse.core.internal.events.BuildManager$2.run(BuildManager.java:1077)
	at org.eclipse.core.runtime.SafeRunner.run(SafeRunner.java:47)
	at org.eclipse.core.internal.events.BuildManager.basicBuild(BuildManager.java:296)
	at org.eclipse.core.internal.events.BuildManager.basicBuild(BuildManager.java:352)
	at org.eclipse.core.internal.events.BuildManager$1.run(BuildManager.java:441)
	at org.eclipse.core.runtime.SafeRunner.run(SafeRunner.java:47)
	at org.eclipse.core.internal.events.BuildManager.basicBuild(BuildManager.java:444)
	at org.eclipse.core.internal.events.BuildManager.basicBuildLoop(BuildManager.java:555)
	at org.eclipse.core.internal.events.BuildManager.basicBuildLoop(BuildManager.java:503)
	at org.eclipse.core.internal.events.BuildManager.build(BuildManager.java:585)
	at org.eclipse.core.internal.resources.Workspace.buildInternal(Workspace.java:595)
	at org.eclipse.core.internal.resources.Workspace.build(Workspace.java:491)
	at org.eclipse.ui.actions.BuildAction$1.runInWorkspace(BuildAction.java:288)
	at org.eclipse.core.internal.resources.InternalWorkspaceJob.run(InternalWorkspaceJob.java:43)
	at org.eclipse.core.internal.jobs.Worker.run(Worker.java:63)
!SUBENTRY 1 org.eclipse.core.resources 4 368 2026-05-21 18:25:55.416
!MESSAGE Resource '/Prueba_tx_rak/Debug/Middlewares/Third_Party/SubGHz_Phy/stm32_radio_driver' does not exist.
!STACK 0
java.lang.Exception: Resource '/Prueba_tx_rak/Debug/Middlewares/Third_Party/SubGHz_Phy/stm32_radio_driver' does not exist.
	at org.eclipse.core.internal.resources.ResourceException.provideStackTrace(ResourceException.java:42)
	at org.eclipse.core.internal.resources.ResourceException.<init>(ResourceException.java:38)
	at org.eclipse.core.internal.resources.Resource.checkExists(Resource.java:364)
	at org.eclipse.core.internal.resources.Resource.checkAccessible(Resource.java:238)
	at org.eclipse.core.internal.resources.Container.members(Container.java:244)
	at org.eclipse.core.internal.resources.Container.members(Container.java:231)
	at com.st.stm32cube.ide.mcu.toolchain.armnone.oss.makefile.MakefileGenerator.generateDependencies(MakefileGenerator.java:630)
	at org.eclipse.cdt.managedbuilder.internal.core.CommonBuilder.performPostbuildGeneration(CommonBuilder.java:878)
	at org.eclipse.cdt.managedbuilder.internal.core.CommonBuilder.build(CommonBuilder.java:790)
	at org.eclipse.cdt.managedbuilder.internal.core.CommonBuilder.build(CommonBuilder.java:530)
	at org.eclipse.cdt.managedbuilder.internal.core.CommonBuilder.build(CommonBuilder.java:471)
	at org.eclipse.core.internal.events.BuildManager$2.run(BuildManager.java:1077)
	at org.eclipse.core.runtime.SafeRunner.run(SafeRunner.java:47)
	at org.eclipse.core.internal.events.BuildManager.basicBuild(BuildManager.java:296)
	at org.eclipse.core.internal.events.BuildManager.basicBuild(BuildManager.java:352)
	at org.eclipse.core.internal.events.BuildManager$1.run(BuildManager.java:441)
	at org.eclipse.core.runtime.SafeRunner.run(SafeRunner.java:47)
	at org.eclipse.core.internal.events.BuildManager.basicBuild(BuildManager.java:444)
	at org.eclipse.core.internal.events.BuildManager.basicBuildLoop(BuildManager.java:555)
	at org.eclipse.core.internal.events.BuildManager.basicBuildLoop(BuildManager.java:503)
	at org.eclipse.core.internal.events.BuildManager.build(BuildManager.java:585)
	at org.eclipse.core.internal.resources.Workspace.buildInternal(Workspace.java:595)
	at org.eclipse.core.internal.resources.Workspace.build(Workspace.java:491)
	at org.eclipse.ui.actions.BuildAction$1.runInWorkspace(BuildAction.java:288)
	at org.eclipse.core.internal.resources.InternalWorkspaceJob.run(InternalWorkspaceJob.java:43)
	at org.eclipse.core.internal.jobs.Worker.run(Worker.java:63)

!ENTRY org.eclipse.core.resources 4 75 2026-05-21 18:25:55.653
!MESSAGE Errors occurred during the build.
!SUBENTRY 1 org.eclipse.cdt.managedbuilder.core 4 75 2026-05-21 18:25:55.653
!MESSAGE Errors running builder 'CDT Builder' on project 'Prueba_tx_rak'.
!STACK 1
org.eclipse.core.internal.resources.ResourceException(/Prueba_tx_rak/Debug/Middlewares/Third_Party/SubGHz_Phy/stm32_radio_driver)[368]: java.lang.Exception: Resource '/Prueba_tx_rak/Debug/Middlewares/Third_Party/SubGHz_Phy/stm32_radio_driver' does not exist.
	at org.eclipse.core.internal.resources.ResourceException.provideStackTrace(ResourceException.java:42)
	at org.eclipse.core.internal.resources.ResourceException.<init>(ResourceException.java:38)
	at org.eclipse.core.internal.resources.Resource.checkExists(Resource.java:364)
	at org.eclipse.core.internal.resources.Resource.checkAccessible(Resource.java:238)
	at org.eclipse.core.internal.resources.Container.members(Container.java:244)
	at org.eclipse.core.internal.resources.Container.members(Container.java:231)
	at com.st.stm32cube.ide.mcu.toolchain.armnone.oss.makefile.MakefileGenerator.generateDependencies(MakefileGenerator.java:630)
	at org.eclipse.cdt.managedbuilder.internal.core.CommonBuilder.performPostbuildGeneration(CommonBuilder.java:878)
	at org.eclipse.cdt.managedbuilder.internal.core.CommonBuilder.build(CommonBuilder.java:790)
	at org.eclipse.cdt.managedbuilder.internal.core.CommonBuilder.build(CommonBuilder.java:530)
	at org.eclipse.cdt.managedbuilder.internal.core.CommonBuilder.build(CommonBuilder.java:471)
	at org.eclipse.core.internal.events.BuildManager$2.run(BuildManager.java:1077)
	at org.eclipse.core.runtime.SafeRunner.run(SafeRunner.java:47)
	at org.eclipse.core.internal.events.BuildManager.basicBuild(BuildManager.java:296)
	at org.eclipse.core.internal.events.BuildManager.basicBuild(BuildManager.java:352)
	at org.eclipse.core.internal.events.BuildManager$1.run(BuildManager.java:441)
	at org.eclipse.core.runtime.SafeRunner.run(SafeRunner.java:47)
	at org.eclipse.core.internal.events.BuildManager.basicBuild(BuildManager.java:444)
	at org.eclipse.core.internal.events.BuildManager.basicBuildLoop(BuildManager.java:555)
	at org.eclipse.core.internal.events.BuildManager.basicBuildLoop(BuildManager.java:503)
	at org.eclipse.core.internal.events.BuildManager.build(BuildManager.java:585)
	at org.eclipse.core.internal.resources.Workspace.buildInternal(Workspace.java:595)
	at org.eclipse.core.internal.resources.Workspace.build(Workspace.java:491)
	at org.eclipse.ui.actions.BuildAction$1.runInWorkspace(BuildAction.java:288)
	at org.eclipse.core.internal.resources.InternalWorkspaceJob.run(InternalWorkspaceJob.java:43)
	at org.eclipse.core.internal.jobs.Worker.run(Worker.java:63)
!SUBENTRY 2 org.eclipse.core.resources 4 368 2026-05-21 18:25:55.654
!MESSAGE Resource '/Prueba_tx_rak/Debug/Middlewares/Third_Party/SubGHz_Phy/stm32_radio_driver' does not exist.
!STACK 0
java.lang.Exception: Resource '/Prueba_tx_rak/Debug/Middlewares/Third_Party/SubGHz_Phy/stm32_radio_driver' does not exist.
	at org.eclipse.core.internal.resources.ResourceException.provideStackTrace(ResourceException.java:42)
	at org.eclipse.core.internal.resources.ResourceException.<init>(ResourceException.java:38)
	at org.eclipse.core.internal.resources.Resource.checkExists(Resource.java:364)
	at org.eclipse.core.internal.resources.Resource.checkAccessible(Resource.java:238)
	at org.eclipse.core.internal.resources.Container.members(Container.java:244)
	at org.eclipse.core.internal.resources.Container.members(Container.java:231)
	at com.st.stm32cube.ide.mcu.toolchain.armnone.oss.makefile.MakefileGenerator.generateDependencies(MakefileGenerator.java:630)
	at org.eclipse.cdt.managedbuilder.internal.core.CommonBuilder.performPostbuildGeneration(CommonBuilder.java:878)
	at org.eclipse.cdt.managedbuilder.internal.core.CommonBuilder.build(CommonBuilder.java:790)
	at org.eclipse.cdt.managedbuilder.internal.core.CommonBuilder.build(CommonBuilder.java:530)
	at org.eclipse.cdt.managedbuilder.internal.core.CommonBuilder.build(CommonBuilder.java:471)
	at org.eclipse.core.internal.events.BuildManager$2.run(BuildManager.java:1077)
	at org.eclipse.core.runtime.SafeRunner.run(SafeRunner.java:47)
	at org.eclipse.core.internal.events.BuildManager.basicBuild(BuildManager.java:296)
	at org.eclipse.core.internal.events.BuildManager.basicBuild(BuildManager.java:352)
	at org.eclipse.core.internal.events.BuildManager$1.run(BuildManager.java:441)
	at org.eclipse.core.runtime.SafeRunner.run(SafeRunner.java:47)
	at org.eclipse.core.internal.events.BuildManager.basicBuild(BuildManager.java:444)
	at org.eclipse.core.internal.events.BuildManager.basicBuildLoop(BuildManager.java:555)
	at org.eclipse.core.internal.events.BuildManager.basicBuildLoop(BuildManager.java:503)
	at org.eclipse.core.internal.events.BuildManager.build(BuildManager.java:585)
	at org.eclipse.core.internal.resources.Workspace.buildInternal(Workspace.java:595)
	at org.eclipse.core.internal.resources.Workspace.build(Workspace.java:491)
	at org.eclipse.ui.actions.BuildAction$1.runInWorkspace(BuildAction.java:288)
	at org.eclipse.core.internal.resources.InternalWorkspaceJob.run(InternalWorkspaceJob.java:43)
	at org.eclipse.core.internal.jobs.Worker.run(Worker.java:63)
!SUBENTRY 1 org.eclipse.core.resources 4 368 2026-05-21 18:25:55.654
!MESSAGE Resource '/Prueba_tx_rak/Debug/Middlewares/Third_Party/SubGHz_Phy/stm32_radio_driver' does not exist.
!STACK 0
java.lang.Exception: Resource '/Prueba_tx_rak/Debug/Middlewares/Third_Party/SubGHz_Phy/stm32_radio_driver' does not exist.
	at org.eclipse.core.internal.resources.ResourceException.provideStackTrace(ResourceException.java:42)
	at org.eclipse.core.internal.resources.ResourceException.<init>(ResourceException.java:38)
	at org.eclipse.core.internal.resources.Resource.checkExists(Resource.java:364)
	at org.eclipse.core.internal.resources.Resource.checkAccessible(Resource.java:238)
	at org.eclipse.core.internal.resources.Container.members(Container.java:244)
	at org.eclipse.core.internal.resources.Container.members(Container.java:231)
	at com.st.stm32cube.ide.mcu.toolchain.armnone.oss.makefile.MakefileGenerator.generateDependencies(MakefileGenerator.java:630)
	at org.eclipse.cdt.managedbuilder.internal.core.CommonBuilder.performPostbuildGeneration(CommonBuilder.java:878)
	at org.eclipse.cdt.managedbuilder.internal.core.CommonBuilder.build(CommonBuilder.java:790)
	at org.eclipse.cdt.managedbuilder.internal.core.CommonBuilder.build(CommonBuilder.java:530)
	at org.eclipse.cdt.managedbuilder.internal.core.CommonBuilder.build(CommonBuilder.java:471)
	at org.eclipse.core.internal.events.BuildManager$2.run(BuildManager.java:1077)
	at org.eclipse.core.runtime.SafeRunner.run(SafeRunner.java:47)
	at org.eclipse.core.internal.events.BuildManager.basicBuild(BuildManager.java:296)
	at org.eclipse.core.internal.events.BuildManager.basicBuild(BuildManager.java:352)
	at org.eclipse.core.internal.events.BuildManager$1.run(BuildManager.java:441)
	at org.eclipse.core.runtime.SafeRunner.run(SafeRunner.java:47)
	at org.eclipse.core.internal.events.BuildManager.basicBuild(BuildManager.java:444)
	at org.eclipse.core.internal.events.BuildManager.basicBuildLoop(BuildManager.java:555)
	at org.eclipse.core.internal.events.BuildManager.basicBuildLoop(BuildManager.java:503)
	at org.eclipse.core.internal.events.BuildManager.build(BuildManager.java:585)
	at org.eclipse.core.internal.resources.Workspace.buildInternal(Workspace.java:595)
	at org.eclipse.core.internal.resources.Workspace.build(Workspace.java:491)
	at org.eclipse.ui.actions.BuildAction$1.runInWorkspace(BuildAction.java:288)
	at org.eclipse.core.internal.resources.InternalWorkspaceJob.run(InternalWorkspaceJob.java:43)
	at org.eclipse.core.internal.jobs.Worker.run(Worker.java:63)
!SESSION 2026-05-21 18:30:15.101 -----------------------------------------------
eclipse.buildId=Version 2.1.1
java.version=21.0.9
java.vendor=Eclipse Adoptium
BootLoader constants: OS=win32, ARCH=x86_64, WS=win32, NL=es_AR
Framework arguments:  C:\Users\franc\Downloads\Pruebas RAK\.project
Command-line arguments:  -os win32 -ws win32 -arch x86_64 C:\Users\franc\Downloads\Pruebas RAK\.project

!ENTRY com.st.stm32cube.ide.mcu.informationcenter 1 1 2026-05-21 18:30:26.332
!MESSAGE Log4j2 initialized with config file C:\Users\franc\STM32CubeIDE\workspace_2.1.2\.metadata\.log4j2.xml

!ENTRY com.st.stm32cube.ide.mcu.ide 1 1 2026-05-21 18:30:47.446
!MESSAGE Started RMI Server, listening on port 41337

!ENTRY org.eclipse.cdt.core 1 0 2026-05-21 18:30:58.292
!MESSAGE Indexed 'Prueba_tx_rak' (54 sources, 182 headers) in 10,5 sec: 19.728 declarations; 85.583 references; 1 unresolved inclusions; 76 syntax errors; 240 unresolved names (0,23 %)

!ENTRY com.st.stm32cube.ide.mpu.remote.serial 1 1 2026-05-21 18:31:20.337
!MESSAGE Executed PowerShell command powershell.exe -Command "Get-CimInstance -ClassName Win32_SerialPort | Select-Object -ExpandProperty DeviceID":
COM7
COM6
COM15
COM16
COM14
COM4
COM8
COM13
COM12
COM11


!ENTRY com.st.stm32cube.ide.mpu.remote.serial 1 1 2026-05-21 18:31:20.339
!MESSAGE port: COM7

!ENTRY com.st.stm32cube.ide.mpu.remote.serial 1 1 2026-05-21 18:31:20.340
!MESSAGE port: COM6

!ENTRY com.st.stm32cube.ide.mpu.remote.serial 1 1 2026-05-21 18:31:20.341
!MESSAGE port: COM15

!ENTRY com.st.stm32cube.ide.mpu.remote.serial 1 1 2026-05-21 18:31:20.342
!MESSAGE port: COM16

!ENTRY com.st.stm32cube.ide.mpu.remote.serial 1 1 2026-05-21 18:31:20.344
!MESSAGE port: COM14

!ENTRY com.st.stm32cube.ide.mpu.remote.serial 1 1 2026-05-21 18:31:20.345
!MESSAGE port: COM4

!ENTRY com.st.stm32cube.ide.mpu.remote.serial 1 1 2026-05-21 18:31:20.347
!MESSAGE port: COM8

!ENTRY com.st.stm32cube.ide.mpu.remote.serial 1 1 2026-05-21 18:31:20.348
!MESSAGE port: COM13

!ENTRY com.st.stm32cube.ide.mpu.remote.serial 1 1 2026-05-21 18:31:20.350
!MESSAGE port: COM12

!ENTRY com.st.stm32cube.ide.mpu.remote.serial 1 1 2026-05-21 18:31:20.351
!MESSAGE port: COM11

!ENTRY com.st.stm32cube.ide.mpu.remote.serial 1 1 2026-05-21 18:35:56.343
!MESSAGE Executed PowerShell command powershell.exe -Command "Get-CimInstance -ClassName Win32_SerialPort | Select-Object -ExpandProperty DeviceID":
COM7
COM6
COM15
COM16
COM14
COM4
COM8
COM13
COM12
COM11


!ENTRY com.st.stm32cube.ide.mpu.remote.serial 1 1 2026-05-21 18:35:56.347
!MESSAGE port: COM7

!ENTRY com.st.stm32cube.ide.mpu.remote.serial 1 1 2026-05-21 18:35:56.349
!MESSAGE port: COM6

!ENTRY com.st.stm32cube.ide.mpu.remote.serial 1 1 2026-05-21 18:35:56.352
!MESSAGE port: COM15

!ENTRY com.st.stm32cube.ide.mpu.remote.serial 1 1 2026-05-21 18:35:56.354
!MESSAGE port: COM16

!ENTRY com.st.stm32cube.ide.mpu.remote.serial 1 1 2026-05-21 18:35:56.357
!MESSAGE port: COM14

!ENTRY com.st.stm32cube.ide.mpu.remote.serial 1 1 2026-05-21 18:35:56.360
!MESSAGE port: COM4

!ENTRY com.st.stm32cube.ide.mpu.remote.serial 1 1 2026-05-21 18:35:56.363
!MESSAGE port: COM8

!ENTRY com.st.stm32cube.ide.mpu.remote.serial 1 1 2026-05-21 18:35:56.365
!MESSAGE port: COM13

!ENTRY com.st.stm32cube.ide.mpu.remote.serial 1 1 2026-05-21 18:35:56.368
!MESSAGE port: COM12

!ENTRY com.st.stm32cube.ide.mpu.remote.serial 1 1 2026-05-21 18:35:56.370
!MESSAGE port: COM11

!ENTRY com.st.stm32cube.ide.mpu.remote.serial 1 1 2026-05-21 18:36:54.614
!MESSAGE Executed PowerShell command powershell.exe -Command "Get-CimInstance -ClassName Win32_SerialPort | Select-Object -ExpandProperty DeviceID":
COM7
COM6
COM15
COM16
COM14
COM4
COM8
COM13
COM12
COM11


!ENTRY com.st.stm32cube.ide.mpu.remote.serial 1 1 2026-05-21 18:36:54.617
!MESSAGE port: COM7

!ENTRY com.st.stm32cube.ide.mpu.remote.serial 1 1 2026-05-21 18:36:54.619
!MESSAGE port: COM6

!ENTRY com.st.stm32cube.ide.mpu.remote.serial 1 1 2026-05-21 18:36:54.622
!MESSAGE port: COM15

!ENTRY com.st.stm32cube.ide.mpu.remote.serial 1 1 2026-05-21 18:36:54.624
!MESSAGE port: COM16

!ENTRY com.st.stm32cube.ide.mpu.remote.serial 1 1 2026-05-21 18:36:54.626
!MESSAGE port: COM14

!ENTRY com.st.stm32cube.ide.mpu.remote.serial 1 1 2026-05-21 18:36:54.628
!MESSAGE port: COM4

!ENTRY com.st.stm32cube.ide.mpu.remote.serial 1 1 2026-05-21 18:36:54.630
!MESSAGE port: COM8

!ENTRY com.st.stm32cube.ide.mpu.remote.serial 1 1 2026-05-21 18:36:54.632
!MESSAGE port: COM13

!ENTRY com.st.stm32cube.ide.mpu.remote.serial 1 1 2026-05-21 18:36:54.634
!MESSAGE port: COM12

!ENTRY com.st.stm32cube.ide.mpu.remote.serial 1 1 2026-05-21 18:36:54.636
!MESSAGE port: COM11

!ENTRY org.eclipse.ui 4 0 2026-05-21 18:37:02.608
!MESSAGE Unhandled event loop exception
!STACK 0
java.lang.NullPointerException: Cannot invoke "org.eclipse.swt.widgets.Shell.setVisible(boolean)" because the return value of "org.eclipse.ui.internal.findandreplace.overlay.FindReplaceOverlay.getShell()" is null
	at org.eclipse.ui.internal.findandreplace.overlay.FindReplaceOverlay.updatePlacementAndVisibility(FindReplaceOverlay.java:844)
	at org.eclipse.swt.widgets.RunnableLock.run(RunnableLock.java:40)
	at org.eclipse.swt.widgets.Synchronizer.runAsyncMessages(Synchronizer.java:132)
	at org.eclipse.swt.widgets.Display.runAsyncMessages(Display.java:4099)
	at org.eclipse.swt.widgets.Display.readAndDispatch(Display.java:3715)
	at org.eclipse.e4.ui.internal.workbench.swt.PartRenderingEngine$5.run(PartRenderingEngine.java:1151)
	at org.eclipse.core.databinding.observable.Realm.runWithDefault(Realm.java:339)
	at org.eclipse.e4.ui.internal.workbench.swt.PartRenderingEngine.run(PartRenderingEngine.java:1042)
	at org.eclipse.e4.ui.internal.workbench.E4Workbench.createAndRunUI(E4Workbench.java:153)
	at org.eclipse.ui.internal.Workbench.lambda$3(Workbench.java:639)
	at org.eclipse.core.databinding.observable.Realm.runWithDefault(Realm.java:339)
	at org.eclipse.ui.internal.Workbench.createAndRunWorkbench(Workbench.java:546)
	at org.eclipse.ui.PlatformUI.createAndRunWorkbench(PlatformUI.java:173)
	at org.eclipse.ui.internal.ide.application.IDEApplication.start(IDEApplication.java:152)
	at org.eclipse.equinox.internal.app.EclipseAppHandle.run(EclipseAppHandle.java:208)
	at org.eclipse.core.runtime.internal.adaptor.EclipseAppLauncher.runApplication(EclipseAppLauncher.java:143)
	at org.eclipse.core.runtime.internal.adaptor.EclipseAppLauncher.start(EclipseAppLauncher.java:109)
	at org.eclipse.core.runtime.adaptor.EclipseStarter.run(EclipseStarter.java:439)
	at org.eclipse.core.runtime.adaptor.EclipseStarter.run(EclipseStarter.java:271)
	at java.base/jdk.internal.reflect.DirectMethodHandleAccessor.invoke(DirectMethodHandleAccessor.java:103)
	at java.base/java.lang.reflect.Method.invoke(Method.java:580)
	at org.eclipse.equinox.launcher.Main.invokeFramework(Main.java:668)
	at org.eclipse.equinox.launcher.Main.basicRun(Main.java:605)
	at org.eclipse.equinox.launcher.Main.run(Main.java:1481)

!ENTRY com.st.stm32cube.ide.mpu.remote.serial 1 1 2026-05-21 18:41:15.103
!MESSAGE Executed PowerShell command powershell.exe -Command "Get-CimInstance -ClassName Win32_SerialPort | Select-Object -ExpandProperty DeviceID":
COM7
COM6
COM15
COM16
COM14
COM4
COM8
COM13
COM12
COM11


!ENTRY com.st.stm32cube.ide.mpu.remote.serial 1 1 2026-05-21 18:41:15.106
!MESSAGE port: COM7

!ENTRY com.st.stm32cube.ide.mpu.remote.serial 1 1 2026-05-21 18:41:15.110
!MESSAGE port: COM6

!ENTRY com.st.stm32cube.ide.mpu.remote.serial 1 1 2026-05-21 18:41:15.112
!MESSAGE port: COM15

!ENTRY com.st.stm32cube.ide.mpu.remote.serial 1 1 2026-05-21 18:41:15.115
!MESSAGE port: COM16

!ENTRY com.st.stm32cube.ide.mpu.remote.serial 1 1 2026-05-21 18:41:15.117
!MESSAGE port: COM14

!ENTRY com.st.stm32cube.ide.mpu.remote.serial 1 1 2026-05-21 18:41:15.119
!MESSAGE port: COM4

!ENTRY com.st.stm32cube.ide.mpu.remote.serial 1 1 2026-05-21 18:41:15.121
!MESSAGE port: COM8

!ENTRY com.st.stm32cube.ide.mpu.remote.serial 1 1 2026-05-21 18:41:15.123
!MESSAGE port: COM13

!ENTRY com.st.stm32cube.ide.mpu.remote.serial 1 1 2026-05-21 18:41:15.125
!MESSAGE port: COM12

!ENTRY com.st.stm32cube.ide.mpu.remote.serial 1 1 2026-05-21 18:41:15.127
!MESSAGE port: COM11

!ENTRY com.st.stm32cube.ide.mpu.remote.serial 1 1 2026-05-21 18:42:13.930
!MESSAGE Executed PowerShell command powershell.exe -Command "Get-CimInstance -ClassName Win32_SerialPort | Select-Object -ExpandProperty DeviceID":
COM7
COM6
COM15
COM16
COM14
COM4
COM8
COM13
COM12
COM11


!ENTRY com.st.stm32cube.ide.mpu.remote.serial 1 1 2026-05-21 18:42:13.931
!MESSAGE port: COM7

!ENTRY com.st.stm32cube.ide.mpu.remote.serial 1 1 2026-05-21 18:42:13.932
!MESSAGE port: COM6

!ENTRY com.st.stm32cube.ide.mpu.remote.serial 1 1 2026-05-21 18:42:13.933
!MESSAGE port: COM15

!ENTRY com.st.stm32cube.ide.mpu.remote.serial 1 1 2026-05-21 18:42:13.934
!MESSAGE port: COM16

!ENTRY com.st.stm32cube.ide.mpu.remote.serial 1 1 2026-05-21 18:42:13.935
!MESSAGE port: COM14

!ENTRY com.st.stm32cube.ide.mpu.remote.serial 1 1 2026-05-21 18:42:13.936
!MESSAGE port: COM4

!ENTRY com.st.stm32cube.ide.mpu.remote.serial 1 1 2026-05-21 18:42:13.937
!MESSAGE port: COM8

!ENTRY com.st.stm32cube.ide.mpu.remote.serial 1 1 2026-05-21 18:42:13.938
!MESSAGE port: COM13

!ENTRY com.st.stm32cube.ide.mpu.remote.serial 1 1 2026-05-21 18:42:13.939
!MESSAGE port: COM12

!ENTRY com.st.stm32cube.ide.mpu.remote.serial 1 1 2026-05-21 18:42:13.940
!MESSAGE port: COM11

!ENTRY com.st.stm32cube.ide.mpu.remote.serial 1 1 2026-05-21 18:42:42.701
!MESSAGE Executed PowerShell command powershell.exe -Command "Get-CimInstance -ClassName Win32_SerialPort | Select-Object -ExpandProperty DeviceID":
COM7
COM6
COM15
COM16
COM14
COM4
COM8
COM13
COM12
COM11


!ENTRY com.st.stm32cube.ide.mpu.remote.serial 1 1 2026-05-21 18:42:42.704
!MESSAGE port: COM7

!ENTRY com.st.stm32cube.ide.mpu.remote.serial 1 1 2026-05-21 18:42:42.707
!MESSAGE port: COM6

!ENTRY com.st.stm32cube.ide.mpu.remote.serial 1 1 2026-05-21 18:42:42.709
!MESSAGE port: COM15

!ENTRY com.st.stm32cube.ide.mpu.remote.serial 1 1 2026-05-21 18:42:42.711
!MESSAGE port: COM16

!ENTRY com.st.stm32cube.ide.mpu.remote.serial 1 1 2026-05-21 18:42:42.714
!MESSAGE port: COM14

!ENTRY com.st.stm32cube.ide.mpu.remote.serial 1 1 2026-05-21 18:42:42.715
!MESSAGE port: COM4

!ENTRY com.st.stm32cube.ide.mpu.remote.serial 1 1 2026-05-21 18:42:42.717
!MESSAGE port: COM8

!ENTRY com.st.stm32cube.ide.mpu.remote.serial 1 1 2026-05-21 18:42:42.719
!MESSAGE port: COM13

!ENTRY com.st.stm32cube.ide.mpu.remote.serial 1 1 2026-05-21 18:42:42.721
!MESSAGE port: COM12

!ENTRY com.st.stm32cube.ide.mpu.remote.serial 1 1 2026-05-21 18:42:42.723
!MESSAGE port: COM11

!ENTRY com.st.stm32cube.ide.mpu.remote.serial 1 1 2026-05-21 22:11:33.151
!MESSAGE Executed PowerShell command powershell.exe -Command "Get-CimInstance -ClassName Win32_SerialPort | Select-Object -ExpandProperty DeviceID":
COM7
COM6
COM15
COM16
COM14
COM4
COM8
COM13
COM12
COM11


!ENTRY com.st.stm32cube.ide.mpu.remote.serial 1 1 2026-05-21 22:11:33.154
!MESSAGE port: COM7

!ENTRY com.st.stm32cube.ide.mpu.remote.serial 1 1 2026-05-21 22:11:33.161
!MESSAGE port: COM6

!ENTRY com.st.stm32cube.ide.mpu.remote.serial 1 1 2026-05-21 22:11:33.163
!MESSAGE port: COM15

!ENTRY com.st.stm32cube.ide.mpu.remote.serial 1 1 2026-05-21 22:11:33.165
!MESSAGE port: COM16

!ENTRY com.st.stm32cube.ide.mpu.remote.serial 1 1 2026-05-21 22:11:33.165
!MESSAGE port: COM14

!ENTRY com.st.stm32cube.ide.mpu.remote.serial 1 1 2026-05-21 22:11:33.167
!MESSAGE port: COM4

!ENTRY com.st.stm32cube.ide.mpu.remote.serial 1 1 2026-05-21 22:11:33.167
!MESSAGE port: COM8

!ENTRY com.st.stm32cube.ide.mpu.remote.serial 1 1 2026-05-21 22:11:33.169
!MESSAGE port: COM13

!ENTRY com.st.stm32cube.ide.mpu.remote.serial 1 1 2026-05-21 22:11:33.171
!MESSAGE port: COM12

!ENTRY com.st.stm32cube.ide.mpu.remote.serial 1 1 2026-05-21 22:11:33.173
!MESSAGE port: COM11

!ENTRY com.st.stm32cube.ide.mpu.remote.serial 1 1 2026-05-21 22:26:51.719
!MESSAGE Executed PowerShell command powershell.exe -Command "Get-CimInstance -ClassName Win32_SerialPort | Select-Object -ExpandProperty DeviceID":
COM7
COM6
COM15
COM16
COM14
COM4
COM8
COM13
COM12
COM11


!ENTRY com.st.stm32cube.ide.mpu.remote.serial 1 1 2026-05-21 22:26:51.721
!MESSAGE port: COM7

!ENTRY com.st.stm32cube.ide.mpu.remote.serial 1 1 2026-05-21 22:26:51.722
!MESSAGE port: COM6

!ENTRY com.st.stm32cube.ide.mpu.remote.serial 1 1 2026-05-21 22:26:51.723
!MESSAGE port: COM15

!ENTRY com.st.stm32cube.ide.mpu.remote.serial 1 1 2026-05-21 22:26:51.724
!MESSAGE port: COM16

!ENTRY com.st.stm32cube.ide.mpu.remote.serial 1 1 2026-05-21 22:26:51.725
!MESSAGE port: COM14

!ENTRY com.st.stm32cube.ide.mpu.remote.serial 1 1 2026-05-21 22:26:51.726
!MESSAGE port: COM4

!ENTRY com.st.stm32cube.ide.mpu.remote.serial 1 1 2026-05-21 22:26:51.726
!MESSAGE port: COM8

!ENTRY com.st.stm32cube.ide.mpu.remote.serial 1 1 2026-05-21 22:26:51.727
!MESSAGE port: COM13

!ENTRY com.st.stm32cube.ide.mpu.remote.serial 1 1 2026-05-21 22:26:51.728
!MESSAGE port: COM12

!ENTRY com.st.stm32cube.ide.mpu.remote.serial 1 1 2026-05-21 22:26:51.729
!MESSAGE port: COM11

!ENTRY com.st.stm32cube.ide.mpu.remote.serial 1 1 2026-05-21 22:27:46.057
!MESSAGE Executed PowerShell command powershell.exe -Command "Get-CimInstance -ClassName Win32_SerialPort | Select-Object -ExpandProperty DeviceID":
COM7
COM6
COM15
COM16
COM14
COM4
COM8
COM13
COM12
COM11


!ENTRY com.st.stm32cube.ide.mpu.remote.serial 1 1 2026-05-21 22:27:46.058
!MESSAGE port: COM7

!ENTRY com.st.stm32cube.ide.mpu.remote.serial 1 1 2026-05-21 22:27:46.058
!MESSAGE port: COM6

!ENTRY com.st.stm32cube.ide.mpu.remote.serial 1 1 2026-05-21 22:27:46.059
!MESSAGE port: COM15

!ENTRY com.st.stm32cube.ide.mpu.remote.serial 1 1 2026-05-21 22:27:46.060
!MESSAGE port: COM16

!ENTRY com.st.stm32cube.ide.mpu.remote.serial 1 1 2026-05-21 22:27:46.062
!MESSAGE port: COM14

!ENTRY com.st.stm32cube.ide.mpu.remote.serial 1 1 2026-05-21 22:27:46.063
!MESSAGE port: COM4

!ENTRY com.st.stm32cube.ide.mpu.remote.serial 1 1 2026-05-21 22:27:46.064
!MESSAGE port: COM8

!ENTRY com.st.stm32cube.ide.mpu.remote.serial 1 1 2026-05-21 22:27:46.064
!MESSAGE port: COM13

!ENTRY com.st.stm32cube.ide.mpu.remote.serial 1 1 2026-05-21 22:27:46.066
!MESSAGE port: COM12

!ENTRY com.st.stm32cube.ide.mpu.remote.serial 1 1 2026-05-21 22:27:46.067
!MESSAGE port: COM11

!ENTRY com.st.stm32cube.ide.mpu.remote.serial 1 1 2026-05-21 22:28:14.694
!MESSAGE Executed PowerShell command powershell.exe -Command "Get-CimInstance -ClassName Win32_SerialPort | Select-Object -ExpandProperty DeviceID":
COM7
COM6
COM15
COM16
COM14
COM4
COM8
COM13
COM12
COM11


!ENTRY com.st.stm32cube.ide.mpu.remote.serial 1 1 2026-05-21 22:28:14.695
!MESSAGE port: COM7

!ENTRY com.st.stm32cube.ide.mpu.remote.serial 1 1 2026-05-21 22:28:14.696
!MESSAGE port: COM6

!ENTRY com.st.stm32cube.ide.mpu.remote.serial 1 1 2026-05-21 22:28:14.697
!MESSAGE port: COM15

!ENTRY com.st.stm32cube.ide.mpu.remote.serial 1 1 2026-05-21 22:28:14.698
!MESSAGE port: COM16

!ENTRY com.st.stm32cube.ide.mpu.remote.serial 1 1 2026-05-21 22:28:14.699
!MESSAGE port: COM14

!ENTRY com.st.stm32cube.ide.mpu.remote.serial 1 1 2026-05-21 22:28:14.700
!MESSAGE port: COM4

!ENTRY com.st.stm32cube.ide.mpu.remote.serial 1 1 2026-05-21 22:28:14.701
!MESSAGE port: COM8

!ENTRY com.st.stm32cube.ide.mpu.remote.serial 1 1 2026-05-21 22:28:14.702
!MESSAGE port: COM13

!ENTRY com.st.stm32cube.ide.mpu.remote.serial 1 1 2026-05-21 22:28:14.703
!MESSAGE port: COM12

!ENTRY com.st.stm32cube.ide.mpu.remote.serial 1 1 2026-05-21 22:28:14.705
!MESSAGE port: COM11

!ENTRY com.st.stm32cube.ide.mpu.remote.serial 1 1 2026-05-21 22:28:43.837
!MESSAGE Executed PowerShell command powershell.exe -Command "Get-CimInstance -ClassName Win32_SerialPort | Select-Object -ExpandProperty DeviceID":
COM7
COM6
COM15
COM16
COM14
COM4
COM8
COM13
COM12
COM11


!ENTRY com.st.stm32cube.ide.mpu.remote.serial 1 1 2026-05-21 22:28:43.839
!MESSAGE port: COM7

!ENTRY com.st.stm32cube.ide.mpu.remote.serial 1 1 2026-05-21 22:28:43.840
!MESSAGE port: COM6

!ENTRY com.st.stm32cube.ide.mpu.remote.serial 1 1 2026-05-21 22:28:43.841
!MESSAGE port: COM15

!ENTRY com.st.stm32cube.ide.mpu.remote.serial 1 1 2026-05-21 22:28:43.841
!MESSAGE port: COM16

!ENTRY com.st.stm32cube.ide.mpu.remote.serial 1 1 2026-05-21 22:28:43.842
!MESSAGE port: COM14

!ENTRY com.st.stm32cube.ide.mpu.remote.serial 1 1 2026-05-21 22:28:43.844
!MESSAGE port: COM4

!ENTRY com.st.stm32cube.ide.mpu.remote.serial 1 1 2026-05-21 22:28:43.844
!MESSAGE port: COM8

!ENTRY com.st.stm32cube.ide.mpu.remote.serial 1 1 2026-05-21 22:28:43.845
!MESSAGE port: COM13

!ENTRY com.st.stm32cube.ide.mpu.remote.serial 1 1 2026-05-21 22:28:43.845
!MESSAGE port: COM12

!ENTRY com.st.stm32cube.ide.mpu.remote.serial 1 1 2026-05-21 22:28:43.846
!MESSAGE port: COM11

!ENTRY com.st.stm32cube.ide.mpu.remote.serial 1 1 2026-05-21 22:41:25.260
!MESSAGE Executed PowerShell command powershell.exe -Command "Get-CimInstance -ClassName Win32_SerialPort | Select-Object -ExpandProperty DeviceID":
COM7
COM6
COM15
COM16
COM14
COM4
COM8
COM13
COM12
COM11


!ENTRY com.st.stm32cube.ide.mpu.remote.serial 1 1 2026-05-21 22:41:25.262
!MESSAGE port: COM7

!ENTRY com.st.stm32cube.ide.mpu.remote.serial 1 1 2026-05-21 22:41:25.263
!MESSAGE port: COM6

!ENTRY com.st.stm32cube.ide.mpu.remote.serial 1 1 2026-05-21 22:41:25.264
!MESSAGE port: COM15

!ENTRY com.st.stm32cube.ide.mpu.remote.serial 1 1 2026-05-21 22:41:25.265
!MESSAGE port: COM16

!ENTRY com.st.stm32cube.ide.mpu.remote.serial 1 1 2026-05-21 22:41:25.265
!MESSAGE port: COM14

!ENTRY com.st.stm32cube.ide.mpu.remote.serial 1 1 2026-05-21 22:41:25.266
!MESSAGE port: COM4

!ENTRY com.st.stm32cube.ide.mpu.remote.serial 1 1 2026-05-21 22:41:25.268
!MESSAGE port: COM8

!ENTRY com.st.stm32cube.ide.mpu.remote.serial 1 1 2026-05-21 22:41:25.269
!MESSAGE port: COM13

!ENTRY com.st.stm32cube.ide.mpu.remote.serial 1 1 2026-05-21 22:41:25.270
!MESSAGE port: COM12

!ENTRY com.st.stm32cube.ide.mpu.remote.serial 1 1 2026-05-21 22:41:25.271
!MESSAGE port: COM11

!ENTRY com.st.stm32cube.ide.mpu.remote.serial 1 1 2026-05-21 22:42:08.026
!MESSAGE Executed PowerShell command powershell.exe -Command "Get-CimInstance -ClassName Win32_SerialPort | Select-Object -ExpandProperty DeviceID":
COM7
COM6
COM15
COM16
COM14
COM4
COM8
COM13
COM12
COM11


!ENTRY com.st.stm32cube.ide.mpu.remote.serial 1 1 2026-05-21 22:42:08.026
!MESSAGE port: COM7

!ENTRY com.st.stm32cube.ide.mpu.remote.serial 1 1 2026-05-21 22:42:08.027
!MESSAGE port: COM6

!ENTRY com.st.stm32cube.ide.mpu.remote.serial 1 1 2026-05-21 22:42:08.028
!MESSAGE port: COM15

!ENTRY com.st.stm32cube.ide.mpu.remote.serial 1 1 2026-05-21 22:42:08.029
!MESSAGE port: COM16

!ENTRY com.st.stm32cube.ide.mpu.remote.serial 1 1 2026-05-21 22:42:08.030
!MESSAGE port: COM14

!ENTRY com.st.stm32cube.ide.mpu.remote.serial 1 1 2026-05-21 22:42:08.031
!MESSAGE port: COM4

!ENTRY com.st.stm32cube.ide.mpu.remote.serial 1 1 2026-05-21 22:42:08.032
!MESSAGE port: COM8

!ENTRY com.st.stm32cube.ide.mpu.remote.serial 1 1 2026-05-21 22:42:08.033
!MESSAGE port: COM13

!ENTRY com.st.stm32cube.ide.mpu.remote.serial 1 1 2026-05-21 22:42:08.035
!MESSAGE port: COM12

!ENTRY com.st.stm32cube.ide.mpu.remote.serial 1 1 2026-05-21 22:42:08.036
!MESSAGE port: COM11

!ENTRY com.st.stm32cube.ide.mpu.remote.serial 1 1 2026-05-21 22:42:38.606
!MESSAGE Executed PowerShell command powershell.exe -Command "Get-CimInstance -ClassName Win32_SerialPort | Select-Object -ExpandProperty DeviceID":
COM7
COM6
COM15
COM16
COM14
COM4
COM8
COM13
COM12
COM11


!ENTRY com.st.stm32cube.ide.mpu.remote.serial 1 1 2026-05-21 22:42:38.607
!MESSAGE port: COM7

!ENTRY com.st.stm32cube.ide.mpu.remote.serial 1 1 2026-05-21 22:42:38.607
!MESSAGE port: COM6

!ENTRY com.st.stm32cube.ide.mpu.remote.serial 1 1 2026-05-21 22:42:38.608
!MESSAGE port: COM15

!ENTRY com.st.stm32cube.ide.mpu.remote.serial 1 1 2026-05-21 22:42:38.609
!MESSAGE port: COM16

!ENTRY com.st.stm32cube.ide.mpu.remote.serial 1 1 2026-05-21 22:42:38.610
!MESSAGE port: COM14

!ENTRY com.st.stm32cube.ide.mpu.remote.serial 1 1 2026-05-21 22:42:38.610
!MESSAGE port: COM4

!ENTRY com.st.stm32cube.ide.mpu.remote.serial 1 1 2026-05-21 22:42:38.611
!MESSAGE port: COM8

!ENTRY com.st.stm32cube.ide.mpu.remote.serial 1 1 2026-05-21 22:42:38.612
!MESSAGE port: COM13

!ENTRY com.st.stm32cube.ide.mpu.remote.serial 1 1 2026-05-21 22:42:38.613
!MESSAGE port: COM12

!ENTRY com.st.stm32cube.ide.mpu.remote.serial 1 1 2026-05-21 22:42:38.613
!MESSAGE port: COM11

!ENTRY org.eclipse.ui 4 0 2026-05-21 22:46:31.399
!MESSAGE Unhandled event loop exception
!STACK 0
java.lang.NullPointerException: Cannot invoke "org.eclipse.swt.widgets.Shell.setVisible(boolean)" because the return value of "org.eclipse.ui.internal.findandreplace.overlay.FindReplaceOverlay.getShell()" is null
	at org.eclipse.ui.internal.findandreplace.overlay.FindReplaceOverlay.updatePlacementAndVisibility(FindReplaceOverlay.java:844)
	at org.eclipse.swt.widgets.RunnableLock.run(RunnableLock.java:40)
	at org.eclipse.swt.widgets.Synchronizer.runAsyncMessages(Synchronizer.java:132)
	at org.eclipse.swt.widgets.Display.runAsyncMessages(Display.java:4099)
	at org.eclipse.swt.widgets.Display.readAndDispatch(Display.java:3715)
	at org.eclipse.e4.ui.internal.workbench.swt.PartRenderingEngine$5.run(PartRenderingEngine.java:1151)
	at org.eclipse.core.databinding.observable.Realm.runWithDefault(Realm.java:339)
	at org.eclipse.e4.ui.internal.workbench.swt.PartRenderingEngine.run(PartRenderingEngine.java:1042)
	at org.eclipse.e4.ui.internal.workbench.E4Workbench.createAndRunUI(E4Workbench.java:153)
	at org.eclipse.ui.internal.Workbench.lambda$3(Workbench.java:639)
	at org.eclipse.core.databinding.observable.Realm.runWithDefault(Realm.java:339)
	at org.eclipse.ui.internal.Workbench.createAndRunWorkbench(Workbench.java:546)
	at org.eclipse.ui.PlatformUI.createAndRunWorkbench(PlatformUI.java:173)
	at org.eclipse.ui.internal.ide.application.IDEApplication.start(IDEApplication.java:152)
	at org.eclipse.equinox.internal.app.EclipseAppHandle.run(EclipseAppHandle.java:208)
	at org.eclipse.core.runtime.internal.adaptor.EclipseAppLauncher.runApplication(EclipseAppLauncher.java:143)
	at org.eclipse.core.runtime.internal.adaptor.EclipseAppLauncher.start(EclipseAppLauncher.java:109)
	at org.eclipse.core.runtime.adaptor.EclipseStarter.run(EclipseStarter.java:439)
	at org.eclipse.core.runtime.adaptor.EclipseStarter.run(EclipseStarter.java:271)
	at java.base/jdk.internal.reflect.DirectMethodHandleAccessor.invoke(DirectMethodHandleAccessor.java:103)
	at java.base/java.lang.reflect.Method.invoke(Method.java:580)
	at org.eclipse.equinox.launcher.Main.invokeFramework(Main.java:668)
	at org.eclipse.equinox.launcher.Main.basicRun(Main.java:605)
	at org.eclipse.equinox.launcher.Main.run(Main.java:1481)

!ENTRY com.st.stm32cube.ide.mpu.remote.serial 1 1 2026-05-21 22:57:50.644
!MESSAGE Executed PowerShell command powershell.exe -Command "Get-CimInstance -ClassName Win32_SerialPort | Select-Object -ExpandProperty DeviceID":
COM7
COM6
COM15
COM16
COM14
COM4
COM8
COM13
COM12
COM11


!ENTRY com.st.stm32cube.ide.mpu.remote.serial 1 1 2026-05-21 22:57:50.645
!MESSAGE port: COM7

!ENTRY com.st.stm32cube.ide.mpu.remote.serial 1 1 2026-05-21 22:57:50.645
!MESSAGE port: COM6

!ENTRY com.st.stm32cube.ide.mpu.remote.serial 1 1 2026-05-21 22:57:50.646
!MESSAGE port: COM15

!ENTRY com.st.stm32cube.ide.mpu.remote.serial 1 1 2026-05-21 22:57:50.649
!MESSAGE port: COM16

!ENTRY com.st.stm32cube.ide.mpu.remote.serial 1 1 2026-05-21 22:57:50.650
!MESSAGE port: COM14

!ENTRY com.st.stm32cube.ide.mpu.remote.serial 1 1 2026-05-21 22:57:50.651
!MESSAGE port: COM4

!ENTRY com.st.stm32cube.ide.mpu.remote.serial 1 1 2026-05-21 22:57:50.652
!MESSAGE port: COM8

!ENTRY com.st.stm32cube.ide.mpu.remote.serial 1 1 2026-05-21 22:57:50.653
!MESSAGE port: COM13

!ENTRY com.st.stm32cube.ide.mpu.remote.serial 1 1 2026-05-21 22:57:50.653
!MESSAGE port: COM12

!ENTRY com.st.stm32cube.ide.mpu.remote.serial 1 1 2026-05-21 22:57:50.654
!MESSAGE port: COM11

!ENTRY com.st.stm32cube.ide.mpu.remote.serial 1 1 2026-05-21 22:58:19.426
!MESSAGE Executed PowerShell command powershell.exe -Command "Get-CimInstance -ClassName Win32_SerialPort | Select-Object -ExpandProperty DeviceID":
COM7
COM6
COM15
COM16
COM14
COM4
COM8
COM13
COM12
COM11


!ENTRY com.st.stm32cube.ide.mpu.remote.serial 1 1 2026-05-21 22:58:19.427
!MESSAGE port: COM7

!ENTRY com.st.stm32cube.ide.mpu.remote.serial 1 1 2026-05-21 22:58:19.427
!MESSAGE port: COM6

!ENTRY com.st.stm32cube.ide.mpu.remote.serial 1 1 2026-05-21 22:58:19.428
!MESSAGE port: COM15

!ENTRY com.st.stm32cube.ide.mpu.remote.serial 1 1 2026-05-21 22:58:19.429
!MESSAGE port: COM16

!ENTRY com.st.stm32cube.ide.mpu.remote.serial 1 1 2026-05-21 22:58:19.430
!MESSAGE port: COM14

!ENTRY com.st.stm32cube.ide.mpu.remote.serial 1 1 2026-05-21 22:58:19.431
!MESSAGE port: COM4

!ENTRY com.st.stm32cube.ide.mpu.remote.serial 1 1 2026-05-21 22:58:19.431
!MESSAGE port: COM8

!ENTRY com.st.stm32cube.ide.mpu.remote.serial 1 1 2026-05-21 22:58:19.432
!MESSAGE port: COM13

!ENTRY com.st.stm32cube.ide.mpu.remote.serial 1 1 2026-05-21 22:58:19.433
!MESSAGE port: COM12

!ENTRY com.st.stm32cube.ide.mpu.remote.serial 1 1 2026-05-21 22:58:19.434
!MESSAGE port: COM11

!ENTRY com.st.stm32cube.ide.mpu.remote.serial 1 1 2026-05-21 22:59:02.278
!MESSAGE Executed PowerShell command powershell.exe -Command "Get-CimInstance -ClassName Win32_SerialPort | Select-Object -ExpandProperty DeviceID":
COM7
COM6
COM15
COM16
COM14
COM4
COM8
COM13
COM12
COM11


!ENTRY com.st.stm32cube.ide.mpu.remote.serial 1 1 2026-05-21 22:59:02.281
!MESSAGE port: COM7

!ENTRY com.st.stm32cube.ide.mpu.remote.serial 1 1 2026-05-21 22:59:02.283
!MESSAGE port: COM6

!ENTRY com.st.stm32cube.ide.mpu.remote.serial 1 1 2026-05-21 22:59:02.284
!MESSAGE port: COM15

!ENTRY com.st.stm32cube.ide.mpu.remote.serial 1 1 2026-05-21 22:59:02.285
!MESSAGE port: COM16

!ENTRY com.st.stm32cube.ide.mpu.remote.serial 1 1 2026-05-21 22:59:02.286
!MESSAGE port: COM14

!ENTRY com.st.stm32cube.ide.mpu.remote.serial 1 1 2026-05-21 22:59:02.286
!MESSAGE port: COM4

!ENTRY com.st.stm32cube.ide.mpu.remote.serial 1 1 2026-05-21 22:59:02.287
!MESSAGE port: COM8

!ENTRY com.st.stm32cube.ide.mpu.remote.serial 1 1 2026-05-21 22:59:02.288
!MESSAGE port: COM13

!ENTRY com.st.stm32cube.ide.mpu.remote.serial 1 1 2026-05-21 22:59:02.289
!MESSAGE port: COM12

!ENTRY com.st.stm32cube.ide.mpu.remote.serial 1 1 2026-05-21 22:59:02.290
!MESSAGE port: COM11

!ENTRY com.st.stm32cube.ide.mpu.remote.serial 1 1 2026-05-21 22:59:31.290
!MESSAGE Executed PowerShell command powershell.exe -Command "Get-CimInstance -ClassName Win32_SerialPort | Select-Object -ExpandProperty DeviceID":
COM7
COM6
COM15
COM16
COM14
COM4
COM8
COM13
COM12
COM11


!ENTRY com.st.stm32cube.ide.mpu.remote.serial 1 1 2026-05-21 22:59:31.291
!MESSAGE port: COM7

!ENTRY com.st.stm32cube.ide.mpu.remote.serial 1 1 2026-05-21 22:59:31.292
!MESSAGE port: COM6

!ENTRY com.st.stm32cube.ide.mpu.remote.serial 1 1 2026-05-21 22:59:31.293
!MESSAGE port: COM15

!ENTRY com.st.stm32cube.ide.mpu.remote.serial 1 1 2026-05-21 22:59:31.294
!MESSAGE port: COM16

!ENTRY com.st.stm32cube.ide.mpu.remote.serial 1 1 2026-05-21 22:59:31.294
!MESSAGE port: COM14

!ENTRY com.st.stm32cube.ide.mpu.remote.serial 1 1 2026-05-21 22:59:31.295
!MESSAGE port: COM4

!ENTRY com.st.stm32cube.ide.mpu.remote.serial 1 1 2026-05-21 22:59:31.297
!MESSAGE port: COM8

!ENTRY com.st.stm32cube.ide.mpu.remote.serial 1 1 2026-05-21 22:59:31.297
!MESSAGE port: COM13

!ENTRY com.st.stm32cube.ide.mpu.remote.serial 1 1 2026-05-21 22:59:31.298
!MESSAGE port: COM12

!ENTRY com.st.stm32cube.ide.mpu.remote.serial 1 1 2026-05-21 22:59:31.299
!MESSAGE port: COM11

!ENTRY com.st.stm32cube.ide.mpu.remote.serial 1 1 2026-05-21 23:05:34.978
!MESSAGE Executed PowerShell command powershell.exe -Command "Get-CimInstance -ClassName Win32_SerialPort | Select-Object -ExpandProperty DeviceID":
COM7
COM6
COM15
COM16
COM14
COM4
COM8
COM13
COM12
COM11


!ENTRY com.st.stm32cube.ide.mpu.remote.serial 1 1 2026-05-21 23:05:34.979
!MESSAGE port: COM7

!ENTRY com.st.stm32cube.ide.mpu.remote.serial 1 1 2026-05-21 23:05:34.980
!MESSAGE port: COM6

!ENTRY com.st.stm32cube.ide.mpu.remote.serial 1 1 2026-05-21 23:05:34.981
!MESSAGE port: COM15

!ENTRY com.st.stm32cube.ide.mpu.remote.serial 1 1 2026-05-21 23:05:34.982
!MESSAGE port: COM16

!ENTRY com.st.stm32cube.ide.mpu.remote.serial 1 1 2026-05-21 23:05:34.983
!MESSAGE port: COM14

!ENTRY com.st.stm32cube.ide.mpu.remote.serial 1 1 2026-05-21 23:05:34.984
!MESSAGE port: COM4

!ENTRY com.st.stm32cube.ide.mpu.remote.serial 1 1 2026-05-21 23:05:34.985
!MESSAGE port: COM8

!ENTRY com.st.stm32cube.ide.mpu.remote.serial 1 1 2026-05-21 23:05:34.985
!MESSAGE port: COM13

!ENTRY com.st.stm32cube.ide.mpu.remote.serial 1 1 2026-05-21 23:05:34.986
!MESSAGE port: COM12

!ENTRY com.st.stm32cube.ide.mpu.remote.serial 1 1 2026-05-21 23:05:34.989
!MESSAGE port: COM11

!ENTRY com.st.stm32cube.ide.mpu.remote.serial 1 1 2026-05-21 23:06:04.335
!MESSAGE Executed PowerShell command powershell.exe -Command "Get-CimInstance -ClassName Win32_SerialPort | Select-Object -ExpandProperty DeviceID":
COM7
COM6
COM15
COM16
COM14
COM4
COM8
COM13
COM12
COM11


!ENTRY com.st.stm32cube.ide.mpu.remote.serial 1 1 2026-05-21 23:06:04.335
!MESSAGE port: COM7

!ENTRY com.st.stm32cube.ide.mpu.remote.serial 1 1 2026-05-21 23:06:04.336
!MESSAGE port: COM6

!ENTRY com.st.stm32cube.ide.mpu.remote.serial 1 1 2026-05-21 23:06:04.337
!MESSAGE port: COM15

!ENTRY com.st.stm32cube.ide.mpu.remote.serial 1 1 2026-05-21 23:06:04.338
!MESSAGE port: COM16

!ENTRY com.st.stm32cube.ide.mpu.remote.serial 1 1 2026-05-21 23:06:04.338
!MESSAGE port: COM14

!ENTRY com.st.stm32cube.ide.mpu.remote.serial 1 1 2026-05-21 23:06:04.339
!MESSAGE port: COM4

!ENTRY com.st.stm32cube.ide.mpu.remote.serial 1 1 2026-05-21 23:06:04.341
!MESSAGE port: COM8

!ENTRY com.st.stm32cube.ide.mpu.remote.serial 1 1 2026-05-21 23:06:04.342
!MESSAGE port: COM13

!ENTRY com.st.stm32cube.ide.mpu.remote.serial 1 1 2026-05-21 23:06:04.342
!MESSAGE port: COM12

!ENTRY com.st.stm32cube.ide.mpu.remote.serial 1 1 2026-05-21 23:06:04.342
!MESSAGE port: COM11

!ENTRY com.st.stm32cube.ide.mpu.remote.serial 1 1 2026-05-21 23:07:38.953
!MESSAGE Executed PowerShell command powershell.exe -Command "Get-CimInstance -ClassName Win32_SerialPort | Select-Object -ExpandProperty DeviceID":
COM7
COM6
COM15
COM16
COM14
COM4
COM8
COM13
COM12
COM11


!ENTRY com.st.stm32cube.ide.mpu.remote.serial 1 1 2026-05-21 23:07:38.953
!MESSAGE port: COM7

!ENTRY com.st.stm32cube.ide.mpu.remote.serial 1 1 2026-05-21 23:07:38.954
!MESSAGE port: COM6

!ENTRY com.st.stm32cube.ide.mpu.remote.serial 1 1 2026-05-21 23:07:38.955
!MESSAGE port: COM15

!ENTRY com.st.stm32cube.ide.mpu.remote.serial 1 1 2026-05-21 23:07:38.956
!MESSAGE port: COM16

!ENTRY com.st.stm32cube.ide.mpu.remote.serial 1 1 2026-05-21 23:07:38.957
!MESSAGE port: COM14

!ENTRY com.st.stm32cube.ide.mpu.remote.serial 1 1 2026-05-21 23:07:38.958
!MESSAGE port: COM4

!ENTRY com.st.stm32cube.ide.mpu.remote.serial 1 1 2026-05-21 23:07:38.959
!MESSAGE port: COM8

!ENTRY com.st.stm32cube.ide.mpu.remote.serial 1 1 2026-05-21 23:07:38.960
!MESSAGE port: COM13

!ENTRY com.st.stm32cube.ide.mpu.remote.serial 1 1 2026-05-21 23:07:38.961
!MESSAGE port: COM12

!ENTRY com.st.stm32cube.ide.mpu.remote.serial 1 1 2026-05-21 23:07:38.963
!MESSAGE port: COM11

!ENTRY com.st.stm32cube.ide.mpu.remote.serial 1 1 2026-05-21 23:08:08.012
!MESSAGE Executed PowerShell command powershell.exe -Command "Get-CimInstance -ClassName Win32_SerialPort | Select-Object -ExpandProperty DeviceID":
COM7
COM6
COM15
COM16
COM14
COM4
COM8
COM13
COM12
COM11


!ENTRY com.st.stm32cube.ide.mpu.remote.serial 1 1 2026-05-21 23:08:08.013
!MESSAGE port: COM7

!ENTRY com.st.stm32cube.ide.mpu.remote.serial 1 1 2026-05-21 23:08:08.014
!MESSAGE port: COM6

!ENTRY com.st.stm32cube.ide.mpu.remote.serial 1 1 2026-05-21 23:08:08.015
!MESSAGE port: COM15

!ENTRY com.st.stm32cube.ide.mpu.remote.serial 1 1 2026-05-21 23:08:08.015
!MESSAGE port: COM16

!ENTRY com.st.stm32cube.ide.mpu.remote.serial 1 1 2026-05-21 23:08:08.017
!MESSAGE port: COM14

!ENTRY com.st.stm32cube.ide.mpu.remote.serial 1 1 2026-05-21 23:08:08.018
!MESSAGE port: COM4

!ENTRY com.st.stm32cube.ide.mpu.remote.serial 1 1 2026-05-21 23:08:08.019
!MESSAGE port: COM8

!ENTRY com.st.stm32cube.ide.mpu.remote.serial 1 1 2026-05-21 23:08:08.020
!MESSAGE port: COM13

!ENTRY com.st.stm32cube.ide.mpu.remote.serial 1 1 2026-05-21 23:08:08.021
!MESSAGE port: COM12

!ENTRY com.st.stm32cube.ide.mpu.remote.serial 1 1 2026-05-21 23:08:08.022
!MESSAGE port: COM11

!ENTRY com.st.stm32cube.ide.mpu.remote.serial 1 1 2026-05-21 23:10:38.193
!MESSAGE Executed PowerShell command powershell.exe -Command "Get-CimInstance -ClassName Win32_SerialPort | Select-Object -ExpandProperty DeviceID":
COM7
COM6
COM15
COM16
COM14
COM4
COM8
COM13
COM12
COM11


!ENTRY com.st.stm32cube.ide.mpu.remote.serial 1 1 2026-05-21 23:10:38.194
!MESSAGE port: COM7

!ENTRY com.st.stm32cube.ide.mpu.remote.serial 1 1 2026-05-21 23:10:38.195
!MESSAGE port: COM6

!ENTRY com.st.stm32cube.ide.mpu.remote.serial 1 1 2026-05-21 23:10:38.196
!MESSAGE port: COM15

!ENTRY com.st.stm32cube.ide.mpu.remote.serial 1 1 2026-05-21 23:10:38.197
!MESSAGE port: COM16

!ENTRY com.st.stm32cube.ide.mpu.remote.serial 1 1 2026-05-21 23:10:38.198
!MESSAGE port: COM14

!ENTRY com.st.stm32cube.ide.mpu.remote.serial 1 1 2026-05-21 23:10:38.200
!MESSAGE port: COM4

!ENTRY com.st.stm32cube.ide.mpu.remote.serial 1 1 2026-05-21 23:10:38.201
!MESSAGE port: COM8

!ENTRY com.st.stm32cube.ide.mpu.remote.serial 1 1 2026-05-21 23:10:38.202
!MESSAGE port: COM13

!ENTRY com.st.stm32cube.ide.mpu.remote.serial 1 1 2026-05-21 23:10:38.203
!MESSAGE port: COM12

!ENTRY com.st.stm32cube.ide.mpu.remote.serial 1 1 2026-05-21 23:10:38.204
!MESSAGE port: COM11

!ENTRY com.st.stm32cube.ide.mpu.remote.serial 1 1 2026-05-21 23:11:07.115
!MESSAGE Executed PowerShell command powershell.exe -Command "Get-CimInstance -ClassName Win32_SerialPort | Select-Object -ExpandProperty DeviceID":
COM7
COM6
COM15
COM16
COM14
COM4
COM8
COM13
COM12
COM11


!ENTRY com.st.stm32cube.ide.mpu.remote.serial 1 1 2026-05-21 23:11:07.116
!MESSAGE port: COM7

!ENTRY com.st.stm32cube.ide.mpu.remote.serial 1 1 2026-05-21 23:11:07.117
!MESSAGE port: COM6

!ENTRY com.st.stm32cube.ide.mpu.remote.serial 1 1 2026-05-21 23:11:07.118
!MESSAGE port: COM15

!ENTRY com.st.stm32cube.ide.mpu.remote.serial 1 1 2026-05-21 23:11:07.119
!MESSAGE port: COM16

!ENTRY com.st.stm32cube.ide.mpu.remote.serial 1 1 2026-05-21 23:11:07.120
!MESSAGE port: COM14

!ENTRY com.st.stm32cube.ide.mpu.remote.serial 1 1 2026-05-21 23:11:07.121
!MESSAGE port: COM4

!ENTRY com.st.stm32cube.ide.mpu.remote.serial 1 1 2026-05-21 23:11:07.122
!MESSAGE port: COM8

!ENTRY com.st.stm32cube.ide.mpu.remote.serial 1 1 2026-05-21 23:11:07.122
!MESSAGE port: COM13

!ENTRY com.st.stm32cube.ide.mpu.remote.serial 1 1 2026-05-21 23:11:07.123
!MESSAGE port: COM12

!ENTRY com.st.stm32cube.ide.mpu.remote.serial 1 1 2026-05-21 23:11:07.124
!MESSAGE port: COM11

!ENTRY com.st.stm32cube.ide.mpu.remote.serial 1 1 2026-05-21 23:11:38.040
!MESSAGE Executed PowerShell command powershell.exe -Command "Get-CimInstance -ClassName Win32_SerialPort | Select-Object -ExpandProperty DeviceID":
COM7
COM6
COM15
COM16
COM14
COM4
COM8
COM13
COM12
COM11


!ENTRY com.st.stm32cube.ide.mpu.remote.serial 1 1 2026-05-21 23:11:38.041
!MESSAGE port: COM7

!ENTRY com.st.stm32cube.ide.mpu.remote.serial 1 1 2026-05-21 23:11:38.042
!MESSAGE port: COM6

!ENTRY com.st.stm32cube.ide.mpu.remote.serial 1 1 2026-05-21 23:11:38.043
!MESSAGE port: COM15

!ENTRY com.st.stm32cube.ide.mpu.remote.serial 1 1 2026-05-21 23:11:38.044
!MESSAGE port: COM16

!ENTRY com.st.stm32cube.ide.mpu.remote.serial 1 1 2026-05-21 23:11:38.045
!MESSAGE port: COM14

!ENTRY com.st.stm32cube.ide.mpu.remote.serial 1 1 2026-05-21 23:11:38.046
!MESSAGE port: COM4

!ENTRY com.st.stm32cube.ide.mpu.remote.serial 1 1 2026-05-21 23:11:38.047
!MESSAGE port: COM8

!ENTRY com.st.stm32cube.ide.mpu.remote.serial 1 1 2026-05-21 23:11:38.047
!MESSAGE port: COM13

!ENTRY com.st.stm32cube.ide.mpu.remote.serial 1 1 2026-05-21 23:11:38.048
!MESSAGE port: COM12

!ENTRY com.st.stm32cube.ide.mpu.remote.serial 1 1 2026-05-21 23:11:38.049
!MESSAGE port: COM11

!ENTRY com.st.stm32cube.ide.mpu.remote.serial 1 1 2026-05-21 23:12:06.681
!MESSAGE Executed PowerShell command powershell.exe -Command "Get-CimInstance -ClassName Win32_SerialPort | Select-Object -ExpandProperty DeviceID":
COM7
COM6
COM15
COM16
COM14
COM4
COM8
COM13
COM12
COM11


!ENTRY com.st.stm32cube.ide.mpu.remote.serial 1 1 2026-05-21 23:12:06.683
!MESSAGE port: COM7

!ENTRY com.st.stm32cube.ide.mpu.remote.serial 1 1 2026-05-21 23:12:06.684
!MESSAGE port: COM6

!ENTRY com.st.stm32cube.ide.mpu.remote.serial 1 1 2026-05-21 23:12:06.685
!MESSAGE port: COM15

!ENTRY com.st.stm32cube.ide.mpu.remote.serial 1 1 2026-05-21 23:12:06.685
!MESSAGE port: COM16

!ENTRY com.st.stm32cube.ide.mpu.remote.serial 1 1 2026-05-21 23:12:06.686
!MESSAGE port: COM14

!ENTRY com.st.stm32cube.ide.mpu.remote.serial 1 1 2026-05-21 23:12:06.687
!MESSAGE port: COM4

!ENTRY com.st.stm32cube.ide.mpu.remote.serial 1 1 2026-05-21 23:12:06.688
!MESSAGE port: COM8

!ENTRY com.st.stm32cube.ide.mpu.remote.serial 1 1 2026-05-21 23:12:06.689
!MESSAGE port: COM13

!ENTRY com.st.stm32cube.ide.mpu.remote.serial 1 1 2026-05-21 23:12:06.690
!MESSAGE port: COM12

!ENTRY com.st.stm32cube.ide.mpu.remote.serial 1 1 2026-05-21 23:12:06.691
!MESSAGE port: COM11

!ENTRY com.st.stm32cube.ide.mpu.remote.serial 1 1 2026-05-21 23:13:31.132
!MESSAGE Executed PowerShell command powershell.exe -Command "Get-CimInstance -ClassName Win32_SerialPort | Select-Object -ExpandProperty DeviceID":
COM7
COM6
COM15
COM16
COM14
COM4
COM8
COM13
COM12
COM11


!ENTRY com.st.stm32cube.ide.mpu.remote.serial 1 1 2026-05-21 23:13:31.133
!MESSAGE port: COM7

!ENTRY com.st.stm32cube.ide.mpu.remote.serial 1 1 2026-05-21 23:13:31.134
!MESSAGE port: COM6

!ENTRY com.st.stm32cube.ide.mpu.remote.serial 1 1 2026-05-21 23:13:31.137
!MESSAGE port: COM15

!ENTRY com.st.stm32cube.ide.mpu.remote.serial 1 1 2026-05-21 23:13:31.138
!MESSAGE port: COM16

!ENTRY com.st.stm32cube.ide.mpu.remote.serial 1 1 2026-05-21 23:13:31.142
!MESSAGE port: COM14

!ENTRY com.st.stm32cube.ide.mpu.remote.serial 1 1 2026-05-21 23:13:31.143
!MESSAGE port: COM4

!ENTRY com.st.stm32cube.ide.mpu.remote.serial 1 1 2026-05-21 23:13:31.146
!MESSAGE port: COM8

!ENTRY com.st.stm32cube.ide.mpu.remote.serial 1 1 2026-05-21 23:13:31.147
!MESSAGE port: COM13

!ENTRY com.st.stm32cube.ide.mpu.remote.serial 1 1 2026-05-21 23:13:31.147
!MESSAGE port: COM12

!ENTRY com.st.stm32cube.ide.mpu.remote.serial 1 1 2026-05-21 23:13:31.149
!MESSAGE port: COM11

!ENTRY org.eclipse.cdt.core 1 0 2026-05-21 23:20:26.625
!MESSAGE Indexed 'Prueba_rx_rak' (52 sources, 173 headers) in 5,42 sec: 17.721 declarations; 70.137 references; 3 unresolved inclusions; 33 syntax errors; 171 unresolved names (0,19 %)

!ENTRY com.st.stm32cube.ide.mpu.remote.serial 1 1 2026-05-21 23:30:23.630
!MESSAGE Executed PowerShell command powershell.exe -Command "Get-CimInstance -ClassName Win32_SerialPort | Select-Object -ExpandProperty DeviceID":
COM7
COM6
COM15
COM16
COM14
COM4
COM8
COM13
COM12
COM11


!ENTRY com.st.stm32cube.ide.mpu.remote.serial 1 1 2026-05-21 23:30:23.632
!MESSAGE port: COM7

!ENTRY com.st.stm32cube.ide.mpu.remote.serial 1 1 2026-05-21 23:30:23.633
!MESSAGE port: COM6

!ENTRY com.st.stm32cube.ide.mpu.remote.serial 1 1 2026-05-21 23:30:23.634
!MESSAGE port: COM15

!ENTRY com.st.stm32cube.ide.mpu.remote.serial 1 1 2026-05-21 23:30:23.635
!MESSAGE port: COM16

!ENTRY com.st.stm32cube.ide.mpu.remote.serial 1 1 2026-05-21 23:30:23.636
!MESSAGE port: COM14

!ENTRY com.st.stm32cube.ide.mpu.remote.serial 1 1 2026-05-21 23:30:23.636
!MESSAGE port: COM4

!ENTRY com.st.stm32cube.ide.mpu.remote.serial 1 1 2026-05-21 23:30:23.637
!MESSAGE port: COM8

!ENTRY com.st.stm32cube.ide.mpu.remote.serial 1 1 2026-05-21 23:30:23.639
!MESSAGE port: COM13

!ENTRY com.st.stm32cube.ide.mpu.remote.serial 1 1 2026-05-21 23:30:23.639
!MESSAGE port: COM12

!ENTRY com.st.stm32cube.ide.mpu.remote.serial 1 1 2026-05-21 23:30:23.640
!MESSAGE port: COM11

!ENTRY com.st.stm32cube.ide.mpu.remote.serial 1 1 2026-05-21 23:31:20.049
!MESSAGE Executed PowerShell command powershell.exe -Command "Get-CimInstance -ClassName Win32_SerialPort | Select-Object -ExpandProperty DeviceID":
COM7
COM6
COM15
COM16
COM14
COM4
COM8
COM13
COM12
COM11


!ENTRY com.st.stm32cube.ide.mpu.remote.serial 1 1 2026-05-21 23:31:20.051
!MESSAGE port: COM7

!ENTRY com.st.stm32cube.ide.mpu.remote.serial 1 1 2026-05-21 23:31:20.052
!MESSAGE port: COM6

!ENTRY com.st.stm32cube.ide.mpu.remote.serial 1 1 2026-05-21 23:31:20.053
!MESSAGE port: COM15

!ENTRY com.st.stm32cube.ide.mpu.remote.serial 1 1 2026-05-21 23:31:20.054
!MESSAGE port: COM16

!ENTRY com.st.stm32cube.ide.mpu.remote.serial 1 1 2026-05-21 23:31:20.055
!MESSAGE port: COM14

!ENTRY com.st.stm32cube.ide.mpu.remote.serial 1 1 2026-05-21 23:31:20.055
!MESSAGE port: COM4

!ENTRY com.st.stm32cube.ide.mpu.remote.serial 1 1 2026-05-21 23:31:20.057
!MESSAGE port: COM8

!ENTRY com.st.stm32cube.ide.mpu.remote.serial 1 1 2026-05-21 23:31:20.058
!MESSAGE port: COM13

!ENTRY com.st.stm32cube.ide.mpu.remote.serial 1 1 2026-05-21 23:31:20.059
!MESSAGE port: COM12

!ENTRY com.st.stm32cube.ide.mpu.remote.serial 1 1 2026-05-21 23:31:20.060
!MESSAGE port: COM11

!ENTRY com.st.stm32cube.ide.mpu.remote.serial 1 1 2026-05-21 23:31:48.922
!MESSAGE Executed PowerShell command powershell.exe -Command "Get-CimInstance -ClassName Win32_SerialPort | Select-Object -ExpandProperty DeviceID":
COM7
COM6
COM15
COM16
COM14
COM4
COM8
COM13
COM12
COM11


!ENTRY com.st.stm32cube.ide.mpu.remote.serial 1 1 2026-05-21 23:31:48.923
!MESSAGE port: COM7

!ENTRY com.st.stm32cube.ide.mpu.remote.serial 1 1 2026-05-21 23:31:48.924
!MESSAGE port: COM6

!ENTRY com.st.stm32cube.ide.mpu.remote.serial 1 1 2026-05-21 23:31:48.924
!MESSAGE port: COM15

!ENTRY com.st.stm32cube.ide.mpu.remote.serial 1 1 2026-05-21 23:31:48.925
!MESSAGE port: COM16

!ENTRY com.st.stm32cube.ide.mpu.remote.serial 1 1 2026-05-21 23:31:48.926
!MESSAGE port: COM14

!ENTRY com.st.stm32cube.ide.mpu.remote.serial 1 1 2026-05-21 23:31:48.926
!MESSAGE port: COM4

!ENTRY com.st.stm32cube.ide.mpu.remote.serial 1 1 2026-05-21 23:31:48.927
!MESSAGE port: COM8

!ENTRY com.st.stm32cube.ide.mpu.remote.serial 1 1 2026-05-21 23:31:48.927
!MESSAGE port: COM13

!ENTRY com.st.stm32cube.ide.mpu.remote.serial 1 1 2026-05-21 23:31:48.928
!MESSAGE port: COM12

!ENTRY com.st.stm32cube.ide.mpu.remote.serial 1 1 2026-05-21 23:31:48.928
!MESSAGE port: COM11

!ENTRY com.st.stm32cube.ide.mpu.remote.serial 1 1 2026-05-21 23:32:17.734
!MESSAGE Executed PowerShell command powershell.exe -Command "Get-CimInstance -ClassName Win32_SerialPort | Select-Object -ExpandProperty DeviceID":
COM7
COM6
COM15
COM16
COM14
COM4
COM8
COM13
COM12
COM11


!ENTRY com.st.stm32cube.ide.mpu.remote.serial 1 1 2026-05-21 23:32:17.734
!MESSAGE port: COM7

!ENTRY com.st.stm32cube.ide.mpu.remote.serial 1 1 2026-05-21 23:32:17.735
!MESSAGE port: COM6

!ENTRY com.st.stm32cube.ide.mpu.remote.serial 1 1 2026-05-21 23:32:17.735
!MESSAGE port: COM15

!ENTRY com.st.stm32cube.ide.mpu.remote.serial 1 1 2026-05-21 23:32:17.737
!MESSAGE port: COM16

!ENTRY com.st.stm32cube.ide.mpu.remote.serial 1 1 2026-05-21 23:32:17.739
!MESSAGE port: COM14

!ENTRY com.st.stm32cube.ide.mpu.remote.serial 1 1 2026-05-21 23:32:17.740
!MESSAGE port: COM4

!ENTRY com.st.stm32cube.ide.mpu.remote.serial 1 1 2026-05-21 23:32:17.743
!MESSAGE port: COM8

!ENTRY com.st.stm32cube.ide.mpu.remote.serial 1 1 2026-05-21 23:32:17.745
!MESSAGE port: COM13

!ENTRY com.st.stm32cube.ide.mpu.remote.serial 1 1 2026-05-21 23:32:17.747
!MESSAGE port: COM12

!ENTRY com.st.stm32cube.ide.mpu.remote.serial 1 1 2026-05-21 23:32:17.750
!MESSAGE port: COM11
!SESSION 2026-05-22 12:10:31.410 -----------------------------------------------
eclipse.buildId=Version 2.1.1
java.version=21.0.9
java.vendor=Eclipse Adoptium
BootLoader constants: OS=win32, ARCH=x86_64, WS=win32, NL=es_AR
Command-line arguments:  -os win32 -ws win32 -arch x86_64

!ENTRY com.st.stm32cube.ide.mcu.informationcenter 1 1 2026-05-22 12:11:50.219
!MESSAGE Log4j2 initialized with config file C:\Users\franc\STM32CubeIDE\workspace_2.1.2\.metadata\.log4j2.xml

!ENTRY com.st.stm32cube.ide.mcu.ide 1 1 2026-05-22 12:12:14.375
!MESSAGE Started RMI Server, listening on port 41337

!ENTRY com.st.stm32cube.ide.mpu.remote.serial 1 1 2026-05-22 12:12:48.090
!MESSAGE Executed PowerShell command powershell.exe -Command "Get-CimInstance -ClassName Win32_SerialPort | Select-Object -ExpandProperty DeviceID":
COM7
COM6
COM15
COM16
COM14
COM4
COM8
COM13
COM12
COM11


!ENTRY com.st.stm32cube.ide.mpu.remote.serial 1 1 2026-05-22 12:12:48.091
!MESSAGE port: COM7

!ENTRY com.st.stm32cube.ide.mpu.remote.serial 1 1 2026-05-22 12:12:48.092
!MESSAGE port: COM6

!ENTRY com.st.stm32cube.ide.mpu.remote.serial 1 1 2026-05-22 12:12:48.092
!MESSAGE port: COM15

!ENTRY com.st.stm32cube.ide.mpu.remote.serial 1 1 2026-05-22 12:12:48.093
!MESSAGE port: COM16

!ENTRY com.st.stm32cube.ide.mpu.remote.serial 1 1 2026-05-22 12:12:48.094
!MESSAGE port: COM14

!ENTRY com.st.stm32cube.ide.mpu.remote.serial 1 1 2026-05-22 12:12:48.095
!MESSAGE port: COM4

!ENTRY com.st.stm32cube.ide.mpu.remote.serial 1 1 2026-05-22 12:12:48.095
!MESSAGE port: COM8

!ENTRY com.st.stm32cube.ide.mpu.remote.serial 1 1 2026-05-22 12:12:48.096
!MESSAGE port: COM13

!ENTRY com.st.stm32cube.ide.mpu.remote.serial 1 1 2026-05-22 12:12:48.097
!MESSAGE port: COM12

!ENTRY com.st.stm32cube.ide.mpu.remote.serial 1 1 2026-05-22 12:12:48.098
!MESSAGE port: COM11

!ENTRY org.eclipse.ui 4 0 2026-05-22 12:16:44.746
!MESSAGE Unhandled event loop exception
!STACK 0
java.lang.NullPointerException: Cannot invoke "org.eclipse.swt.widgets.Shell.setVisible(boolean)" because the return value of "org.eclipse.ui.internal.findandreplace.overlay.FindReplaceOverlay.getShell()" is null
	at org.eclipse.ui.internal.findandreplace.overlay.FindReplaceOverlay.updatePlacementAndVisibility(FindReplaceOverlay.java:844)
	at org.eclipse.swt.widgets.RunnableLock.run(RunnableLock.java:40)
	at org.eclipse.swt.widgets.Synchronizer.runAsyncMessages(Synchronizer.java:132)
	at org.eclipse.swt.widgets.Display.runAsyncMessages(Display.java:4099)
	at org.eclipse.swt.widgets.Display.readAndDispatch(Display.java:3715)
	at org.eclipse.e4.ui.internal.workbench.swt.PartRenderingEngine$5.run(PartRenderingEngine.java:1151)
	at org.eclipse.core.databinding.observable.Realm.runWithDefault(Realm.java:339)
	at org.eclipse.e4.ui.internal.workbench.swt.PartRenderingEngine.run(PartRenderingEngine.java:1042)
	at org.eclipse.e4.ui.internal.workbench.E4Workbench.createAndRunUI(E4Workbench.java:153)
	at org.eclipse.ui.internal.Workbench.lambda$3(Workbench.java:639)
	at org.eclipse.core.databinding.observable.Realm.runWithDefault(Realm.java:339)
	at org.eclipse.ui.internal.Workbench.createAndRunWorkbench(Workbench.java:546)
	at org.eclipse.ui.PlatformUI.createAndRunWorkbench(PlatformUI.java:173)
	at org.eclipse.ui.internal.ide.application.IDEApplication.start(IDEApplication.java:152)
	at org.eclipse.equinox.internal.app.EclipseAppHandle.run(EclipseAppHandle.java:208)
	at org.eclipse.core.runtime.internal.adaptor.EclipseAppLauncher.runApplication(EclipseAppLauncher.java:143)
	at org.eclipse.core.runtime.internal.adaptor.EclipseAppLauncher.start(EclipseAppLauncher.java:109)
	at org.eclipse.core.runtime.adaptor.EclipseStarter.run(EclipseStarter.java:439)
	at org.eclipse.core.runtime.adaptor.EclipseStarter.run(EclipseStarter.java:271)
	at java.base/jdk.internal.reflect.DirectMethodHandleAccessor.invoke(DirectMethodHandleAccessor.java:103)
	at java.base/java.lang.reflect.Method.invoke(Method.java:580)
	at org.eclipse.equinox.launcher.Main.invokeFramework(Main.java:668)
	at org.eclipse.equinox.launcher.Main.basicRun(Main.java:605)
	at org.eclipse.equinox.launcher.Main.run(Main.java:1481)

!ENTRY org.eclipse.ui 4 0 2026-05-22 12:18:28.739
!MESSAGE Unhandled event loop exception
!STACK 0
java.lang.NullPointerException: Cannot invoke "org.eclipse.swt.widgets.Shell.getDisplay()" because the return value of "org.eclipse.ui.internal.findandreplace.overlay.FindReplaceOverlay.getShell()" is null
	at org.eclipse.ui.internal.findandreplace.overlay.FindReplaceOverlay.updatePlacementAndVisibility(FindReplaceOverlay.java:848)
	at org.eclipse.swt.widgets.RunnableLock.run(RunnableLock.java:40)
	at org.eclipse.swt.widgets.Synchronizer.runAsyncMessages(Synchronizer.java:132)
	at org.eclipse.swt.widgets.Display.runAsyncMessages(Display.java:4099)
	at org.eclipse.swt.widgets.Display.readAndDispatch(Display.java:3715)
	at org.eclipse.e4.ui.internal.workbench.swt.PartRenderingEngine$5.run(PartRenderingEngine.java:1151)
	at org.eclipse.core.databinding.observable.Realm.runWithDefault(Realm.java:339)
	at org.eclipse.e4.ui.internal.workbench.swt.PartRenderingEngine.run(PartRenderingEngine.java:1042)
	at org.eclipse.e4.ui.internal.workbench.E4Workbench.createAndRunUI(E4Workbench.java:153)
	at org.eclipse.ui.internal.Workbench.lambda$3(Workbench.java:639)
	at org.eclipse.core.databinding.observable.Realm.runWithDefault(Realm.java:339)
	at org.eclipse.ui.internal.Workbench.createAndRunWorkbench(Workbench.java:546)
	at org.eclipse.ui.PlatformUI.createAndRunWorkbench(PlatformUI.java:173)
	at org.eclipse.ui.internal.ide.application.IDEApplication.start(IDEApplication.java:152)
	at org.eclipse.equinox.internal.app.EclipseAppHandle.run(EclipseAppHandle.java:208)
	at org.eclipse.core.runtime.internal.adaptor.EclipseAppLauncher.runApplication(EclipseAppLauncher.java:143)
	at org.eclipse.core.runtime.internal.adaptor.EclipseAppLauncher.start(EclipseAppLauncher.java:109)
	at org.eclipse.core.runtime.adaptor.EclipseStarter.run(EclipseStarter.java:439)
	at org.eclipse.core.runtime.adaptor.EclipseStarter.run(EclipseStarter.java:271)
	at java.base/jdk.internal.reflect.DirectMethodHandleAccessor.invoke(DirectMethodHandleAccessor.java:103)
	at java.base/java.lang.reflect.Method.invoke(Method.java:580)
	at org.eclipse.equinox.launcher.Main.invokeFramework(Main.java:668)
	at org.eclipse.equinox.launcher.Main.basicRun(Main.java:605)
	at org.eclipse.equinox.launcher.Main.run(Main.java:1481)

!ENTRY com.st.stm32cube.ide.mpu.remote.serial 1 1 2026-05-22 12:31:58.117
!MESSAGE Executed PowerShell command powershell.exe -Command "Get-CimInstance -ClassName Win32_SerialPort | Select-Object -ExpandProperty DeviceID":
COM7
COM6
COM15
COM16
COM14
COM4
COM8
COM13
COM12
COM11


!ENTRY com.st.stm32cube.ide.mpu.remote.serial 1 1 2026-05-22 12:31:58.119
!MESSAGE port: COM7

!ENTRY com.st.stm32cube.ide.mpu.remote.serial 1 1 2026-05-22 12:31:58.120
!MESSAGE port: COM6

!ENTRY com.st.stm32cube.ide.mpu.remote.serial 1 1 2026-05-22 12:31:58.121
!MESSAGE port: COM15

!ENTRY com.st.stm32cube.ide.mpu.remote.serial 1 1 2026-05-22 12:31:58.122
!MESSAGE port: COM16

!ENTRY com.st.stm32cube.ide.mpu.remote.serial 1 1 2026-05-22 12:31:58.123
!MESSAGE port: COM14

!ENTRY com.st.stm32cube.ide.mpu.remote.serial 1 1 2026-05-22 12:31:58.124
!MESSAGE port: COM4

!ENTRY com.st.stm32cube.ide.mpu.remote.serial 1 1 2026-05-22 12:31:58.126
!MESSAGE port: COM8

!ENTRY com.st.stm32cube.ide.mpu.remote.serial 1 1 2026-05-22 12:31:58.127
!MESSAGE port: COM13

!ENTRY com.st.stm32cube.ide.mpu.remote.serial 1 1 2026-05-22 12:31:58.128
!MESSAGE port: COM12

!ENTRY com.st.stm32cube.ide.mpu.remote.serial 1 1 2026-05-22 12:31:58.129
!MESSAGE port: COM11

!ENTRY com.st.stm32cube.ide.mpu.remote.serial 1 1 2026-05-22 12:32:26.936
!MESSAGE Executed PowerShell command powershell.exe -Command "Get-CimInstance -ClassName Win32_SerialPort | Select-Object -ExpandProperty DeviceID":
COM7
COM6
COM15
COM16
COM14
COM4
COM8
COM13
COM12
COM11


!ENTRY com.st.stm32cube.ide.mpu.remote.serial 1 1 2026-05-22 12:32:26.938
!MESSAGE port: COM7

!ENTRY com.st.stm32cube.ide.mpu.remote.serial 1 1 2026-05-22 12:32:26.940
!MESSAGE port: COM6

!ENTRY com.st.stm32cube.ide.mpu.remote.serial 1 1 2026-05-22 12:32:26.942
!MESSAGE port: COM15

!ENTRY com.st.stm32cube.ide.mpu.remote.serial 1 1 2026-05-22 12:32:26.944
!MESSAGE port: COM16

!ENTRY com.st.stm32cube.ide.mpu.remote.serial 1 1 2026-05-22 12:32:26.946
!MESSAGE port: COM14

!ENTRY com.st.stm32cube.ide.mpu.remote.serial 1 1 2026-05-22 12:32:26.948
!MESSAGE port: COM4

!ENTRY com.st.stm32cube.ide.mpu.remote.serial 1 1 2026-05-22 12:32:26.950
!MESSAGE port: COM8

!ENTRY com.st.stm32cube.ide.mpu.remote.serial 1 1 2026-05-22 12:32:26.951
!MESSAGE port: COM13

!ENTRY com.st.stm32cube.ide.mpu.remote.serial 1 1 2026-05-22 12:32:26.953
!MESSAGE port: COM12

!ENTRY com.st.stm32cube.ide.mpu.remote.serial 1 1 2026-05-22 12:32:26.955
!MESSAGE port: COM11

!ENTRY com.st.stm32cube.ide.mpu.remote.serial 1 1 2026-05-22 12:35:27.007
!MESSAGE Executed PowerShell command powershell.exe -Command "Get-CimInstance -ClassName Win32_SerialPort | Select-Object -ExpandProperty DeviceID":
COM7
COM6
COM15
COM16
COM14
COM4
COM8
COM13
COM12
COM11


!ENTRY com.st.stm32cube.ide.mpu.remote.serial 1 1 2026-05-22 12:35:27.010
!MESSAGE port: COM7

!ENTRY com.st.stm32cube.ide.mpu.remote.serial 1 1 2026-05-22 12:35:27.013
!MESSAGE port: COM6

!ENTRY com.st.stm32cube.ide.mpu.remote.serial 1 1 2026-05-22 12:35:27.016
!MESSAGE port: COM15

!ENTRY com.st.stm32cube.ide.mpu.remote.serial 1 1 2026-05-22 12:35:27.019
!MESSAGE port: COM16

!ENTRY com.st.stm32cube.ide.mpu.remote.serial 1 1 2026-05-22 12:35:27.020
!MESSAGE port: COM14

!ENTRY com.st.stm32cube.ide.mpu.remote.serial 1 1 2026-05-22 12:35:27.022
!MESSAGE port: COM4

!ENTRY com.st.stm32cube.ide.mpu.remote.serial 1 1 2026-05-22 12:35:27.023
!MESSAGE port: COM8

!ENTRY com.st.stm32cube.ide.mpu.remote.serial 1 1 2026-05-22 12:35:27.024
!MESSAGE port: COM13

!ENTRY com.st.stm32cube.ide.mpu.remote.serial 1 1 2026-05-22 12:35:27.026
!MESSAGE port: COM12

!ENTRY com.st.stm32cube.ide.mpu.remote.serial 1 1 2026-05-22 12:35:27.027
!MESSAGE port: COM11

!ENTRY com.st.stm32cube.ide.mpu.remote.serial 1 1 2026-05-22 12:35:55.649
!MESSAGE Executed PowerShell command powershell.exe -Command "Get-CimInstance -ClassName Win32_SerialPort | Select-Object -ExpandProperty DeviceID":
COM7
COM6
COM15
COM16
COM14
COM4
COM8
COM13
COM12
COM11


!ENTRY com.st.stm32cube.ide.mpu.remote.serial 1 1 2026-05-22 12:35:55.650
!MESSAGE port: COM7

!ENTRY com.st.stm32cube.ide.mpu.remote.serial 1 1 2026-05-22 12:35:55.651
!MESSAGE port: COM6

!ENTRY com.st.stm32cube.ide.mpu.remote.serial 1 1 2026-05-22 12:35:55.652
!MESSAGE port: COM15

!ENTRY com.st.stm32cube.ide.mpu.remote.serial 1 1 2026-05-22 12:35:55.653
!MESSAGE port: COM16

!ENTRY com.st.stm32cube.ide.mpu.remote.serial 1 1 2026-05-22 12:35:55.654
!MESSAGE port: COM14

!ENTRY com.st.stm32cube.ide.mpu.remote.serial 1 1 2026-05-22 12:35:55.655
!MESSAGE port: COM4

!ENTRY com.st.stm32cube.ide.mpu.remote.serial 1 1 2026-05-22 12:35:55.656
!MESSAGE port: COM8

!ENTRY com.st.stm32cube.ide.mpu.remote.serial 1 1 2026-05-22 12:35:55.657
!MESSAGE port: COM13

!ENTRY com.st.stm32cube.ide.mpu.remote.serial 1 1 2026-05-22 12:35:55.658
!MESSAGE port: COM12

!ENTRY com.st.stm32cube.ide.mpu.remote.serial 1 1 2026-05-22 12:35:55.659
!MESSAGE port: COM11

!ENTRY com.st.stm32cube.ide.mpu.remote.serial 1 1 2026-05-22 12:36:47.284
!MESSAGE Executed PowerShell command powershell.exe -Command "Get-CimInstance -ClassName Win32_SerialPort | Select-Object -ExpandProperty DeviceID":
COM7
COM6
COM15
COM16
COM14
COM4
COM8
COM13
COM12
COM11


!ENTRY com.st.stm32cube.ide.mpu.remote.serial 1 1 2026-05-22 12:36:47.286
!MESSAGE port: COM7

!ENTRY com.st.stm32cube.ide.mpu.remote.serial 1 1 2026-05-22 12:36:47.287
!MESSAGE port: COM6

!ENTRY com.st.stm32cube.ide.mpu.remote.serial 1 1 2026-05-22 12:36:47.288
!MESSAGE port: COM15

!ENTRY com.st.stm32cube.ide.mpu.remote.serial 1 1 2026-05-22 12:36:47.289
!MESSAGE port: COM16

!ENTRY com.st.stm32cube.ide.mpu.remote.serial 1 1 2026-05-22 12:36:47.290
!MESSAGE port: COM14

!ENTRY com.st.stm32cube.ide.mpu.remote.serial 1 1 2026-05-22 12:36:47.291
!MESSAGE port: COM4

!ENTRY com.st.stm32cube.ide.mpu.remote.serial 1 1 2026-05-22 12:36:47.292
!MESSAGE port: COM8

!ENTRY com.st.stm32cube.ide.mpu.remote.serial 1 1 2026-05-22 12:36:47.293
!MESSAGE port: COM13

!ENTRY com.st.stm32cube.ide.mpu.remote.serial 1 1 2026-05-22 12:36:47.295
!MESSAGE port: COM12

!ENTRY com.st.stm32cube.ide.mpu.remote.serial 1 1 2026-05-22 12:36:47.296
!MESSAGE port: COM11

!ENTRY org.eclipse.cdt.core 1 0 2026-05-22 12:37:31.843
!MESSAGE Indexed 'Prueba_tx_rak' (54 sources, 182 headers) in 8,32 sec: 19.870 declarations; 85.988 references; 1 unresolved inclusions; 76 syntax errors; 240 unresolved names (0,23 %)

!ENTRY com.st.stm32cube.ide.mpu.remote.serial 1 1 2026-05-22 12:38:17.982
!MESSAGE Executed PowerShell command powershell.exe -Command "Get-CimInstance -ClassName Win32_SerialPort | Select-Object -ExpandProperty DeviceID":
COM7
COM6
COM15
COM16
COM14
COM4
COM8
COM13
COM12
COM11


!ENTRY com.st.stm32cube.ide.mpu.remote.serial 1 1 2026-05-22 12:38:17.985
!MESSAGE port: COM7

!ENTRY com.st.stm32cube.ide.mpu.remote.serial 1 1 2026-05-22 12:38:17.987
!MESSAGE port: COM6

!ENTRY com.st.stm32cube.ide.mpu.remote.serial 1 1 2026-05-22 12:38:17.988
!MESSAGE port: COM15

!ENTRY com.st.stm32cube.ide.mpu.remote.serial 1 1 2026-05-22 12:38:17.990
!MESSAGE port: COM16

!ENTRY com.st.stm32cube.ide.mpu.remote.serial 1 1 2026-05-22 12:38:17.991
!MESSAGE port: COM14

!ENTRY com.st.stm32cube.ide.mpu.remote.serial 1 1 2026-05-22 12:38:17.994
!MESSAGE port: COM4

!ENTRY com.st.stm32cube.ide.mpu.remote.serial 1 1 2026-05-22 12:38:17.995
!MESSAGE port: COM8

!ENTRY com.st.stm32cube.ide.mpu.remote.serial 1 1 2026-05-22 12:38:17.997
!MESSAGE port: COM13

!ENTRY com.st.stm32cube.ide.mpu.remote.serial 1 1 2026-05-22 12:38:17.999
!MESSAGE port: COM12

!ENTRY com.st.stm32cube.ide.mpu.remote.serial 1 1 2026-05-22 12:38:18.001
!MESSAGE port: COM11

!ENTRY com.st.stm32cube.ide.mpu.remote.serial 1 1 2026-05-22 12:39:09.834
!MESSAGE Executed PowerShell command powershell.exe -Command "Get-CimInstance -ClassName Win32_SerialPort | Select-Object -ExpandProperty DeviceID":
COM7
COM6
COM15
COM16
COM14
COM4
COM8
COM13
COM12
COM11


!ENTRY com.st.stm32cube.ide.mpu.remote.serial 1 1 2026-05-22 12:39:09.835
!MESSAGE port: COM7

!ENTRY com.st.stm32cube.ide.mpu.remote.serial 1 1 2026-05-22 12:39:09.836
!MESSAGE port: COM6

!ENTRY com.st.stm32cube.ide.mpu.remote.serial 1 1 2026-05-22 12:39:09.837
!MESSAGE port: COM15

!ENTRY com.st.stm32cube.ide.mpu.remote.serial 1 1 2026-05-22 12:39:09.838
!MESSAGE port: COM16

!ENTRY com.st.stm32cube.ide.mpu.remote.serial 1 1 2026-05-22 12:39:09.839
!MESSAGE port: COM14

!ENTRY com.st.stm32cube.ide.mpu.remote.serial 1 1 2026-05-22 12:39:09.840
!MESSAGE port: COM4

!ENTRY com.st.stm32cube.ide.mpu.remote.serial 1 1 2026-05-22 12:39:09.841
!MESSAGE port: COM8

!ENTRY com.st.stm32cube.ide.mpu.remote.serial 1 1 2026-05-22 12:39:09.843
!MESSAGE port: COM13

!ENTRY com.st.stm32cube.ide.mpu.remote.serial 1 1 2026-05-22 12:39:09.844
!MESSAGE port: COM12

!ENTRY com.st.stm32cube.ide.mpu.remote.serial 1 1 2026-05-22 12:39:09.845
!MESSAGE port: COM11

!ENTRY com.st.stm32cube.ide.mpu.remote.serial 1 1 2026-05-22 12:39:39.190
!MESSAGE Executed PowerShell command powershell.exe -Command "Get-CimInstance -ClassName Win32_SerialPort | Select-Object -ExpandProperty DeviceID":
COM7
COM6
COM15
COM16
COM14
COM4
COM8
COM13
COM12
COM11


!ENTRY com.st.stm32cube.ide.mpu.remote.serial 1 1 2026-05-22 12:39:39.192
!MESSAGE port: COM7

!ENTRY com.st.stm32cube.ide.mpu.remote.serial 1 1 2026-05-22 12:39:39.195
!MESSAGE port: COM6

!ENTRY com.st.stm32cube.ide.mpu.remote.serial 1 1 2026-05-22 12:39:39.198
!MESSAGE port: COM15

!ENTRY com.st.stm32cube.ide.mpu.remote.serial 1 1 2026-05-22 12:39:39.200
!MESSAGE port: COM16

!ENTRY com.st.stm32cube.ide.mpu.remote.serial 1 1 2026-05-22 12:39:39.203
!MESSAGE port: COM14

!ENTRY com.st.stm32cube.ide.mpu.remote.serial 1 1 2026-05-22 12:39:39.206
!MESSAGE port: COM4

!ENTRY com.st.stm32cube.ide.mpu.remote.serial 1 1 2026-05-22 12:39:39.209
!MESSAGE port: COM8

!ENTRY com.st.stm32cube.ide.mpu.remote.serial 1 1 2026-05-22 12:39:39.212
!MESSAGE port: COM13

!ENTRY com.st.stm32cube.ide.mpu.remote.serial 1 1 2026-05-22 12:39:39.214
!MESSAGE port: COM12

!ENTRY com.st.stm32cube.ide.mpu.remote.serial 1 1 2026-05-22 12:39:39.217
!MESSAGE port: COM11

!ENTRY com.st.stm32cube.ide.mpu.remote.serial 1 1 2026-05-22 12:40:47.857
!MESSAGE Executed PowerShell command powershell.exe -Command "Get-CimInstance -ClassName Win32_SerialPort | Select-Object -ExpandProperty DeviceID":
COM7
COM6
COM15
COM16
COM14
COM4
COM8
COM13
COM12
COM11


!ENTRY com.st.stm32cube.ide.mpu.remote.serial 1 1 2026-05-22 12:40:47.858
!MESSAGE port: COM7

!ENTRY com.st.stm32cube.ide.mpu.remote.serial 1 1 2026-05-22 12:40:47.859
!MESSAGE port: COM6

!ENTRY com.st.stm32cube.ide.mpu.remote.serial 1 1 2026-05-22 12:40:47.860
!MESSAGE port: COM15

!ENTRY com.st.stm32cube.ide.mpu.remote.serial 1 1 2026-05-22 12:40:47.861
!MESSAGE port: COM16

!ENTRY com.st.stm32cube.ide.mpu.remote.serial 1 1 2026-05-22 12:40:47.862
!MESSAGE port: COM14

!ENTRY com.st.stm32cube.ide.mpu.remote.serial 1 1 2026-05-22 12:40:47.863
!MESSAGE port: COM4

!ENTRY com.st.stm32cube.ide.mpu.remote.serial 1 1 2026-05-22 12:40:47.864
!MESSAGE port: COM8

!ENTRY com.st.stm32cube.ide.mpu.remote.serial 1 1 2026-05-22 12:40:47.865
!MESSAGE port: COM13

!ENTRY com.st.stm32cube.ide.mpu.remote.serial 1 1 2026-05-22 12:40:47.866
!MESSAGE port: COM12

!ENTRY com.st.stm32cube.ide.mpu.remote.serial 1 1 2026-05-22 12:40:47.867
!MESSAGE port: COM11

!ENTRY org.eclipse.cdt.core 1 0 2026-05-22 12:40:57.962
!MESSAGE Indexed 'Prueba_tx_rak' (54 sources, 182 headers) in 5,58 sec: 19.870 declarations; 85.988 references; 1 unresolved inclusions; 76 syntax errors; 240 unresolved names (0,23 %)

!ENTRY org.eclipse.cdt.core 1 0 2026-05-22 12:42:12.615
!MESSAGE Indexed 'Prueba_tx_rak' (54 sources, 185 headers) in 5,77 sec: 20.088 declarations; 86.126 references; 1 unresolved inclusions; 76 syntax errors; 240 unresolved names (0,23 %)

!ENTRY com.st.stm32cube.ide.mpu.remote.serial 1 1 2026-05-22 12:42:56.887
!MESSAGE Executed PowerShell command powershell.exe -Command "Get-CimInstance -ClassName Win32_SerialPort | Select-Object -ExpandProperty DeviceID":
COM7
COM6
COM15
COM16
COM14
COM4
COM8
COM13
COM12
COM11


!ENTRY com.st.stm32cube.ide.mpu.remote.serial 1 1 2026-05-22 12:42:56.890
!MESSAGE port: COM7

!ENTRY com.st.stm32cube.ide.mpu.remote.serial 1 1 2026-05-22 12:42:56.892
!MESSAGE port: COM6

!ENTRY com.st.stm32cube.ide.mpu.remote.serial 1 1 2026-05-22 12:42:56.894
!MESSAGE port: COM15

!ENTRY com.st.stm32cube.ide.mpu.remote.serial 1 1 2026-05-22 12:42:56.897
!MESSAGE port: COM16

!ENTRY com.st.stm32cube.ide.mpu.remote.serial 1 1 2026-05-22 12:42:56.899
!MESSAGE port: COM14

!ENTRY com.st.stm32cube.ide.mpu.remote.serial 1 1 2026-05-22 12:42:56.902
!MESSAGE port: COM4

!ENTRY com.st.stm32cube.ide.mpu.remote.serial 1 1 2026-05-22 12:42:56.904
!MESSAGE port: COM8

!ENTRY com.st.stm32cube.ide.mpu.remote.serial 1 1 2026-05-22 12:42:56.907
!MESSAGE port: COM13

!ENTRY com.st.stm32cube.ide.mpu.remote.serial 1 1 2026-05-22 12:42:56.909
!MESSAGE port: COM12

!ENTRY com.st.stm32cube.ide.mpu.remote.serial 1 1 2026-05-22 12:42:56.911
!MESSAGE port: COM11

!ENTRY com.st.stm32cube.ide.mpu.remote.serial 1 1 2026-05-22 12:43:38.602
!MESSAGE Executed PowerShell command powershell.exe -Command "Get-CimInstance -ClassName Win32_SerialPort | Select-Object -ExpandProperty DeviceID":
COM7
COM6
COM15
COM16
COM14
COM4
COM8
COM13
COM12
COM11


!ENTRY com.st.stm32cube.ide.mpu.remote.serial 1 1 2026-05-22 12:43:38.603
!MESSAGE port: COM7

!ENTRY com.st.stm32cube.ide.mpu.remote.serial 1 1 2026-05-22 12:43:38.604
!MESSAGE port: COM6

!ENTRY com.st.stm32cube.ide.mpu.remote.serial 1 1 2026-05-22 12:43:38.605
!MESSAGE port: COM15

!ENTRY com.st.stm32cube.ide.mpu.remote.serial 1 1 2026-05-22 12:43:38.606
!MESSAGE port: COM16

!ENTRY com.st.stm32cube.ide.mpu.remote.serial 1 1 2026-05-22 12:43:38.607
!MESSAGE port: COM14

!ENTRY com.st.stm32cube.ide.mpu.remote.serial 1 1 2026-05-22 12:43:38.608
!MESSAGE port: COM4

!ENTRY com.st.stm32cube.ide.mpu.remote.serial 1 1 2026-05-22 12:43:38.610
!MESSAGE port: COM8

!ENTRY com.st.stm32cube.ide.mpu.remote.serial 1 1 2026-05-22 12:43:38.611
!MESSAGE port: COM13

!ENTRY com.st.stm32cube.ide.mpu.remote.serial 1 1 2026-05-22 12:43:38.612
!MESSAGE port: COM12

!ENTRY com.st.stm32cube.ide.mpu.remote.serial 1 1 2026-05-22 12:43:38.613
!MESSAGE port: COM11

!ENTRY com.st.stm32cube.ide.mpu.remote.serial 1 1 2026-05-22 12:44:07.683
!MESSAGE Executed PowerShell command powershell.exe -Command "Get-CimInstance -ClassName Win32_SerialPort | Select-Object -ExpandProperty DeviceID":
COM7
COM6
COM15
COM16
COM14
COM4
COM8
COM13
COM12
COM11


!ENTRY com.st.stm32cube.ide.mpu.remote.serial 1 1 2026-05-22 12:44:07.686
!MESSAGE port: COM7

!ENTRY com.st.stm32cube.ide.mpu.remote.serial 1 1 2026-05-22 12:44:07.688
!MESSAGE port: COM6

!ENTRY com.st.stm32cube.ide.mpu.remote.serial 1 1 2026-05-22 12:44:07.691
!MESSAGE port: COM15

!ENTRY com.st.stm32cube.ide.mpu.remote.serial 1 1 2026-05-22 12:44:07.693
!MESSAGE port: COM16

!ENTRY com.st.stm32cube.ide.mpu.remote.serial 1 1 2026-05-22 12:44:07.696
!MESSAGE port: COM14

!ENTRY com.st.stm32cube.ide.mpu.remote.serial 1 1 2026-05-22 12:44:07.698
!MESSAGE port: COM4

!ENTRY com.st.stm32cube.ide.mpu.remote.serial 1 1 2026-05-22 12:44:07.700
!MESSAGE port: COM8

!ENTRY com.st.stm32cube.ide.mpu.remote.serial 1 1 2026-05-22 12:44:07.702
!MESSAGE port: COM13

!ENTRY com.st.stm32cube.ide.mpu.remote.serial 1 1 2026-05-22 12:44:07.704
!MESSAGE port: COM12

!ENTRY com.st.stm32cube.ide.mpu.remote.serial 1 1 2026-05-22 12:44:07.705
!MESSAGE port: COM11

!ENTRY com.st.stm32cube.ide.mpu.remote.serial 1 1 2026-05-22 12:45:18.173
!MESSAGE Executed PowerShell command powershell.exe -Command "Get-CimInstance -ClassName Win32_SerialPort | Select-Object -ExpandProperty DeviceID":
COM7
COM6
COM15
COM16
COM14
COM4
COM8
COM13
COM12
COM11


!ENTRY com.st.stm32cube.ide.mpu.remote.serial 1 1 2026-05-22 12:45:18.176
!MESSAGE port: COM7

!ENTRY com.st.stm32cube.ide.mpu.remote.serial 1 1 2026-05-22 12:45:18.178
!MESSAGE port: COM6

!ENTRY com.st.stm32cube.ide.mpu.remote.serial 1 1 2026-05-22 12:45:18.179
!MESSAGE port: COM15

!ENTRY com.st.stm32cube.ide.mpu.remote.serial 1 1 2026-05-22 12:45:18.181
!MESSAGE port: COM16

!ENTRY com.st.stm32cube.ide.mpu.remote.serial 1 1 2026-05-22 12:45:18.183
!MESSAGE port: COM14

!ENTRY com.st.stm32cube.ide.mpu.remote.serial 1 1 2026-05-22 12:45:18.185
!MESSAGE port: COM4

!ENTRY com.st.stm32cube.ide.mpu.remote.serial 1 1 2026-05-22 12:45:18.187
!MESSAGE port: COM8

!ENTRY com.st.stm32cube.ide.mpu.remote.serial 1 1 2026-05-22 12:45:18.189
!MESSAGE port: COM13

!ENTRY com.st.stm32cube.ide.mpu.remote.serial 1 1 2026-05-22 12:45:18.190
!MESSAGE port: COM12

!ENTRY com.st.stm32cube.ide.mpu.remote.serial 1 1 2026-05-22 12:45:18.192
!MESSAGE port: COM11

!ENTRY com.st.stm32cube.ide.mpu.remote.serial 1 1 2026-05-22 12:47:20.138
!MESSAGE Executed PowerShell command powershell.exe -Command "Get-CimInstance -ClassName Win32_SerialPort | Select-Object -ExpandProperty DeviceID":
COM7
COM6
COM15
COM16
COM14
COM4
COM8
COM13
COM12
COM11


!ENTRY com.st.stm32cube.ide.mpu.remote.serial 1 1 2026-05-22 12:47:20.141
!MESSAGE port: COM7

!ENTRY com.st.stm32cube.ide.mpu.remote.serial 1 1 2026-05-22 12:47:20.143
!MESSAGE port: COM6

!ENTRY com.st.stm32cube.ide.mpu.remote.serial 1 1 2026-05-22 12:47:20.146
!MESSAGE port: COM15

!ENTRY com.st.stm32cube.ide.mpu.remote.serial 1 1 2026-05-22 12:47:20.149
!MESSAGE port: COM16

!ENTRY com.st.stm32cube.ide.mpu.remote.serial 1 1 2026-05-22 12:47:20.151
!MESSAGE port: COM14

!ENTRY com.st.stm32cube.ide.mpu.remote.serial 1 1 2026-05-22 12:47:20.153
!MESSAGE port: COM4

!ENTRY com.st.stm32cube.ide.mpu.remote.serial 1 1 2026-05-22 12:47:20.155
!MESSAGE port: COM8

!ENTRY com.st.stm32cube.ide.mpu.remote.serial 1 1 2026-05-22 12:47:20.157
!MESSAGE port: COM13

!ENTRY com.st.stm32cube.ide.mpu.remote.serial 1 1 2026-05-22 12:47:20.160
!MESSAGE port: COM12

!ENTRY com.st.stm32cube.ide.mpu.remote.serial 1 1 2026-05-22 12:47:20.162
!MESSAGE port: COM11

!ENTRY com.st.stm32cube.ide.mpu.remote.serial 1 1 2026-05-22 12:48:15.880
!MESSAGE Executed PowerShell command powershell.exe -Command "Get-CimInstance -ClassName Win32_SerialPort | Select-Object -ExpandProperty DeviceID":
COM7
COM6
COM15
COM16
COM14
COM4
COM8
COM13
COM12
COM11


!ENTRY com.st.stm32cube.ide.mpu.remote.serial 1 1 2026-05-22 12:48:15.881
!MESSAGE port: COM7

!ENTRY com.st.stm32cube.ide.mpu.remote.serial 1 1 2026-05-22 12:48:15.882
!MESSAGE port: COM6

!ENTRY com.st.stm32cube.ide.mpu.remote.serial 1 1 2026-05-22 12:48:15.883
!MESSAGE port: COM15

!ENTRY com.st.stm32cube.ide.mpu.remote.serial 1 1 2026-05-22 12:48:15.884
!MESSAGE port: COM16

!ENTRY com.st.stm32cube.ide.mpu.remote.serial 1 1 2026-05-22 12:48:15.885
!MESSAGE port: COM14

!ENTRY com.st.stm32cube.ide.mpu.remote.serial 1 1 2026-05-22 12:48:15.886
!MESSAGE port: COM4

!ENTRY com.st.stm32cube.ide.mpu.remote.serial 1 1 2026-05-22 12:48:15.887
!MESSAGE port: COM8

!ENTRY com.st.stm32cube.ide.mpu.remote.serial 1 1 2026-05-22 12:48:15.888
!MESSAGE port: COM13

!ENTRY com.st.stm32cube.ide.mpu.remote.serial 1 1 2026-05-22 12:48:15.888
!MESSAGE port: COM12

!ENTRY com.st.stm32cube.ide.mpu.remote.serial 1 1 2026-05-22 12:48:15.889
!MESSAGE port: COM11

!ENTRY com.st.stm32cube.ide.mpu.remote.serial 1 1 2026-05-22 12:49:14.586
!MESSAGE Executed PowerShell command powershell.exe -Command "Get-CimInstance -ClassName Win32_SerialPort | Select-Object -ExpandProperty DeviceID":
COM7
COM6
COM15
COM16
COM14
COM4
COM8
COM13
COM12
COM11


!ENTRY com.st.stm32cube.ide.mpu.remote.serial 1 1 2026-05-22 12:49:14.588
!MESSAGE port: COM7

!ENTRY com.st.stm32cube.ide.mpu.remote.serial 1 1 2026-05-22 12:49:14.590
!MESSAGE port: COM6

!ENTRY com.st.stm32cube.ide.mpu.remote.serial 1 1 2026-05-22 12:49:14.591
!MESSAGE port: COM15

!ENTRY com.st.stm32cube.ide.mpu.remote.serial 1 1 2026-05-22 12:49:14.593
!MESSAGE port: COM16

!ENTRY com.st.stm32cube.ide.mpu.remote.serial 1 1 2026-05-22 12:49:14.594
!MESSAGE port: COM14

!ENTRY com.st.stm32cube.ide.mpu.remote.serial 1 1 2026-05-22 12:49:14.596
!MESSAGE port: COM4

!ENTRY com.st.stm32cube.ide.mpu.remote.serial 1 1 2026-05-22 12:49:14.597
!MESSAGE port: COM8

!ENTRY com.st.stm32cube.ide.mpu.remote.serial 1 1 2026-05-22 12:49:14.599
!MESSAGE port: COM13

!ENTRY com.st.stm32cube.ide.mpu.remote.serial 1 1 2026-05-22 12:49:14.600
!MESSAGE port: COM12

!ENTRY com.st.stm32cube.ide.mpu.remote.serial 1 1 2026-05-22 12:49:14.602
!MESSAGE port: COM11

!ENTRY com.st.stm32cube.ide.mpu.remote.serial 1 1 2026-05-22 12:49:57.197
!MESSAGE Executed PowerShell command powershell.exe -Command "Get-CimInstance -ClassName Win32_SerialPort | Select-Object -ExpandProperty DeviceID":
COM7
COM6
COM15
COM16
COM14
COM4
COM8
COM13
COM12
COM11


!ENTRY com.st.stm32cube.ide.mpu.remote.serial 1 1 2026-05-22 12:49:57.199
!MESSAGE port: COM7

!ENTRY com.st.stm32cube.ide.mpu.remote.serial 1 1 2026-05-22 12:49:57.200
!MESSAGE port: COM6

!ENTRY com.st.stm32cube.ide.mpu.remote.serial 1 1 2026-05-22 12:49:57.202
!MESSAGE port: COM15

!ENTRY com.st.stm32cube.ide.mpu.remote.serial 1 1 2026-05-22 12:49:57.204
!MESSAGE port: COM16

!ENTRY com.st.stm32cube.ide.mpu.remote.serial 1 1 2026-05-22 12:49:57.207
!MESSAGE port: COM14

!ENTRY com.st.stm32cube.ide.mpu.remote.serial 1 1 2026-05-22 12:49:57.209
!MESSAGE port: COM4

!ENTRY com.st.stm32cube.ide.mpu.remote.serial 1 1 2026-05-22 12:49:57.211
!MESSAGE port: COM8

!ENTRY com.st.stm32cube.ide.mpu.remote.serial 1 1 2026-05-22 12:49:57.213
!MESSAGE port: COM13

!ENTRY com.st.stm32cube.ide.mpu.remote.serial 1 1 2026-05-22 12:49:57.215
!MESSAGE port: COM12

!ENTRY com.st.stm32cube.ide.mpu.remote.serial 1 1 2026-05-22 12:49:57.216
!MESSAGE port: COM11

!ENTRY com.st.stm32cube.ide.mpu.remote.serial 1 1 2026-05-22 12:50:26.007
!MESSAGE Executed PowerShell command powershell.exe -Command "Get-CimInstance -ClassName Win32_SerialPort | Select-Object -ExpandProperty DeviceID":
COM7
COM6
COM15
COM16
COM14
COM4
COM8
COM13
COM12
COM11


!ENTRY com.st.stm32cube.ide.mpu.remote.serial 1 1 2026-05-22 12:50:26.008
!MESSAGE port: COM7

!ENTRY com.st.stm32cube.ide.mpu.remote.serial 1 1 2026-05-22 12:50:26.009
!MESSAGE port: COM6

!ENTRY com.st.stm32cube.ide.mpu.remote.serial 1 1 2026-05-22 12:50:26.010
!MESSAGE port: COM15

!ENTRY com.st.stm32cube.ide.mpu.remote.serial 1 1 2026-05-22 12:50:26.010
!MESSAGE port: COM16

!ENTRY com.st.stm32cube.ide.mpu.remote.serial 1 1 2026-05-22 12:50:26.011
!MESSAGE port: COM14

!ENTRY com.st.stm32cube.ide.mpu.remote.serial 1 1 2026-05-22 12:50:26.012
!MESSAGE port: COM4

!ENTRY com.st.stm32cube.ide.mpu.remote.serial 1 1 2026-05-22 12:50:26.013
!MESSAGE port: COM8

!ENTRY com.st.stm32cube.ide.mpu.remote.serial 1 1 2026-05-22 12:50:26.015
!MESSAGE port: COM13

!ENTRY com.st.stm32cube.ide.mpu.remote.serial 1 1 2026-05-22 12:50:26.016
!MESSAGE port: COM12

!ENTRY com.st.stm32cube.ide.mpu.remote.serial 1 1 2026-05-22 12:50:26.017
!MESSAGE port: COM11

!ENTRY com.st.stm32cube.ide.mpu.remote.serial 1 1 2026-05-22 12:51:21.620
!MESSAGE Executed PowerShell command powershell.exe -Command "Get-CimInstance -ClassName Win32_SerialPort | Select-Object -ExpandProperty DeviceID":
COM7
COM6
COM15
COM16
COM14
COM4
COM8
COM13
COM12
COM11


!ENTRY com.st.stm32cube.ide.mpu.remote.serial 1 1 2026-05-22 12:51:21.621
!MESSAGE port: COM7

!ENTRY com.st.stm32cube.ide.mpu.remote.serial 1 1 2026-05-22 12:51:21.622
!MESSAGE port: COM6

!ENTRY com.st.stm32cube.ide.mpu.remote.serial 1 1 2026-05-22 12:51:21.623
!MESSAGE port: COM15

!ENTRY com.st.stm32cube.ide.mpu.remote.serial 1 1 2026-05-22 12:51:21.624
!MESSAGE port: COM16

!ENTRY com.st.stm32cube.ide.mpu.remote.serial 1 1 2026-05-22 12:51:21.625
!MESSAGE port: COM14

!ENTRY com.st.stm32cube.ide.mpu.remote.serial 1 1 2026-05-22 12:51:21.626
!MESSAGE port: COM4

!ENTRY com.st.stm32cube.ide.mpu.remote.serial 1 1 2026-05-22 12:51:21.627
!MESSAGE port: COM8

!ENTRY com.st.stm32cube.ide.mpu.remote.serial 1 1 2026-05-22 12:51:21.628
!MESSAGE port: COM13

!ENTRY com.st.stm32cube.ide.mpu.remote.serial 1 1 2026-05-22 12:51:21.629
!MESSAGE port: COM12

!ENTRY com.st.stm32cube.ide.mpu.remote.serial 1 1 2026-05-22 12:51:21.630
!MESSAGE port: COM11

!ENTRY com.st.stm32cube.ide.mpu.remote.serial 1 1 2026-05-22 12:51:50.717
!MESSAGE Executed PowerShell command powershell.exe -Command "Get-CimInstance -ClassName Win32_SerialPort | Select-Object -ExpandProperty DeviceID":
COM7
COM6
COM15
COM16
COM14
COM4
COM8
COM13
COM12
COM11


!ENTRY com.st.stm32cube.ide.mpu.remote.serial 1 1 2026-05-22 12:51:50.720
!MESSAGE port: COM7

!ENTRY com.st.stm32cube.ide.mpu.remote.serial 1 1 2026-05-22 12:51:50.722
!MESSAGE port: COM6

!ENTRY com.st.stm32cube.ide.mpu.remote.serial 1 1 2026-05-22 12:51:50.724
!MESSAGE port: COM15

!ENTRY com.st.stm32cube.ide.mpu.remote.serial 1 1 2026-05-22 12:51:50.726
!MESSAGE port: COM16

!ENTRY com.st.stm32cube.ide.mpu.remote.serial 1 1 2026-05-22 12:51:50.729
!MESSAGE port: COM14

!ENTRY com.st.stm32cube.ide.mpu.remote.serial 1 1 2026-05-22 12:51:50.731
!MESSAGE port: COM4

!ENTRY com.st.stm32cube.ide.mpu.remote.serial 1 1 2026-05-22 12:51:50.733
!MESSAGE port: COM8

!ENTRY com.st.stm32cube.ide.mpu.remote.serial 1 1 2026-05-22 12:51:50.735
!MESSAGE port: COM13

!ENTRY com.st.stm32cube.ide.mpu.remote.serial 1 1 2026-05-22 12:51:50.737
!MESSAGE port: COM12

!ENTRY com.st.stm32cube.ide.mpu.remote.serial 1 1 2026-05-22 12:51:50.739
!MESSAGE port: COM11

!ENTRY com.st.stm32cube.ide.mpu.remote.serial 1 1 2026-05-22 12:52:19.949
!MESSAGE Executed PowerShell command powershell.exe -Command "Get-CimInstance -ClassName Win32_SerialPort | Select-Object -ExpandProperty DeviceID":
COM7
COM6
COM15
COM16
COM14
COM4
COM8
COM13
COM12
COM11


!ENTRY com.st.stm32cube.ide.mpu.remote.serial 1 1 2026-05-22 12:52:19.953
!MESSAGE port: COM7

!ENTRY com.st.stm32cube.ide.mpu.remote.serial 1 1 2026-05-22 12:52:19.956
!MESSAGE port: COM6

!ENTRY com.st.stm32cube.ide.mpu.remote.serial 1 1 2026-05-22 12:52:19.958
!MESSAGE port: COM15

!ENTRY com.st.stm32cube.ide.mpu.remote.serial 1 1 2026-05-22 12:52:19.961
!MESSAGE port: COM16

!ENTRY com.st.stm32cube.ide.mpu.remote.serial 1 1 2026-05-22 12:52:19.963
!MESSAGE port: COM14

!ENTRY com.st.stm32cube.ide.mpu.remote.serial 1 1 2026-05-22 12:52:19.965
!MESSAGE port: COM4

!ENTRY com.st.stm32cube.ide.mpu.remote.serial 1 1 2026-05-22 12:52:19.967
!MESSAGE port: COM8

!ENTRY com.st.stm32cube.ide.mpu.remote.serial 1 1 2026-05-22 12:52:19.970
!MESSAGE port: COM13

!ENTRY com.st.stm32cube.ide.mpu.remote.serial 1 1 2026-05-22 12:52:19.972
!MESSAGE port: COM12

!ENTRY com.st.stm32cube.ide.mpu.remote.serial 1 1 2026-05-22 12:52:19.974
!MESSAGE port: COM11

!ENTRY com.st.stm32cube.ide.mpu.remote.serial 1 1 2026-05-22 12:52:49.204
!MESSAGE Executed PowerShell command powershell.exe -Command "Get-CimInstance -ClassName Win32_SerialPort | Select-Object -ExpandProperty DeviceID":
COM7
COM6
COM15
COM16
COM14
COM4
COM8
COM13
COM12
COM11


!ENTRY com.st.stm32cube.ide.mpu.remote.serial 1 1 2026-05-22 12:52:49.207
!MESSAGE port: COM7

!ENTRY com.st.stm32cube.ide.mpu.remote.serial 1 1 2026-05-22 12:52:49.209
!MESSAGE port: COM6

!ENTRY com.st.stm32cube.ide.mpu.remote.serial 1 1 2026-05-22 12:52:49.211
!MESSAGE port: COM15

!ENTRY com.st.stm32cube.ide.mpu.remote.serial 1 1 2026-05-22 12:52:49.213
!MESSAGE port: COM16

!ENTRY com.st.stm32cube.ide.mpu.remote.serial 1 1 2026-05-22 12:52:49.215
!MESSAGE port: COM14

!ENTRY com.st.stm32cube.ide.mpu.remote.serial 1 1 2026-05-22 12:52:49.218
!MESSAGE port: COM4

!ENTRY com.st.stm32cube.ide.mpu.remote.serial 1 1 2026-05-22 12:52:49.219
!MESSAGE port: COM8

!ENTRY com.st.stm32cube.ide.mpu.remote.serial 1 1 2026-05-22 12:52:49.221
!MESSAGE port: COM13

!ENTRY com.st.stm32cube.ide.mpu.remote.serial 1 1 2026-05-22 12:52:49.223
!MESSAGE port: COM12

!ENTRY com.st.stm32cube.ide.mpu.remote.serial 1 1 2026-05-22 12:52:49.225
!MESSAGE port: COM11

!ENTRY com.st.stm32cube.ide.mpu.remote.serial 1 1 2026-05-22 12:54:11.897
!MESSAGE Executed PowerShell command powershell.exe -Command "Get-CimInstance -ClassName Win32_SerialPort | Select-Object -ExpandProperty DeviceID":
COM7
COM6
COM15
COM16
COM14
COM4
COM8
COM13
COM12
COM11


!ENTRY com.st.stm32cube.ide.mpu.remote.serial 1 1 2026-05-22 12:54:11.899
!MESSAGE port: COM7

!ENTRY com.st.stm32cube.ide.mpu.remote.serial 1 1 2026-05-22 12:54:11.901
!MESSAGE port: COM6

!ENTRY com.st.stm32cube.ide.mpu.remote.serial 1 1 2026-05-22 12:54:11.901
!MESSAGE port: COM15

!ENTRY com.st.stm32cube.ide.mpu.remote.serial 1 1 2026-05-22 12:54:11.901
!MESSAGE port: COM16

!ENTRY com.st.stm32cube.ide.mpu.remote.serial 1 1 2026-05-22 12:54:11.901
!MESSAGE port: COM14

!ENTRY com.st.stm32cube.ide.mpu.remote.serial 1 1 2026-05-22 12:54:11.901
!MESSAGE port: COM4

!ENTRY com.st.stm32cube.ide.mpu.remote.serial 1 1 2026-05-22 12:54:11.906
!MESSAGE port: COM8

!ENTRY com.st.stm32cube.ide.mpu.remote.serial 1 1 2026-05-22 12:54:11.908
!MESSAGE port: COM13

!ENTRY com.st.stm32cube.ide.mpu.remote.serial 1 1 2026-05-22 12:54:11.908
!MESSAGE port: COM12

!ENTRY com.st.stm32cube.ide.mpu.remote.serial 1 1 2026-05-22 12:54:11.910
!MESSAGE port: COM11

!ENTRY com.st.stm32cube.ide.mpu.remote.serial 1 1 2026-05-22 12:55:50.189
!MESSAGE Executed PowerShell command powershell.exe -Command "Get-CimInstance -ClassName Win32_SerialPort | Select-Object -ExpandProperty DeviceID":
COM7
COM6
COM15
COM16
COM14
COM4
COM8
COM13
COM12
COM11


!ENTRY com.st.stm32cube.ide.mpu.remote.serial 1 1 2026-05-22 12:55:50.192
!MESSAGE port: COM7

!ENTRY com.st.stm32cube.ide.mpu.remote.serial 1 1 2026-05-22 12:55:50.195
!MESSAGE port: COM6

!ENTRY com.st.stm32cube.ide.mpu.remote.serial 1 1 2026-05-22 12:55:50.197
!MESSAGE port: COM15

!ENTRY com.st.stm32cube.ide.mpu.remote.serial 1 1 2026-05-22 12:55:50.200
!MESSAGE port: COM16

!ENTRY com.st.stm32cube.ide.mpu.remote.serial 1 1 2026-05-22 12:55:50.202
!MESSAGE port: COM14

!ENTRY com.st.stm32cube.ide.mpu.remote.serial 1 1 2026-05-22 12:55:50.204
!MESSAGE port: COM4

!ENTRY com.st.stm32cube.ide.mpu.remote.serial 1 1 2026-05-22 12:55:50.207
!MESSAGE port: COM8

!ENTRY com.st.stm32cube.ide.mpu.remote.serial 1 1 2026-05-22 12:55:50.209
!MESSAGE port: COM13

!ENTRY com.st.stm32cube.ide.mpu.remote.serial 1 1 2026-05-22 12:55:50.210
!MESSAGE port: COM12

!ENTRY com.st.stm32cube.ide.mpu.remote.serial 1 1 2026-05-22 12:55:50.214
!MESSAGE port: COM11

!ENTRY com.st.stm32cube.ide.mpu.remote.serial 1 1 2026-05-22 12:56:28.983
!MESSAGE Executed PowerShell command powershell.exe -Command "Get-CimInstance -ClassName Win32_SerialPort | Select-Object -ExpandProperty DeviceID":
COM7
COM6
COM15
COM16
COM14
COM4
COM8
COM13
COM12
COM11


!ENTRY com.st.stm32cube.ide.mpu.remote.serial 1 1 2026-05-22 12:56:28.986
!MESSAGE port: COM7

!ENTRY com.st.stm32cube.ide.mpu.remote.serial 1 1 2026-05-22 12:56:28.987
!MESSAGE port: COM6

!ENTRY com.st.stm32cube.ide.mpu.remote.serial 1 1 2026-05-22 12:56:28.989
!MESSAGE port: COM15

!ENTRY com.st.stm32cube.ide.mpu.remote.serial 1 1 2026-05-22 12:56:28.992
!MESSAGE port: COM16

!ENTRY com.st.stm32cube.ide.mpu.remote.serial 1 1 2026-05-22 12:56:28.994
!MESSAGE port: COM14

!ENTRY com.st.stm32cube.ide.mpu.remote.serial 1 1 2026-05-22 12:56:28.996
!MESSAGE port: COM4

!ENTRY com.st.stm32cube.ide.mpu.remote.serial 1 1 2026-05-22 12:56:28.998
!MESSAGE port: COM8

!ENTRY com.st.stm32cube.ide.mpu.remote.serial 1 1 2026-05-22 12:56:29.000
!MESSAGE port: COM13

!ENTRY com.st.stm32cube.ide.mpu.remote.serial 1 1 2026-05-22 12:56:29.001
!MESSAGE port: COM12

!ENTRY com.st.stm32cube.ide.mpu.remote.serial 1 1 2026-05-22 12:56:29.003
!MESSAGE port: COM11

!ENTRY com.st.stm32cube.ide.mpu.remote.serial 1 1 2026-05-22 12:56:58.368
!MESSAGE Executed PowerShell command powershell.exe -Command "Get-CimInstance -ClassName Win32_SerialPort | Select-Object -ExpandProperty DeviceID":
COM7
COM6
COM15
COM16
COM14
COM4
COM8
COM13
COM12
COM11


!ENTRY com.st.stm32cube.ide.mpu.remote.serial 1 1 2026-05-22 12:56:58.371
!MESSAGE port: COM7

!ENTRY com.st.stm32cube.ide.mpu.remote.serial 1 1 2026-05-22 12:56:58.373
!MESSAGE port: COM6

!ENTRY com.st.stm32cube.ide.mpu.remote.serial 1 1 2026-05-22 12:56:58.376
!MESSAGE port: COM15

!ENTRY com.st.stm32cube.ide.mpu.remote.serial 1 1 2026-05-22 12:56:58.416
!MESSAGE port: COM16

!ENTRY com.st.stm32cube.ide.mpu.remote.serial 1 1 2026-05-22 12:56:58.418
!MESSAGE port: COM14

!ENTRY com.st.stm32cube.ide.mpu.remote.serial 1 1 2026-05-22 12:56:58.418
!MESSAGE port: COM4

!ENTRY com.st.stm32cube.ide.mpu.remote.serial 1 1 2026-05-22 12:56:58.421
!MESSAGE port: COM8

!ENTRY com.st.stm32cube.ide.mpu.remote.serial 1 1 2026-05-22 12:56:58.422
!MESSAGE port: COM13

!ENTRY com.st.stm32cube.ide.mpu.remote.serial 1 1 2026-05-22 12:56:58.423
!MESSAGE port: COM12

!ENTRY com.st.stm32cube.ide.mpu.remote.serial 1 1 2026-05-22 12:56:58.425
!MESSAGE port: COM11

!ENTRY com.st.stm32cube.ide.mpu.remote.serial 1 1 2026-05-22 13:00:18.765
!MESSAGE Executed PowerShell command powershell.exe -Command "Get-CimInstance -ClassName Win32_SerialPort | Select-Object -ExpandProperty DeviceID":
COM7
COM6
COM15
COM16
COM14
COM4
COM8
COM13
COM12
COM11


!ENTRY com.st.stm32cube.ide.mpu.remote.serial 1 1 2026-05-22 13:00:18.767
!MESSAGE port: COM7

!ENTRY com.st.stm32cube.ide.mpu.remote.serial 1 1 2026-05-22 13:00:18.769
!MESSAGE port: COM6

!ENTRY com.st.stm32cube.ide.mpu.remote.serial 1 1 2026-05-22 13:00:18.771
!MESSAGE port: COM15

!ENTRY com.st.stm32cube.ide.mpu.remote.serial 1 1 2026-05-22 13:00:18.774
!MESSAGE port: COM16

!ENTRY com.st.stm32cube.ide.mpu.remote.serial 1 1 2026-05-22 13:00:18.776
!MESSAGE port: COM14

!ENTRY com.st.stm32cube.ide.mpu.remote.serial 1 1 2026-05-22 13:00:18.777
!MESSAGE port: COM4

!ENTRY com.st.stm32cube.ide.mpu.remote.serial 1 1 2026-05-22 13:00:18.779
!MESSAGE port: COM8

!ENTRY com.st.stm32cube.ide.mpu.remote.serial 1 1 2026-05-22 13:00:18.781
!MESSAGE port: COM13

!ENTRY com.st.stm32cube.ide.mpu.remote.serial 1 1 2026-05-22 13:00:18.782
!MESSAGE port: COM12

!ENTRY com.st.stm32cube.ide.mpu.remote.serial 1 1 2026-05-22 13:00:18.784
!MESSAGE port: COM11

!ENTRY com.st.stm32cube.ide.mpu.remote.serial 1 1 2026-05-22 13:06:54.195
!MESSAGE Executed PowerShell command powershell.exe -Command "Get-CimInstance -ClassName Win32_SerialPort | Select-Object -ExpandProperty DeviceID":
COM7
COM6
COM15
COM16
COM14
COM4
COM8
COM13
COM12
COM11


!ENTRY com.st.stm32cube.ide.mpu.remote.serial 1 1 2026-05-22 13:06:54.196
!MESSAGE port: COM7

!ENTRY com.st.stm32cube.ide.mpu.remote.serial 1 1 2026-05-22 13:06:54.197
!MESSAGE port: COM6

!ENTRY com.st.stm32cube.ide.mpu.remote.serial 1 1 2026-05-22 13:06:54.198
!MESSAGE port: COM15

!ENTRY com.st.stm32cube.ide.mpu.remote.serial 1 1 2026-05-22 13:06:54.199
!MESSAGE port: COM16

!ENTRY com.st.stm32cube.ide.mpu.remote.serial 1 1 2026-05-22 13:06:54.199
!MESSAGE port: COM14

!ENTRY com.st.stm32cube.ide.mpu.remote.serial 1 1 2026-05-22 13:06:54.200
!MESSAGE port: COM4

!ENTRY com.st.stm32cube.ide.mpu.remote.serial 1 1 2026-05-22 13:06:54.201
!MESSAGE port: COM8

!ENTRY com.st.stm32cube.ide.mpu.remote.serial 1 1 2026-05-22 13:06:54.202
!MESSAGE port: COM13

!ENTRY com.st.stm32cube.ide.mpu.remote.serial 1 1 2026-05-22 13:06:54.203
!MESSAGE port: COM12

!ENTRY com.st.stm32cube.ide.mpu.remote.serial 1 1 2026-05-22 13:06:54.204
!MESSAGE port: COM11

!ENTRY com.st.stm32cube.ide.mpu.remote.serial 1 1 2026-05-22 13:08:14.256
!MESSAGE Executed PowerShell command powershell.exe -Command "Get-CimInstance -ClassName Win32_SerialPort | Select-Object -ExpandProperty DeviceID":
COM7
COM6
COM15
COM16
COM14
COM4
COM8
COM13
COM12
COM11


!ENTRY com.st.stm32cube.ide.mpu.remote.serial 1 1 2026-05-22 13:08:14.259
!MESSAGE port: COM7

!ENTRY com.st.stm32cube.ide.mpu.remote.serial 1 1 2026-05-22 13:08:14.260
!MESSAGE port: COM6

!ENTRY com.st.stm32cube.ide.mpu.remote.serial 1 1 2026-05-22 13:08:14.262
!MESSAGE port: COM15

!ENTRY com.st.stm32cube.ide.mpu.remote.serial 1 1 2026-05-22 13:08:14.264
!MESSAGE port: COM16

!ENTRY com.st.stm32cube.ide.mpu.remote.serial 1 1 2026-05-22 13:08:14.266
!MESSAGE port: COM14

!ENTRY com.st.stm32cube.ide.mpu.remote.serial 1 1 2026-05-22 13:08:14.268
!MESSAGE port: COM4

!ENTRY com.st.stm32cube.ide.mpu.remote.serial 1 1 2026-05-22 13:08:14.270
!MESSAGE port: COM8

!ENTRY com.st.stm32cube.ide.mpu.remote.serial 1 1 2026-05-22 13:08:14.271
!MESSAGE port: COM13

!ENTRY com.st.stm32cube.ide.mpu.remote.serial 1 1 2026-05-22 13:08:14.273
!MESSAGE port: COM12

!ENTRY com.st.stm32cube.ide.mpu.remote.serial 1 1 2026-05-22 13:08:14.276
!MESSAGE port: COM11

!ENTRY com.st.stm32cube.ide.mpu.remote.serial 1 1 2026-05-22 13:08:43.063
!MESSAGE Executed PowerShell command powershell.exe -Command "Get-CimInstance -ClassName Win32_SerialPort | Select-Object -ExpandProperty DeviceID":
COM7
COM6
COM15
COM16
COM14
COM4
COM8
COM13
COM12
COM11


!ENTRY com.st.stm32cube.ide.mpu.remote.serial 1 1 2026-05-22 13:08:43.064
!MESSAGE port: COM7

!ENTRY com.st.stm32cube.ide.mpu.remote.serial 1 1 2026-05-22 13:08:43.065
!MESSAGE port: COM6

!ENTRY com.st.stm32cube.ide.mpu.remote.serial 1 1 2026-05-22 13:08:43.065
!MESSAGE port: COM15

!ENTRY com.st.stm32cube.ide.mpu.remote.serial 1 1 2026-05-22 13:08:43.066
!MESSAGE port: COM16

!ENTRY com.st.stm32cube.ide.mpu.remote.serial 1 1 2026-05-22 13:08:43.067
!MESSAGE port: COM14

!ENTRY com.st.stm32cube.ide.mpu.remote.serial 1 1 2026-05-22 13:08:43.068
!MESSAGE port: COM4

!ENTRY com.st.stm32cube.ide.mpu.remote.serial 1 1 2026-05-22 13:08:43.069
!MESSAGE port: COM8

!ENTRY com.st.stm32cube.ide.mpu.remote.serial 1 1 2026-05-22 13:08:43.069
!MESSAGE port: COM13

!ENTRY com.st.stm32cube.ide.mpu.remote.serial 1 1 2026-05-22 13:08:43.070
!MESSAGE port: COM12

!ENTRY com.st.stm32cube.ide.mpu.remote.serial 1 1 2026-05-22 13:08:43.071
!MESSAGE port: COM11

!ENTRY com.st.stm32cube.ide.mpu.remote.serial 1 1 2026-05-22 13:12:06.942
!MESSAGE Executed PowerShell command powershell.exe -Command "Get-CimInstance -ClassName Win32_SerialPort | Select-Object -ExpandProperty DeviceID":
COM7
COM6
COM15
COM16
COM14
COM4
COM8
COM13
COM12
COM11


!ENTRY com.st.stm32cube.ide.mpu.remote.serial 1 1 2026-05-22 13:12:06.944
!MESSAGE port: COM7

!ENTRY com.st.stm32cube.ide.mpu.remote.serial 1 1 2026-05-22 13:12:06.944
!MESSAGE port: COM6

!ENTRY com.st.stm32cube.ide.mpu.remote.serial 1 1 2026-05-22 13:12:06.945
!MESSAGE port: COM15

!ENTRY com.st.stm32cube.ide.mpu.remote.serial 1 1 2026-05-22 13:12:06.946
!MESSAGE port: COM16

!ENTRY com.st.stm32cube.ide.mpu.remote.serial 1 1 2026-05-22 13:12:06.947
!MESSAGE port: COM14

!ENTRY com.st.stm32cube.ide.mpu.remote.serial 1 1 2026-05-22 13:12:06.948
!MESSAGE port: COM4

!ENTRY com.st.stm32cube.ide.mpu.remote.serial 1 1 2026-05-22 13:12:06.948
!MESSAGE port: COM8

!ENTRY com.st.stm32cube.ide.mpu.remote.serial 1 1 2026-05-22 13:12:06.949
!MESSAGE port: COM13

!ENTRY com.st.stm32cube.ide.mpu.remote.serial 1 1 2026-05-22 13:12:06.950
!MESSAGE port: COM12

!ENTRY com.st.stm32cube.ide.mpu.remote.serial 1 1 2026-05-22 13:12:06.951
!MESSAGE port: COM11

!ENTRY com.st.stm32cube.ide.mpu.remote.serial 1 1 2026-05-22 13:15:51.275
!MESSAGE Executed PowerShell command powershell.exe -Command "Get-CimInstance -ClassName Win32_SerialPort | Select-Object -ExpandProperty DeviceID":
COM7
COM6
COM15
COM16
COM14
COM4
COM8
COM13
COM12
COM11


!ENTRY com.st.stm32cube.ide.mpu.remote.serial 1 1 2026-05-22 13:15:51.277
!MESSAGE port: COM7

!ENTRY com.st.stm32cube.ide.mpu.remote.serial 1 1 2026-05-22 13:15:51.279
!MESSAGE port: COM6

!ENTRY com.st.stm32cube.ide.mpu.remote.serial 1 1 2026-05-22 13:15:51.282
!MESSAGE port: COM15

!ENTRY com.st.stm32cube.ide.mpu.remote.serial 1 1 2026-05-22 13:15:51.284
!MESSAGE port: COM16

!ENTRY com.st.stm32cube.ide.mpu.remote.serial 1 1 2026-05-22 13:15:51.286
!MESSAGE port: COM14

!ENTRY com.st.stm32cube.ide.mpu.remote.serial 1 1 2026-05-22 13:15:51.288
!MESSAGE port: COM4

!ENTRY com.st.stm32cube.ide.mpu.remote.serial 1 1 2026-05-22 13:15:51.289
!MESSAGE port: COM8

!ENTRY com.st.stm32cube.ide.mpu.remote.serial 1 1 2026-05-22 13:15:51.291
!MESSAGE port: COM13

!ENTRY com.st.stm32cube.ide.mpu.remote.serial 1 1 2026-05-22 13:15:51.292
!MESSAGE port: COM12

!ENTRY com.st.stm32cube.ide.mpu.remote.serial 1 1 2026-05-22 13:15:51.294
!MESSAGE port: COM11

!ENTRY com.st.stm32cube.ide.mpu.remote.serial 1 1 2026-05-22 13:16:20.114
!MESSAGE Executed PowerShell command powershell.exe -Command "Get-CimInstance -ClassName Win32_SerialPort | Select-Object -ExpandProperty DeviceID":
COM7
COM6
COM15
COM16
COM14
COM4
COM8
COM13
COM12
COM11


!ENTRY com.st.stm32cube.ide.mpu.remote.serial 1 1 2026-05-22 13:16:20.117
!MESSAGE port: COM7

!ENTRY com.st.stm32cube.ide.mpu.remote.serial 1 1 2026-05-22 13:16:20.119
!MESSAGE port: COM6

!ENTRY com.st.stm32cube.ide.mpu.remote.serial 1 1 2026-05-22 13:16:20.121
!MESSAGE port: COM15

!ENTRY com.st.stm32cube.ide.mpu.remote.serial 1 1 2026-05-22 13:16:20.123
!MESSAGE port: COM16

!ENTRY com.st.stm32cube.ide.mpu.remote.serial 1 1 2026-05-22 13:16:20.125
!MESSAGE port: COM14

!ENTRY com.st.stm32cube.ide.mpu.remote.serial 1 1 2026-05-22 13:16:20.126
!MESSAGE port: COM4

!ENTRY com.st.stm32cube.ide.mpu.remote.serial 1 1 2026-05-22 13:16:20.128
!MESSAGE port: COM8

!ENTRY com.st.stm32cube.ide.mpu.remote.serial 1 1 2026-05-22 13:16:20.130
!MESSAGE port: COM13

!ENTRY com.st.stm32cube.ide.mpu.remote.serial 1 1 2026-05-22 13:16:20.132
!MESSAGE port: COM12

!ENTRY com.st.stm32cube.ide.mpu.remote.serial 1 1 2026-05-22 13:16:20.134
!MESSAGE port: COM11

!ENTRY com.st.stm32cube.ide.mpu.remote.serial 1 1 2026-05-22 13:16:48.914
!MESSAGE Executed PowerShell command powershell.exe -Command "Get-CimInstance -ClassName Win32_SerialPort | Select-Object -ExpandProperty DeviceID":
COM7
COM6
COM15
COM16
COM14
COM4
COM8
COM13
COM12
COM11


!ENTRY com.st.stm32cube.ide.mpu.remote.serial 1 1 2026-05-22 13:16:48.915
!MESSAGE port: COM7

!ENTRY com.st.stm32cube.ide.mpu.remote.serial 1 1 2026-05-22 13:16:48.916
!MESSAGE port: COM6

!ENTRY com.st.stm32cube.ide.mpu.remote.serial 1 1 2026-05-22 13:16:48.917
!MESSAGE port: COM15

!ENTRY com.st.stm32cube.ide.mpu.remote.serial 1 1 2026-05-22 13:16:48.918
!MESSAGE port: COM16

!ENTRY com.st.stm32cube.ide.mpu.remote.serial 1 1 2026-05-22 13:16:48.919
!MESSAGE port: COM14

!ENTRY com.st.stm32cube.ide.mpu.remote.serial 1 1 2026-05-22 13:16:48.919
!MESSAGE port: COM4

!ENTRY com.st.stm32cube.ide.mpu.remote.serial 1 1 2026-05-22 13:16:48.920
!MESSAGE port: COM8

!ENTRY com.st.stm32cube.ide.mpu.remote.serial 1 1 2026-05-22 13:16:48.921
!MESSAGE port: COM13

!ENTRY com.st.stm32cube.ide.mpu.remote.serial 1 1 2026-05-22 13:16:48.922
!MESSAGE port: COM12

!ENTRY com.st.stm32cube.ide.mpu.remote.serial 1 1 2026-05-22 13:16:48.923
!MESSAGE port: COM11

!ENTRY com.st.stm32cube.ide.mpu.remote.serial 1 1 2026-05-22 13:18:12.883
!MESSAGE Executed PowerShell command powershell.exe -Command "Get-CimInstance -ClassName Win32_SerialPort | Select-Object -ExpandProperty DeviceID":
COM7
COM6
COM15
COM16
COM14
COM4
COM8
COM13
COM12
COM11


!ENTRY com.st.stm32cube.ide.mpu.remote.serial 1 1 2026-05-22 13:18:12.884
!MESSAGE port: COM7

!ENTRY com.st.stm32cube.ide.mpu.remote.serial 1 1 2026-05-22 13:18:12.885
!MESSAGE port: COM6

!ENTRY com.st.stm32cube.ide.mpu.remote.serial 1 1 2026-05-22 13:18:12.886
!MESSAGE port: COM15

!ENTRY com.st.stm32cube.ide.mpu.remote.serial 1 1 2026-05-22 13:18:12.886
!MESSAGE port: COM16

!ENTRY com.st.stm32cube.ide.mpu.remote.serial 1 1 2026-05-22 13:18:12.887
!MESSAGE port: COM14

!ENTRY com.st.stm32cube.ide.mpu.remote.serial 1 1 2026-05-22 13:18:12.888
!MESSAGE port: COM4

!ENTRY com.st.stm32cube.ide.mpu.remote.serial 1 1 2026-05-22 13:18:12.889
!MESSAGE port: COM8

!ENTRY com.st.stm32cube.ide.mpu.remote.serial 1 1 2026-05-22 13:18:12.890
!MESSAGE port: COM13

!ENTRY com.st.stm32cube.ide.mpu.remote.serial 1 1 2026-05-22 13:18:12.892
!MESSAGE port: COM12

!ENTRY com.st.stm32cube.ide.mpu.remote.serial 1 1 2026-05-22 13:18:12.893
!MESSAGE port: COM11

!ENTRY com.st.stm32cube.ide.mpu.remote.serial 1 1 2026-05-22 13:18:42.031
!MESSAGE Executed PowerShell command powershell.exe -Command "Get-CimInstance -ClassName Win32_SerialPort | Select-Object -ExpandProperty DeviceID":
COM7
COM6
COM15
COM16
COM14
COM4
COM8
COM13
COM12
COM11


!ENTRY com.st.stm32cube.ide.mpu.remote.serial 1 1 2026-05-22 13:18:42.032
!MESSAGE port: COM7

!ENTRY com.st.stm32cube.ide.mpu.remote.serial 1 1 2026-05-22 13:18:42.034
!MESSAGE port: COM6

!ENTRY com.st.stm32cube.ide.mpu.remote.serial 1 1 2026-05-22 13:18:42.038
!MESSAGE port: COM15

!ENTRY com.st.stm32cube.ide.mpu.remote.serial 1 1 2026-05-22 13:18:42.039
!MESSAGE port: COM16

!ENTRY com.st.stm32cube.ide.mpu.remote.serial 1 1 2026-05-22 13:18:42.041
!MESSAGE port: COM14

!ENTRY com.st.stm32cube.ide.mpu.remote.serial 1 1 2026-05-22 13:18:42.043
!MESSAGE port: COM4

!ENTRY com.st.stm32cube.ide.mpu.remote.serial 1 1 2026-05-22 13:18:42.046
!MESSAGE port: COM8

!ENTRY com.st.stm32cube.ide.mpu.remote.serial 1 1 2026-05-22 13:18:42.048
!MESSAGE port: COM13

!ENTRY com.st.stm32cube.ide.mpu.remote.serial 1 1 2026-05-22 13:18:42.049
!MESSAGE port: COM12

!ENTRY com.st.stm32cube.ide.mpu.remote.serial 1 1 2026-05-22 13:18:42.053
!MESSAGE port: COM11

!ENTRY com.st.stm32cube.ide.mpu.remote.serial 1 1 2026-05-22 13:30:18.970
!MESSAGE Executed PowerShell command powershell.exe -Command "Get-CimInstance -ClassName Win32_SerialPort | Select-Object -ExpandProperty DeviceID":
COM7
COM6
COM15
COM16
COM14
COM4
COM8
COM13
COM12
COM11


!ENTRY com.st.stm32cube.ide.mpu.remote.serial 1 1 2026-05-22 13:30:18.971
!MESSAGE port: COM7

!ENTRY com.st.stm32cube.ide.mpu.remote.serial 1 1 2026-05-22 13:30:18.972
!MESSAGE port: COM6

!ENTRY com.st.stm32cube.ide.mpu.remote.serial 1 1 2026-05-22 13:30:18.973
!MESSAGE port: COM15

!ENTRY com.st.stm32cube.ide.mpu.remote.serial 1 1 2026-05-22 13:30:18.973
!MESSAGE port: COM16

!ENTRY com.st.stm32cube.ide.mpu.remote.serial 1 1 2026-05-22 13:30:18.974
!MESSAGE port: COM14

!ENTRY com.st.stm32cube.ide.mpu.remote.serial 1 1 2026-05-22 13:30:18.975
!MESSAGE port: COM4

!ENTRY com.st.stm32cube.ide.mpu.remote.serial 1 1 2026-05-22 13:30:18.976
!MESSAGE port: COM8

!ENTRY com.st.stm32cube.ide.mpu.remote.serial 1 1 2026-05-22 13:30:18.977
!MESSAGE port: COM13

!ENTRY com.st.stm32cube.ide.mpu.remote.serial 1 1 2026-05-22 13:30:18.977
!MESSAGE port: COM12

!ENTRY com.st.stm32cube.ide.mpu.remote.serial 1 1 2026-05-22 13:30:18.978
!MESSAGE port: COM11

!ENTRY com.st.stm32cube.ide.mpu.remote.serial 1 1 2026-05-22 13:30:47.519
!MESSAGE Executed PowerShell command powershell.exe -Command "Get-CimInstance -ClassName Win32_SerialPort | Select-Object -ExpandProperty DeviceID":
COM7
COM6
COM15
COM16
COM14
COM4
COM8
COM13
COM12
COM11


!ENTRY com.st.stm32cube.ide.mpu.remote.serial 1 1 2026-05-22 13:30:47.520
!MESSAGE port: COM7

!ENTRY com.st.stm32cube.ide.mpu.remote.serial 1 1 2026-05-22 13:30:47.520
!MESSAGE port: COM6

!ENTRY com.st.stm32cube.ide.mpu.remote.serial 1 1 2026-05-22 13:30:47.520
!MESSAGE port: COM15

!ENTRY com.st.stm32cube.ide.mpu.remote.serial 1 1 2026-05-22 13:30:47.523
!MESSAGE port: COM16

!ENTRY com.st.stm32cube.ide.mpu.remote.serial 1 1 2026-05-22 13:30:47.523
!MESSAGE port: COM14

!ENTRY com.st.stm32cube.ide.mpu.remote.serial 1 1 2026-05-22 13:30:47.525
!MESSAGE port: COM4

!ENTRY com.st.stm32cube.ide.mpu.remote.serial 1 1 2026-05-22 13:30:47.525
!MESSAGE port: COM8

!ENTRY com.st.stm32cube.ide.mpu.remote.serial 1 1 2026-05-22 13:30:47.525
!MESSAGE port: COM13

!ENTRY com.st.stm32cube.ide.mpu.remote.serial 1 1 2026-05-22 13:30:47.527
!MESSAGE port: COM12

!ENTRY com.st.stm32cube.ide.mpu.remote.serial 1 1 2026-05-22 13:30:47.527
!MESSAGE port: COM11

!ENTRY com.st.stm32cube.ide.mpu.remote.serial 1 1 2026-05-22 13:32:01.561
!MESSAGE Executed PowerShell command powershell.exe -Command "Get-CimInstance -ClassName Win32_SerialPort | Select-Object -ExpandProperty DeviceID":
COM7
COM6
COM15
COM16
COM14
COM4
COM8
COM13
COM12
COM11


!ENTRY com.st.stm32cube.ide.mpu.remote.serial 1 1 2026-05-22 13:32:01.561
!MESSAGE port: COM7

!ENTRY com.st.stm32cube.ide.mpu.remote.serial 1 1 2026-05-22 13:32:01.561
!MESSAGE port: COM6

!ENTRY com.st.stm32cube.ide.mpu.remote.serial 1 1 2026-05-22 13:32:01.561
!MESSAGE port: COM15

!ENTRY com.st.stm32cube.ide.mpu.remote.serial 1 1 2026-05-22 13:32:01.561
!MESSAGE port: COM16

!ENTRY com.st.stm32cube.ide.mpu.remote.serial 1 1 2026-05-22 13:32:01.566
!MESSAGE port: COM14

!ENTRY com.st.stm32cube.ide.mpu.remote.serial 1 1 2026-05-22 13:32:01.567
!MESSAGE port: COM4

!ENTRY com.st.stm32cube.ide.mpu.remote.serial 1 1 2026-05-22 13:32:01.567
!MESSAGE port: COM8

!ENTRY com.st.stm32cube.ide.mpu.remote.serial 1 1 2026-05-22 13:32:01.569
!MESSAGE port: COM13

!ENTRY com.st.stm32cube.ide.mpu.remote.serial 1 1 2026-05-22 13:32:01.569
!MESSAGE port: COM12

!ENTRY com.st.stm32cube.ide.mpu.remote.serial 1 1 2026-05-22 13:32:01.569
!MESSAGE port: COM11

!ENTRY com.st.stm32cube.ide.mpu.remote.serial 1 1 2026-05-22 13:53:00.817
!MESSAGE Executed PowerShell command powershell.exe -Command "Get-CimInstance -ClassName Win32_SerialPort | Select-Object -ExpandProperty DeviceID":
COM7
COM6
COM15
COM16
COM14
COM4
COM8
COM13
COM12
COM11


!ENTRY com.st.stm32cube.ide.mpu.remote.serial 1 1 2026-05-22 13:53:00.818
!MESSAGE port: COM7

!ENTRY com.st.stm32cube.ide.mpu.remote.serial 1 1 2026-05-22 13:53:00.819
!MESSAGE port: COM6

!ENTRY com.st.stm32cube.ide.mpu.remote.serial 1 1 2026-05-22 13:53:00.820
!MESSAGE port: COM15

!ENTRY com.st.stm32cube.ide.mpu.remote.serial 1 1 2026-05-22 13:53:00.820
!MESSAGE port: COM16

!ENTRY com.st.stm32cube.ide.mpu.remote.serial 1 1 2026-05-22 13:53:00.821
!MESSAGE port: COM14

!ENTRY com.st.stm32cube.ide.mpu.remote.serial 1 1 2026-05-22 13:53:00.822
!MESSAGE port: COM4

!ENTRY com.st.stm32cube.ide.mpu.remote.serial 1 1 2026-05-22 13:53:00.822
!MESSAGE port: COM8

!ENTRY com.st.stm32cube.ide.mpu.remote.serial 1 1 2026-05-22 13:53:00.823
!MESSAGE port: COM13

!ENTRY com.st.stm32cube.ide.mpu.remote.serial 1 1 2026-05-22 13:53:00.823
!MESSAGE port: COM12

!ENTRY com.st.stm32cube.ide.mpu.remote.serial 1 1 2026-05-22 13:53:00.824
!MESSAGE port: COM11

!ENTRY com.st.stm32cube.ide.mpu.remote.serial 1 1 2026-05-22 13:58:04.867
!MESSAGE Executed PowerShell command powershell.exe -Command "Get-CimInstance -ClassName Win32_SerialPort | Select-Object -ExpandProperty DeviceID":
COM7
COM6
COM15
COM16
COM14
COM4
COM8
COM13
COM12
COM11


!ENTRY com.st.stm32cube.ide.mpu.remote.serial 1 1 2026-05-22 13:58:04.867
!MESSAGE port: COM7

!ENTRY com.st.stm32cube.ide.mpu.remote.serial 1 1 2026-05-22 13:58:04.868
!MESSAGE port: COM6

!ENTRY com.st.stm32cube.ide.mpu.remote.serial 1 1 2026-05-22 13:58:04.869
!MESSAGE port: COM15

!ENTRY com.st.stm32cube.ide.mpu.remote.serial 1 1 2026-05-22 13:58:04.869
!MESSAGE port: COM16

!ENTRY com.st.stm32cube.ide.mpu.remote.serial 1 1 2026-05-22 13:58:04.870
!MESSAGE port: COM14

!ENTRY com.st.stm32cube.ide.mpu.remote.serial 1 1 2026-05-22 13:58:04.871
!MESSAGE port: COM4

!ENTRY com.st.stm32cube.ide.mpu.remote.serial 1 1 2026-05-22 13:58:04.871
!MESSAGE port: COM8

!ENTRY com.st.stm32cube.ide.mpu.remote.serial 1 1 2026-05-22 13:58:04.872
!MESSAGE port: COM13

!ENTRY com.st.stm32cube.ide.mpu.remote.serial 1 1 2026-05-22 13:58:04.872
!MESSAGE port: COM12

!ENTRY com.st.stm32cube.ide.mpu.remote.serial 1 1 2026-05-22 13:58:04.873
!MESSAGE port: COM11

!ENTRY com.st.stm32cube.ide.mpu.remote.serial 1 1 2026-05-22 13:58:33.574
!MESSAGE Executed PowerShell command powershell.exe -Command "Get-CimInstance -ClassName Win32_SerialPort | Select-Object -ExpandProperty DeviceID":
COM7
COM6
COM15
COM16
COM14
COM4
COM8
COM13
COM12
COM11


!ENTRY com.st.stm32cube.ide.mpu.remote.serial 1 1 2026-05-22 13:58:33.575
!MESSAGE port: COM7

!ENTRY com.st.stm32cube.ide.mpu.remote.serial 1 1 2026-05-22 13:58:33.576
!MESSAGE port: COM6

!ENTRY com.st.stm32cube.ide.mpu.remote.serial 1 1 2026-05-22 13:58:33.576
!MESSAGE port: COM15

!ENTRY com.st.stm32cube.ide.mpu.remote.serial 1 1 2026-05-22 13:58:33.577
!MESSAGE port: COM16

!ENTRY com.st.stm32cube.ide.mpu.remote.serial 1 1 2026-05-22 13:58:33.578
!MESSAGE port: COM14

!ENTRY com.st.stm32cube.ide.mpu.remote.serial 1 1 2026-05-22 13:58:33.578
!MESSAGE port: COM4

!ENTRY com.st.stm32cube.ide.mpu.remote.serial 1 1 2026-05-22 13:58:33.579
!MESSAGE port: COM8

!ENTRY com.st.stm32cube.ide.mpu.remote.serial 1 1 2026-05-22 13:58:33.579
!MESSAGE port: COM13

!ENTRY com.st.stm32cube.ide.mpu.remote.serial 1 1 2026-05-22 13:58:33.580
!MESSAGE port: COM12

!ENTRY com.st.stm32cube.ide.mpu.remote.serial 1 1 2026-05-22 13:58:33.581
!MESSAGE port: COM11

!ENTRY com.st.stm32cube.ide.mpu.remote.serial 1 1 2026-05-22 14:01:11.001
!MESSAGE Executed PowerShell command powershell.exe -Command "Get-CimInstance -ClassName Win32_SerialPort | Select-Object -ExpandProperty DeviceID":
COM7
COM6
COM15
COM16
COM14
COM4
COM8
COM13
COM12
COM11


!ENTRY com.st.stm32cube.ide.mpu.remote.serial 1 1 2026-05-22 14:01:11.003
!MESSAGE port: COM7

!ENTRY com.st.stm32cube.ide.mpu.remote.serial 1 1 2026-05-22 14:01:11.003
!MESSAGE port: COM6

!ENTRY com.st.stm32cube.ide.mpu.remote.serial 1 1 2026-05-22 14:01:11.004
!MESSAGE port: COM15

!ENTRY com.st.stm32cube.ide.mpu.remote.serial 1 1 2026-05-22 14:01:11.005
!MESSAGE port: COM16

!ENTRY com.st.stm32cube.ide.mpu.remote.serial 1 1 2026-05-22 14:01:11.006
!MESSAGE port: COM14

!ENTRY com.st.stm32cube.ide.mpu.remote.serial 1 1 2026-05-22 14:01:11.007
!MESSAGE port: COM4

!ENTRY com.st.stm32cube.ide.mpu.remote.serial 1 1 2026-05-22 14:01:11.007
!MESSAGE port: COM8

!ENTRY com.st.stm32cube.ide.mpu.remote.serial 1 1 2026-05-22 14:01:11.008
!MESSAGE port: COM13

!ENTRY com.st.stm32cube.ide.mpu.remote.serial 1 1 2026-05-22 14:01:11.009
!MESSAGE port: COM12

!ENTRY com.st.stm32cube.ide.mpu.remote.serial 1 1 2026-05-22 14:01:11.009
!MESSAGE port: COM11

!ENTRY com.st.stm32cube.ide.mpu.remote.serial 1 1 2026-05-22 14:01:39.371
!MESSAGE Executed PowerShell command powershell.exe -Command "Get-CimInstance -ClassName Win32_SerialPort | Select-Object -ExpandProperty DeviceID":
COM7
COM6
COM15
COM16
COM14
COM4
COM8
COM13
COM12
COM11


!ENTRY com.st.stm32cube.ide.mpu.remote.serial 1 1 2026-05-22 14:01:39.371
!MESSAGE port: COM7

!ENTRY com.st.stm32cube.ide.mpu.remote.serial 1 1 2026-05-22 14:01:39.371
!MESSAGE port: COM6

!ENTRY com.st.stm32cube.ide.mpu.remote.serial 1 1 2026-05-22 14:01:39.377
!MESSAGE port: COM15

!ENTRY com.st.stm32cube.ide.mpu.remote.serial 1 1 2026-05-22 14:01:39.377
!MESSAGE port: COM16

!ENTRY com.st.stm32cube.ide.mpu.remote.serial 1 1 2026-05-22 14:01:39.377
!MESSAGE port: COM14

!ENTRY com.st.stm32cube.ide.mpu.remote.serial 1 1 2026-05-22 14:01:39.377
!MESSAGE port: COM4

!ENTRY com.st.stm32cube.ide.mpu.remote.serial 1 1 2026-05-22 14:01:39.377
!MESSAGE port: COM8

!ENTRY com.st.stm32cube.ide.mpu.remote.serial 1 1 2026-05-22 14:01:39.377
!MESSAGE port: COM13

!ENTRY com.st.stm32cube.ide.mpu.remote.serial 1 1 2026-05-22 14:01:39.377
!MESSAGE port: COM12

!ENTRY com.st.stm32cube.ide.mpu.remote.serial 1 1 2026-05-22 14:01:39.377
!MESSAGE port: COM11

!ENTRY com.st.stm32cube.ide.mpu.remote.serial 1 1 2026-05-22 14:06:03.701
!MESSAGE Executed PowerShell command powershell.exe -Command "Get-CimInstance -ClassName Win32_SerialPort | Select-Object -ExpandProperty DeviceID":
COM7
COM6
COM15
COM16
COM14
COM4
COM8
COM13
COM12
COM11


!ENTRY com.st.stm32cube.ide.mpu.remote.serial 1 1 2026-05-22 14:06:03.702
!MESSAGE port: COM7

!ENTRY com.st.stm32cube.ide.mpu.remote.serial 1 1 2026-05-22 14:06:03.703
!MESSAGE port: COM6

!ENTRY com.st.stm32cube.ide.mpu.remote.serial 1 1 2026-05-22 14:06:03.704
!MESSAGE port: COM15

!ENTRY com.st.stm32cube.ide.mpu.remote.serial 1 1 2026-05-22 14:06:03.705
!MESSAGE port: COM16

!ENTRY com.st.stm32cube.ide.mpu.remote.serial 1 1 2026-05-22 14:06:03.705
!MESSAGE port: COM14

!ENTRY com.st.stm32cube.ide.mpu.remote.serial 1 1 2026-05-22 14:06:03.706
!MESSAGE port: COM4

!ENTRY com.st.stm32cube.ide.mpu.remote.serial 1 1 2026-05-22 14:06:03.707
!MESSAGE port: COM8

!ENTRY com.st.stm32cube.ide.mpu.remote.serial 1 1 2026-05-22 14:06:03.708
!MESSAGE port: COM13

!ENTRY com.st.stm32cube.ide.mpu.remote.serial 1 1 2026-05-22 14:06:03.709
!MESSAGE port: COM12

!ENTRY com.st.stm32cube.ide.mpu.remote.serial 1 1 2026-05-22 14:06:03.710
!MESSAGE port: COM11

!ENTRY com.st.stm32cube.ide.mpu.remote.serial 1 1 2026-05-22 14:06:32.209
!MESSAGE Executed PowerShell command powershell.exe -Command "Get-CimInstance -ClassName Win32_SerialPort | Select-Object -ExpandProperty DeviceID":
COM7
COM6
COM15
COM16
COM14
COM4
COM8
COM13
COM12
COM11


!ENTRY com.st.stm32cube.ide.mpu.remote.serial 1 1 2026-05-22 14:06:32.209
!MESSAGE port: COM7

!ENTRY com.st.stm32cube.ide.mpu.remote.serial 1 1 2026-05-22 14:06:32.209
!MESSAGE port: COM6

!ENTRY com.st.stm32cube.ide.mpu.remote.serial 1 1 2026-05-22 14:06:32.209
!MESSAGE port: COM15

!ENTRY com.st.stm32cube.ide.mpu.remote.serial 1 1 2026-05-22 14:06:32.209
!MESSAGE port: COM16

!ENTRY com.st.stm32cube.ide.mpu.remote.serial 1 1 2026-05-22 14:06:32.209
!MESSAGE port: COM14

!ENTRY com.st.stm32cube.ide.mpu.remote.serial 1 1 2026-05-22 14:06:32.209
!MESSAGE port: COM4

!ENTRY com.st.stm32cube.ide.mpu.remote.serial 1 1 2026-05-22 14:06:32.209
!MESSAGE port: COM8

!ENTRY com.st.stm32cube.ide.mpu.remote.serial 1 1 2026-05-22 14:06:32.209
!MESSAGE port: COM13

!ENTRY com.st.stm32cube.ide.mpu.remote.serial 1 1 2026-05-22 14:06:32.209
!MESSAGE port: COM12

!ENTRY com.st.stm32cube.ide.mpu.remote.serial 1 1 2026-05-22 14:06:32.217
!MESSAGE port: COM11

!ENTRY org.eclipse.ui 4 0 2026-05-22 14:07:10.377
!MESSAGE Cannot create or restore 'Prueba_tx_rak' because it already exists.
!STACK 0
org.eclipse.core.commands.ExecutionException: Cannot create or restore 'Prueba_tx_rak' because it already exists.
	at org.eclipse.ltk.internal.core.refactoring.UndoableOperation2ChangeAdapter.undo(UndoableOperation2ChangeAdapter.java:215)
	at org.eclipse.core.commands.operations.TriggeredOperations.undo(TriggeredOperations.java:214)
	at org.eclipse.core.commands.operations.DefaultOperationHistory.doUndo(DefaultOperationHistory.java:399)
	at org.eclipse.core.commands.operations.DefaultOperationHistory.undo(DefaultOperationHistory.java:1141)
	at org.eclipse.ui.operations.UndoActionHandler.runCommand(UndoActionHandler.java:86)
	at org.eclipse.ui.operations.OperationHistoryActionHandler.lambda$0(OperationHistoryActionHandler.java:294)
	at org.eclipse.jface.operation.ModalContext.runInCurrentThread(ModalContext.java:434)
	at org.eclipse.jface.operation.ModalContext.run(ModalContext.java:354)
	at org.eclipse.jface.dialogs.ProgressMonitorDialog.run(ProgressMonitorDialog.java:470)
	at org.eclipse.ui.internal.operations.TimeTriggeredProgressMonitorDialog.access$1(TimeTriggeredProgressMonitorDialog.java:1)
	at org.eclipse.ui.internal.operations.TimeTriggeredProgressMonitorDialog.lambda$0(TimeTriggeredProgressMonitorDialog.java:154)
	at org.eclipse.swt.custom.BusyIndicator.showWhile(BusyIndicator.java:67)
	at org.eclipse.ui.internal.operations.TimeTriggeredProgressMonitorDialog.run(TimeTriggeredProgressMonitorDialog.java:166)
	at org.eclipse.ui.operations.OperationHistoryActionHandler.run(OperationHistoryActionHandler.java:333)
	at org.eclipse.jface.action.Action.runWithEvent(Action.java:474)
	at org.eclipse.jface.commands.ActionHandler.execute(ActionHandler.java:124)
	at org.eclipse.ui.internal.handlers.E4HandlerProxy.execute(E4HandlerProxy.java:98)
	at java.base/jdk.internal.reflect.DirectMethodHandleAccessor.invoke(DirectMethodHandleAccessor.java:103)
	at java.base/java.lang.reflect.Method.invoke(Method.java:580)
	at org.eclipse.e4.core.internal.di.MethodRequestor.execute(MethodRequestor.java:56)
	at org.eclipse.e4.core.internal.di.InjectorImpl.invokeUsingClass(InjectorImpl.java:299)
	at org.eclipse.e4.core.internal.di.InjectorImpl.invoke(InjectorImpl.java:233)
	at org.eclipse.e4.core.contexts.ContextInjectionFactory.invoke(ContextInjectionFactory.java:174)
	at org.eclipse.e4.core.commands.internal.HandlerServiceHandler.execute(HandlerServiceHandler.java:165)
	at org.eclipse.core.commands.Command.executeWithChecks(Command.java:488)
	at org.eclipse.core.commands.ParameterizedCommand.executeWithChecks(ParameterizedCommand.java:485)
	at org.eclipse.e4.core.commands.internal.HandlerServiceImpl.executeHandler(HandlerServiceImpl.java:204)
	at org.eclipse.e4.ui.bindings.keys.KeyBindingDispatcher.executeCommand(KeyBindingDispatcher.java:308)
	at org.eclipse.e4.ui.bindings.keys.KeyBindingDispatcher.press(KeyBindingDispatcher.java:569)
	at org.eclipse.e4.ui.bindings.keys.KeyBindingDispatcher.processKeyEvent(KeyBindingDispatcher.java:644)
	at org.eclipse.e4.ui.bindings.keys.KeyBindingDispatcher.filterKeySequenceBindings(KeyBindingDispatcher.java:439)
	at org.eclipse.e4.ui.bindings.keys.KeyBindingDispatcher$KeyDownFilter.handleEvent(KeyBindingDispatcher.java:96)
	at org.eclipse.swt.widgets.EventTable.sendEvent(EventTable.java:91)
	at org.eclipse.swt.widgets.Display.filterEvent(Display.java:1319)
	at org.eclipse.swt.widgets.Widget.sendEvent(Widget.java:1173)
	at org.eclipse.swt.widgets.Widget.sendEvent(Widget.java:1198)
	at org.eclipse.swt.widgets.Widget.sendEvent(Widget.java:1183)
	at org.eclipse.swt.widgets.Widget.sendKeyEvent(Widget.java:1225)
	at org.eclipse.swt.widgets.Widget.sendKeyEvent(Widget.java:1221)
	at org.eclipse.swt.widgets.Widget.wmChar(Widget.java:1704)
	at org.eclipse.swt.widgets.Control.WM_CHAR(Control.java:4849)
	at org.eclipse.swt.widgets.Tree.WM_CHAR(Tree.java:6155)
	at org.eclipse.swt.widgets.Control.windowProc(Control.java:4727)
	at org.eclipse.swt.widgets.Tree.windowProc(Tree.java:6150)
	at org.eclipse.swt.widgets.Display.windowProc(Display.java:5091)
	at org.eclipse.swt.internal.win32.OS.DispatchMessage(Native Method)
	at org.eclipse.swt.widgets.Display.readAndDispatch(Display.java:3710)
	at org.eclipse.e4.ui.internal.workbench.swt.PartRenderingEngine$5.run(PartRenderingEngine.java:1151)
	at org.eclipse.core.databinding.observable.Realm.runWithDefault(Realm.java:339)
	at org.eclipse.e4.ui.internal.workbench.swt.PartRenderingEngine.run(PartRenderingEngine.java:1042)
	at org.eclipse.e4.ui.internal.workbench.E4Workbench.createAndRunUI(E4Workbench.java:153)
	at org.eclipse.ui.internal.Workbench.lambda$3(Workbench.java:639)
	at org.eclipse.core.databinding.observable.Realm.runWithDefault(Realm.java:339)
	at org.eclipse.ui.internal.Workbench.createAndRunWorkbench(Workbench.java:546)
	at org.eclipse.ui.PlatformUI.createAndRunWorkbench(PlatformUI.java:173)
	at org.eclipse.ui.internal.ide.application.IDEApplication.start(IDEApplication.java:152)
	at org.eclipse.equinox.internal.app.EclipseAppHandle.run(EclipseAppHandle.java:208)
	at org.eclipse.core.runtime.internal.adaptor.EclipseAppLauncher.runApplication(EclipseAppLauncher.java:143)
	at org.eclipse.core.runtime.internal.adaptor.EclipseAppLauncher.start(EclipseAppLauncher.java:109)
	at org.eclipse.core.runtime.adaptor.EclipseStarter.run(EclipseStarter.java:439)
	at org.eclipse.core.runtime.adaptor.EclipseStarter.run(EclipseStarter.java:271)
	at java.base/jdk.internal.reflect.DirectMethodHandleAccessor.invoke(DirectMethodHandleAccessor.java:103)
	at java.base/java.lang.reflect.Method.invoke(Method.java:580)
	at org.eclipse.equinox.launcher.Main.invokeFramework(Main.java:668)
	at org.eclipse.equinox.launcher.Main.basicRun(Main.java:605)
	at org.eclipse.equinox.launcher.Main.run(Main.java:1481)
Caused by: org.eclipse.core.runtime.CoreException: Cannot create or restore 'Prueba_tx_rak' because it already exists.
	at org.eclipse.ltk.internal.core.refactoring.resource.UndoDeleteResourceChange.perform(UndoDeleteResourceChange.java:75)
	at org.eclipse.ltk.core.refactoring.CompositeChange.perform(CompositeChange.java:278)
	at org.eclipse.ltk.core.refactoring.CompositeChange.perform(CompositeChange.java:278)
	at org.eclipse.ltk.internal.core.refactoring.UndoableOperation2ChangeAdapter.lambda$0(UndoableOperation2ChangeAdapter.java:332)
	at org.eclipse.core.internal.resources.Workspace.run(Workspace.java:2451)
	at org.eclipse.core.internal.resources.Workspace.run(Workspace.java:2476)
	at org.eclipse.ltk.internal.core.refactoring.UndoableOperation2ChangeAdapter.executeChange(UndoableOperation2ChangeAdapter.java:354)
	at org.eclipse.ltk.internal.core.refactoring.UndoableOperation2ChangeAdapter.undo(UndoableOperation2ChangeAdapter.java:199)
	... 65 more

!ENTRY com.st.stm32cube.ide.mpu.remote.serial 1 1 2026-05-22 14:10:11.776
!MESSAGE Executed PowerShell command powershell.exe -Command "Get-CimInstance -ClassName Win32_SerialPort | Select-Object -ExpandProperty DeviceID":
COM7
COM6
COM15
COM16
COM14
COM4
COM8
COM13
COM12
COM11


!ENTRY com.st.stm32cube.ide.mpu.remote.serial 1 1 2026-05-22 14:10:11.777
!MESSAGE port: COM7

!ENTRY com.st.stm32cube.ide.mpu.remote.serial 1 1 2026-05-22 14:10:11.778
!MESSAGE port: COM6

!ENTRY com.st.stm32cube.ide.mpu.remote.serial 1 1 2026-05-22 14:10:11.778
!MESSAGE port: COM15

!ENTRY com.st.stm32cube.ide.mpu.remote.serial 1 1 2026-05-22 14:10:11.779
!MESSAGE port: COM16

!ENTRY com.st.stm32cube.ide.mpu.remote.serial 1 1 2026-05-22 14:10:11.779
!MESSAGE port: COM14

!ENTRY com.st.stm32cube.ide.mpu.remote.serial 1 1 2026-05-22 14:10:11.780
!MESSAGE port: COM4

!ENTRY com.st.stm32cube.ide.mpu.remote.serial 1 1 2026-05-22 14:10:11.781
!MESSAGE port: COM8

!ENTRY com.st.stm32cube.ide.mpu.remote.serial 1 1 2026-05-22 14:10:11.781
!MESSAGE port: COM13

!ENTRY com.st.stm32cube.ide.mpu.remote.serial 1 1 2026-05-22 14:10:11.782
!MESSAGE port: COM12

!ENTRY com.st.stm32cube.ide.mpu.remote.serial 1 1 2026-05-22 14:10:11.782
!MESSAGE port: COM11

!ENTRY com.st.stm32cube.ide.mpu.remote.serial 1 1 2026-05-22 14:10:39.968
!MESSAGE Executed PowerShell command powershell.exe -Command "Get-CimInstance -ClassName Win32_SerialPort | Select-Object -ExpandProperty DeviceID":
COM7
COM6
COM15
COM16
COM14
COM4
COM8
COM13
COM12
COM11


!ENTRY com.st.stm32cube.ide.mpu.remote.serial 1 1 2026-05-22 14:10:39.968
!MESSAGE port: COM7

!ENTRY com.st.stm32cube.ide.mpu.remote.serial 1 1 2026-05-22 14:10:39.969
!MESSAGE port: COM6

!ENTRY com.st.stm32cube.ide.mpu.remote.serial 1 1 2026-05-22 14:10:39.970
!MESSAGE port: COM15

!ENTRY com.st.stm32cube.ide.mpu.remote.serial 1 1 2026-05-22 14:10:39.971
!MESSAGE port: COM16

!ENTRY com.st.stm32cube.ide.mpu.remote.serial 1 1 2026-05-22 14:10:39.971
!MESSAGE port: COM14

!ENTRY com.st.stm32cube.ide.mpu.remote.serial 1 1 2026-05-22 14:10:39.972
!MESSAGE port: COM4

!ENTRY com.st.stm32cube.ide.mpu.remote.serial 1 1 2026-05-22 14:10:39.972
!MESSAGE port: COM8

!ENTRY com.st.stm32cube.ide.mpu.remote.serial 1 1 2026-05-22 14:10:39.973
!MESSAGE port: COM13

!ENTRY com.st.stm32cube.ide.mpu.remote.serial 1 1 2026-05-22 14:10:39.974
!MESSAGE port: COM12

!ENTRY com.st.stm32cube.ide.mpu.remote.serial 1 1 2026-05-22 14:10:39.974
!MESSAGE port: COM11

!ENTRY com.st.stm32cube.ide.mpu.remote.serial 1 1 2026-05-22 14:28:54.422
!MESSAGE Executed PowerShell command powershell.exe -Command "Get-CimInstance -ClassName Win32_SerialPort | Select-Object -ExpandProperty DeviceID":
COM7
COM6
COM15
COM16
COM14
COM4
COM8
COM13
COM12
COM11


!ENTRY com.st.stm32cube.ide.mpu.remote.serial 1 1 2026-05-22 14:28:54.423
!MESSAGE port: COM7

!ENTRY com.st.stm32cube.ide.mpu.remote.serial 1 1 2026-05-22 14:28:54.423
!MESSAGE port: COM6

!ENTRY com.st.stm32cube.ide.mpu.remote.serial 1 1 2026-05-22 14:28:54.424
!MESSAGE port: COM15

!ENTRY com.st.stm32cube.ide.mpu.remote.serial 1 1 2026-05-22 14:28:54.425
!MESSAGE port: COM16

!ENTRY com.st.stm32cube.ide.mpu.remote.serial 1 1 2026-05-22 14:28:54.426
!MESSAGE port: COM14

!ENTRY com.st.stm32cube.ide.mpu.remote.serial 1 1 2026-05-22 14:28:54.427
!MESSAGE port: COM4

!ENTRY com.st.stm32cube.ide.mpu.remote.serial 1 1 2026-05-22 14:28:54.427
!MESSAGE port: COM8

!ENTRY com.st.stm32cube.ide.mpu.remote.serial 1 1 2026-05-22 14:28:54.428
!MESSAGE port: COM13

!ENTRY com.st.stm32cube.ide.mpu.remote.serial 1 1 2026-05-22 14:28:54.429
!MESSAGE port: COM12

!ENTRY com.st.stm32cube.ide.mpu.remote.serial 1 1 2026-05-22 14:28:54.429
!MESSAGE port: COM11

!ENTRY com.st.stm32cube.ide.mpu.remote.serial 1 1 2026-05-22 14:29:24.742
!MESSAGE Executed PowerShell command powershell.exe -Command "Get-CimInstance -ClassName Win32_SerialPort | Select-Object -ExpandProperty DeviceID":
COM7
COM6
COM15
COM16
COM14
COM4
COM8
COM13
COM12
COM11


!ENTRY com.st.stm32cube.ide.mpu.remote.serial 1 1 2026-05-22 14:29:24.743
!MESSAGE port: COM7

!ENTRY com.st.stm32cube.ide.mpu.remote.serial 1 1 2026-05-22 14:29:24.744
!MESSAGE port: COM6

!ENTRY com.st.stm32cube.ide.mpu.remote.serial 1 1 2026-05-22 14:29:24.745
!MESSAGE port: COM15

!ENTRY com.st.stm32cube.ide.mpu.remote.serial 1 1 2026-05-22 14:29:24.745
!MESSAGE port: COM16

!ENTRY com.st.stm32cube.ide.mpu.remote.serial 1 1 2026-05-22 14:29:24.746
!MESSAGE port: COM14

!ENTRY com.st.stm32cube.ide.mpu.remote.serial 1 1 2026-05-22 14:29:24.747
!MESSAGE port: COM4

!ENTRY com.st.stm32cube.ide.mpu.remote.serial 1 1 2026-05-22 14:29:24.748
!MESSAGE port: COM8

!ENTRY com.st.stm32cube.ide.mpu.remote.serial 1 1 2026-05-22 14:29:24.749
!MESSAGE port: COM13

!ENTRY com.st.stm32cube.ide.mpu.remote.serial 1 1 2026-05-22 14:29:24.749
!MESSAGE port: COM12

!ENTRY com.st.stm32cube.ide.mpu.remote.serial 1 1 2026-05-22 14:29:24.750
!MESSAGE port: COM11

!ENTRY com.st.stm32cube.ide.mpu.remote.serial 1 1 2026-05-22 14:30:31.803
!MESSAGE Executed PowerShell command powershell.exe -Command "Get-CimInstance -ClassName Win32_SerialPort | Select-Object -ExpandProperty DeviceID":
COM7
COM6
COM15
COM16
COM14
COM4
COM8
COM13
COM12
COM11


!ENTRY com.st.stm32cube.ide.mpu.remote.serial 1 1 2026-05-22 14:30:31.804
!MESSAGE port: COM7

!ENTRY com.st.stm32cube.ide.mpu.remote.serial 1 1 2026-05-22 14:30:31.804
!MESSAGE port: COM6

!ENTRY com.st.stm32cube.ide.mpu.remote.serial 1 1 2026-05-22 14:30:31.805
!MESSAGE port: COM15

!ENTRY com.st.stm32cube.ide.mpu.remote.serial 1 1 2026-05-22 14:30:31.806
!MESSAGE port: COM16

!ENTRY com.st.stm32cube.ide.mpu.remote.serial 1 1 2026-05-22 14:30:31.807
!MESSAGE port: COM14

!ENTRY com.st.stm32cube.ide.mpu.remote.serial 1 1 2026-05-22 14:30:31.807
!MESSAGE port: COM4

!ENTRY com.st.stm32cube.ide.mpu.remote.serial 1 1 2026-05-22 14:30:31.808
!MESSAGE port: COM8

!ENTRY com.st.stm32cube.ide.mpu.remote.serial 1 1 2026-05-22 14:30:31.809
!MESSAGE port: COM13

!ENTRY com.st.stm32cube.ide.mpu.remote.serial 1 1 2026-05-22 14:30:31.810
!MESSAGE port: COM12

!ENTRY com.st.stm32cube.ide.mpu.remote.serial 1 1 2026-05-22 14:30:31.810
!MESSAGE port: COM11

!ENTRY com.st.stm32cube.ide.mpu.remote.serial 1 1 2026-05-22 14:31:12.499
!MESSAGE Executed PowerShell command powershell.exe -Command "Get-CimInstance -ClassName Win32_SerialPort | Select-Object -ExpandProperty DeviceID":
COM7
COM6
COM15
COM16
COM14
COM4
COM8
COM13
COM12
COM11


!ENTRY com.st.stm32cube.ide.mpu.remote.serial 1 1 2026-05-22 14:31:12.499
!MESSAGE port: COM7

!ENTRY com.st.stm32cube.ide.mpu.remote.serial 1 1 2026-05-22 14:31:12.500
!MESSAGE port: COM6

!ENTRY com.st.stm32cube.ide.mpu.remote.serial 1 1 2026-05-22 14:31:12.500
!MESSAGE port: COM15

!ENTRY com.st.stm32cube.ide.mpu.remote.serial 1 1 2026-05-22 14:31:12.501
!MESSAGE port: COM16

!ENTRY com.st.stm32cube.ide.mpu.remote.serial 1 1 2026-05-22 14:31:12.502
!MESSAGE port: COM14

!ENTRY com.st.stm32cube.ide.mpu.remote.serial 1 1 2026-05-22 14:31:12.502
!MESSAGE port: COM4

!ENTRY com.st.stm32cube.ide.mpu.remote.serial 1 1 2026-05-22 14:31:12.503
!MESSAGE port: COM8

!ENTRY com.st.stm32cube.ide.mpu.remote.serial 1 1 2026-05-22 14:31:12.504
!MESSAGE port: COM13

!ENTRY com.st.stm32cube.ide.mpu.remote.serial 1 1 2026-05-22 14:31:12.505
!MESSAGE port: COM12

!ENTRY com.st.stm32cube.ide.mpu.remote.serial 1 1 2026-05-22 14:31:12.505
!MESSAGE port: COM11

!ENTRY com.st.stm32cube.ide.mpu.remote.serial 1 1 2026-05-22 14:31:40.871
!MESSAGE Executed PowerShell command powershell.exe -Command "Get-CimInstance -ClassName Win32_SerialPort | Select-Object -ExpandProperty DeviceID":
COM7
COM6
COM15
COM16
COM14
COM4
COM8
COM13
COM12
COM11


!ENTRY com.st.stm32cube.ide.mpu.remote.serial 1 1 2026-05-22 14:31:40.871
!MESSAGE port: COM7

!ENTRY com.st.stm32cube.ide.mpu.remote.serial 1 1 2026-05-22 14:31:40.872
!MESSAGE port: COM6

!ENTRY com.st.stm32cube.ide.mpu.remote.serial 1 1 2026-05-22 14:31:40.873
!MESSAGE port: COM15

!ENTRY com.st.stm32cube.ide.mpu.remote.serial 1 1 2026-05-22 14:31:40.874
!MESSAGE port: COM16

!ENTRY com.st.stm32cube.ide.mpu.remote.serial 1 1 2026-05-22 14:31:40.875
!MESSAGE port: COM14

!ENTRY com.st.stm32cube.ide.mpu.remote.serial 1 1 2026-05-22 14:31:40.875
!MESSAGE port: COM4

!ENTRY com.st.stm32cube.ide.mpu.remote.serial 1 1 2026-05-22 14:31:40.876
!MESSAGE port: COM8

!ENTRY com.st.stm32cube.ide.mpu.remote.serial 1 1 2026-05-22 14:31:40.877
!MESSAGE port: COM13

!ENTRY com.st.stm32cube.ide.mpu.remote.serial 1 1 2026-05-22 14:31:40.878
!MESSAGE port: COM12

!ENTRY com.st.stm32cube.ide.mpu.remote.serial 1 1 2026-05-22 14:31:40.879
!MESSAGE port: COM11

!ENTRY com.st.stm32cube.ide.mpu.remote.serial 1 1 2026-05-22 14:33:28.480
!MESSAGE Executed PowerShell command powershell.exe -Command "Get-CimInstance -ClassName Win32_SerialPort | Select-Object -ExpandProperty DeviceID":
COM7
COM6
COM15
COM16
COM14
COM4
COM8
COM13
COM12
COM11


!ENTRY com.st.stm32cube.ide.mpu.remote.serial 1 1 2026-05-22 14:33:28.481
!MESSAGE port: COM7

!ENTRY com.st.stm32cube.ide.mpu.remote.serial 1 1 2026-05-22 14:33:28.482
!MESSAGE port: COM6

!ENTRY com.st.stm32cube.ide.mpu.remote.serial 1 1 2026-05-22 14:33:28.482
!MESSAGE port: COM15

!ENTRY com.st.stm32cube.ide.mpu.remote.serial 1 1 2026-05-22 14:33:28.483
!MESSAGE port: COM16

!ENTRY com.st.stm32cube.ide.mpu.remote.serial 1 1 2026-05-22 14:33:28.483
!MESSAGE port: COM14

!ENTRY com.st.stm32cube.ide.mpu.remote.serial 1 1 2026-05-22 14:33:28.484
!MESSAGE port: COM4

!ENTRY com.st.stm32cube.ide.mpu.remote.serial 1 1 2026-05-22 14:33:28.485
!MESSAGE port: COM8

!ENTRY com.st.stm32cube.ide.mpu.remote.serial 1 1 2026-05-22 14:33:28.485
!MESSAGE port: COM13

!ENTRY com.st.stm32cube.ide.mpu.remote.serial 1 1 2026-05-22 14:33:28.486
!MESSAGE port: COM12

!ENTRY com.st.stm32cube.ide.mpu.remote.serial 1 1 2026-05-22 14:33:28.486
!MESSAGE port: COM11

!ENTRY com.st.stm32cube.ide.mpu.remote.serial 1 1 2026-05-22 14:33:56.834
!MESSAGE Executed PowerShell command powershell.exe -Command "Get-CimInstance -ClassName Win32_SerialPort | Select-Object -ExpandProperty DeviceID":
COM7
COM6
COM15
COM16
COM14
COM4
COM8
COM13
COM12
COM11


!ENTRY com.st.stm32cube.ide.mpu.remote.serial 1 1 2026-05-22 14:33:56.835
!MESSAGE port: COM7

!ENTRY com.st.stm32cube.ide.mpu.remote.serial 1 1 2026-05-22 14:33:56.836
!MESSAGE port: COM6

!ENTRY com.st.stm32cube.ide.mpu.remote.serial 1 1 2026-05-22 14:33:56.837
!MESSAGE port: COM15

!ENTRY com.st.stm32cube.ide.mpu.remote.serial 1 1 2026-05-22 14:33:56.837
!MESSAGE port: COM16

!ENTRY com.st.stm32cube.ide.mpu.remote.serial 1 1 2026-05-22 14:33:56.838
!MESSAGE port: COM14

!ENTRY com.st.stm32cube.ide.mpu.remote.serial 1 1 2026-05-22 14:33:56.839
!MESSAGE port: COM4

!ENTRY com.st.stm32cube.ide.mpu.remote.serial 1 1 2026-05-22 14:33:56.840
!MESSAGE port: COM8

!ENTRY com.st.stm32cube.ide.mpu.remote.serial 1 1 2026-05-22 14:33:56.840
!MESSAGE port: COM13

!ENTRY com.st.stm32cube.ide.mpu.remote.serial 1 1 2026-05-22 14:33:56.841
!MESSAGE port: COM12

!ENTRY com.st.stm32cube.ide.mpu.remote.serial 1 1 2026-05-22 14:33:56.842
!MESSAGE port: COM11

!ENTRY com.st.stm32cube.ide.mpu.remote.serial 1 1 2026-05-22 14:35:05.636
!MESSAGE Executed PowerShell command powershell.exe -Command "Get-CimInstance -ClassName Win32_SerialPort | Select-Object -ExpandProperty DeviceID":
COM7
COM6
COM15
COM16
COM14
COM4
COM8
COM13
COM12
COM11


!ENTRY com.st.stm32cube.ide.mpu.remote.serial 1 1 2026-05-22 14:35:05.636
!MESSAGE port: COM7

!ENTRY com.st.stm32cube.ide.mpu.remote.serial 1 1 2026-05-22 14:35:05.637
!MESSAGE port: COM6

!ENTRY com.st.stm32cube.ide.mpu.remote.serial 1 1 2026-05-22 14:35:05.638
!MESSAGE port: COM15

!ENTRY com.st.stm32cube.ide.mpu.remote.serial 1 1 2026-05-22 14:35:05.639
!MESSAGE port: COM16

!ENTRY com.st.stm32cube.ide.mpu.remote.serial 1 1 2026-05-22 14:35:05.639
!MESSAGE port: COM14

!ENTRY com.st.stm32cube.ide.mpu.remote.serial 1 1 2026-05-22 14:35:05.640
!MESSAGE port: COM4

!ENTRY com.st.stm32cube.ide.mpu.remote.serial 1 1 2026-05-22 14:35:05.641
!MESSAGE port: COM8

!ENTRY com.st.stm32cube.ide.mpu.remote.serial 1 1 2026-05-22 14:35:05.641
!MESSAGE port: COM13

!ENTRY com.st.stm32cube.ide.mpu.remote.serial 1 1 2026-05-22 14:35:05.642
!MESSAGE port: COM12

!ENTRY com.st.stm32cube.ide.mpu.remote.serial 1 1 2026-05-22 14:35:05.643
!MESSAGE port: COM11

!ENTRY com.st.stm32cube.ide.mpu.remote.serial 1 1 2026-05-22 14:36:23.503
!MESSAGE Executed PowerShell command powershell.exe -Command "Get-CimInstance -ClassName Win32_SerialPort | Select-Object -ExpandProperty DeviceID":
COM7
COM6
COM15
COM16
COM14
COM4
COM8
COM13
COM12
COM11


!ENTRY com.st.stm32cube.ide.mpu.remote.serial 1 1 2026-05-22 14:36:23.505
!MESSAGE port: COM7

!ENTRY com.st.stm32cube.ide.mpu.remote.serial 1 1 2026-05-22 14:36:23.505
!MESSAGE port: COM6

!ENTRY com.st.stm32cube.ide.mpu.remote.serial 1 1 2026-05-22 14:36:23.506
!MESSAGE port: COM15

!ENTRY com.st.stm32cube.ide.mpu.remote.serial 1 1 2026-05-22 14:36:23.506
!MESSAGE port: COM16

!ENTRY com.st.stm32cube.ide.mpu.remote.serial 1 1 2026-05-22 14:36:23.508
!MESSAGE port: COM14

!ENTRY com.st.stm32cube.ide.mpu.remote.serial 1 1 2026-05-22 14:36:23.508
!MESSAGE port: COM4

!ENTRY com.st.stm32cube.ide.mpu.remote.serial 1 1 2026-05-22 14:36:23.510
!MESSAGE port: COM8

!ENTRY com.st.stm32cube.ide.mpu.remote.serial 1 1 2026-05-22 14:36:23.510
!MESSAGE port: COM13

!ENTRY com.st.stm32cube.ide.mpu.remote.serial 1 1 2026-05-22 14:36:23.513
!MESSAGE port: COM12

!ENTRY com.st.stm32cube.ide.mpu.remote.serial 1 1 2026-05-22 14:36:23.513
!MESSAGE port: COM11

!ENTRY com.st.stm32cube.ide.mpu.remote.serial 1 1 2026-05-22 14:36:52.618
!MESSAGE Executed PowerShell command powershell.exe -Command "Get-CimInstance -ClassName Win32_SerialPort | Select-Object -ExpandProperty DeviceID":
COM7
COM6
COM15
COM16
COM14
COM4
COM8
COM13
COM12
COM11


!ENTRY com.st.stm32cube.ide.mpu.remote.serial 1 1 2026-05-22 14:36:52.619
!MESSAGE port: COM7

!ENTRY com.st.stm32cube.ide.mpu.remote.serial 1 1 2026-05-22 14:36:52.620
!MESSAGE port: COM6

!ENTRY com.st.stm32cube.ide.mpu.remote.serial 1 1 2026-05-22 14:36:52.620
!MESSAGE port: COM15

!ENTRY com.st.stm32cube.ide.mpu.remote.serial 1 1 2026-05-22 14:36:52.621
!MESSAGE port: COM16

!ENTRY com.st.stm32cube.ide.mpu.remote.serial 1 1 2026-05-22 14:36:52.622
!MESSAGE port: COM14

!ENTRY com.st.stm32cube.ide.mpu.remote.serial 1 1 2026-05-22 14:36:52.623
!MESSAGE port: COM4

!ENTRY com.st.stm32cube.ide.mpu.remote.serial 1 1 2026-05-22 14:36:52.623
!MESSAGE port: COM8

!ENTRY com.st.stm32cube.ide.mpu.remote.serial 1 1 2026-05-22 14:36:52.624
!MESSAGE port: COM13

!ENTRY com.st.stm32cube.ide.mpu.remote.serial 1 1 2026-05-22 14:36:52.625
!MESSAGE port: COM12

!ENTRY com.st.stm32cube.ide.mpu.remote.serial 1 1 2026-05-22 14:36:52.626
!MESSAGE port: COM11

!ENTRY com.st.stm32cube.ide.mpu.remote.serial 1 1 2026-05-22 14:39:15.916
!MESSAGE Executed PowerShell command powershell.exe -Command "Get-CimInstance -ClassName Win32_SerialPort | Select-Object -ExpandProperty DeviceID":
COM7
COM6
COM15
COM16
COM14
COM4
COM8
COM13
COM12
COM11


!ENTRY com.st.stm32cube.ide.mpu.remote.serial 1 1 2026-05-22 14:39:15.916
!MESSAGE port: COM7

!ENTRY com.st.stm32cube.ide.mpu.remote.serial 1 1 2026-05-22 14:39:15.917
!MESSAGE port: COM6

!ENTRY com.st.stm32cube.ide.mpu.remote.serial 1 1 2026-05-22 14:39:15.917
!MESSAGE port: COM15

!ENTRY com.st.stm32cube.ide.mpu.remote.serial 1 1 2026-05-22 14:39:15.918
!MESSAGE port: COM16

!ENTRY com.st.stm32cube.ide.mpu.remote.serial 1 1 2026-05-22 14:39:15.918
!MESSAGE port: COM14

!ENTRY com.st.stm32cube.ide.mpu.remote.serial 1 1 2026-05-22 14:39:15.919
!MESSAGE port: COM4

!ENTRY com.st.stm32cube.ide.mpu.remote.serial 1 1 2026-05-22 14:39:15.920
!MESSAGE port: COM8

!ENTRY com.st.stm32cube.ide.mpu.remote.serial 1 1 2026-05-22 14:39:15.920
!MESSAGE port: COM13

!ENTRY com.st.stm32cube.ide.mpu.remote.serial 1 1 2026-05-22 14:39:15.921
!MESSAGE port: COM12

!ENTRY com.st.stm32cube.ide.mpu.remote.serial 1 1 2026-05-22 14:39:15.922
!MESSAGE port: COM11

!ENTRY com.st.stm32cube.ide.mpu.remote.serial 1 1 2026-05-22 14:39:44.265
!MESSAGE Executed PowerShell command powershell.exe -Command "Get-CimInstance -ClassName Win32_SerialPort | Select-Object -ExpandProperty DeviceID":
COM7
COM6
COM15
COM16
COM14
COM4
COM8
COM13
COM12
COM11


!ENTRY com.st.stm32cube.ide.mpu.remote.serial 1 1 2026-05-22 14:39:44.266
!MESSAGE port: COM7

!ENTRY com.st.stm32cube.ide.mpu.remote.serial 1 1 2026-05-22 14:39:44.267
!MESSAGE port: COM6

!ENTRY com.st.stm32cube.ide.mpu.remote.serial 1 1 2026-05-22 14:39:44.267
!MESSAGE port: COM15

!ENTRY com.st.stm32cube.ide.mpu.remote.serial 1 1 2026-05-22 14:39:44.268
!MESSAGE port: COM16

!ENTRY com.st.stm32cube.ide.mpu.remote.serial 1 1 2026-05-22 14:39:44.269
!MESSAGE port: COM14

!ENTRY com.st.stm32cube.ide.mpu.remote.serial 1 1 2026-05-22 14:39:44.270
!MESSAGE port: COM4

!ENTRY com.st.stm32cube.ide.mpu.remote.serial 1 1 2026-05-22 14:39:44.271
!MESSAGE port: COM8

!ENTRY com.st.stm32cube.ide.mpu.remote.serial 1 1 2026-05-22 14:39:44.271
!MESSAGE port: COM13

!ENTRY com.st.stm32cube.ide.mpu.remote.serial 1 1 2026-05-22 14:39:44.272
!MESSAGE port: COM12

!ENTRY com.st.stm32cube.ide.mpu.remote.serial 1 1 2026-05-22 14:39:44.272
!MESSAGE port: COM11

!ENTRY com.st.stm32cube.ide.mpu.remote.serial 1 1 2026-05-22 14:42:56.744
!MESSAGE Executed PowerShell command powershell.exe -Command "Get-CimInstance -ClassName Win32_SerialPort | Select-Object -ExpandProperty DeviceID":
COM7
COM6
COM15
COM16
COM14
COM4
COM8
COM13
COM12
COM11


!ENTRY com.st.stm32cube.ide.mpu.remote.serial 1 1 2026-05-22 14:42:56.745
!MESSAGE port: COM7

!ENTRY com.st.stm32cube.ide.mpu.remote.serial 1 1 2026-05-22 14:42:56.745
!MESSAGE port: COM6

!ENTRY com.st.stm32cube.ide.mpu.remote.serial 1 1 2026-05-22 14:42:56.746
!MESSAGE port: COM15

!ENTRY com.st.stm32cube.ide.mpu.remote.serial 1 1 2026-05-22 14:42:56.747
!MESSAGE port: COM16

!ENTRY com.st.stm32cube.ide.mpu.remote.serial 1 1 2026-05-22 14:42:56.747
!MESSAGE port: COM14

!ENTRY com.st.stm32cube.ide.mpu.remote.serial 1 1 2026-05-22 14:42:56.748
!MESSAGE port: COM4

!ENTRY com.st.stm32cube.ide.mpu.remote.serial 1 1 2026-05-22 14:42:56.748
!MESSAGE port: COM8

!ENTRY com.st.stm32cube.ide.mpu.remote.serial 1 1 2026-05-22 14:42:56.749
!MESSAGE port: COM13

!ENTRY com.st.stm32cube.ide.mpu.remote.serial 1 1 2026-05-22 14:42:56.750
!MESSAGE port: COM12

!ENTRY com.st.stm32cube.ide.mpu.remote.serial 1 1 2026-05-22 14:42:56.750
!MESSAGE port: COM11

!ENTRY com.st.stm32cube.ide.mpu.remote.serial 1 1 2026-05-22 14:43:24.957
!MESSAGE Executed PowerShell command powershell.exe -Command "Get-CimInstance -ClassName Win32_SerialPort | Select-Object -ExpandProperty DeviceID":
COM7
COM6
COM15
COM16
COM14
COM4
COM8
COM13
COM12
COM11


!ENTRY com.st.stm32cube.ide.mpu.remote.serial 1 1 2026-05-22 14:43:24.958
!MESSAGE port: COM7

!ENTRY com.st.stm32cube.ide.mpu.remote.serial 1 1 2026-05-22 14:43:24.959
!MESSAGE port: COM6

!ENTRY com.st.stm32cube.ide.mpu.remote.serial 1 1 2026-05-22 14:43:24.960
!MESSAGE port: COM15

!ENTRY com.st.stm32cube.ide.mpu.remote.serial 1 1 2026-05-22 14:43:24.961
!MESSAGE port: COM16

!ENTRY com.st.stm32cube.ide.mpu.remote.serial 1 1 2026-05-22 14:43:24.962
!MESSAGE port: COM14

!ENTRY com.st.stm32cube.ide.mpu.remote.serial 1 1 2026-05-22 14:43:24.962
!MESSAGE port: COM4

!ENTRY com.st.stm32cube.ide.mpu.remote.serial 1 1 2026-05-22 14:43:24.963
!MESSAGE port: COM8

!ENTRY com.st.stm32cube.ide.mpu.remote.serial 1 1 2026-05-22 14:43:24.964
!MESSAGE port: COM13

!ENTRY com.st.stm32cube.ide.mpu.remote.serial 1 1 2026-05-22 14:43:24.965
!MESSAGE port: COM12

!ENTRY com.st.stm32cube.ide.mpu.remote.serial 1 1 2026-05-22 14:43:24.965
!MESSAGE port: COM11

!ENTRY com.st.stm32cube.ide.mpu.remote.serial 1 1 2026-05-22 14:44:35.580
!MESSAGE Executed PowerShell command powershell.exe -Command "Get-CimInstance -ClassName Win32_SerialPort | Select-Object -ExpandProperty DeviceID":
COM7
COM6
COM15
COM16
COM14
COM4
COM8
COM13
COM12
COM11


!ENTRY com.st.stm32cube.ide.mpu.remote.serial 1 1 2026-05-22 14:44:35.581
!MESSAGE port: COM7

!ENTRY com.st.stm32cube.ide.mpu.remote.serial 1 1 2026-05-22 14:44:35.582
!MESSAGE port: COM6

!ENTRY com.st.stm32cube.ide.mpu.remote.serial 1 1 2026-05-22 14:44:35.582
!MESSAGE port: COM15

!ENTRY com.st.stm32cube.ide.mpu.remote.serial 1 1 2026-05-22 14:44:35.583
!MESSAGE port: COM16

!ENTRY com.st.stm32cube.ide.mpu.remote.serial 1 1 2026-05-22 14:44:35.584
!MESSAGE port: COM14

!ENTRY com.st.stm32cube.ide.mpu.remote.serial 1 1 2026-05-22 14:44:35.584
!MESSAGE port: COM4

!ENTRY com.st.stm32cube.ide.mpu.remote.serial 1 1 2026-05-22 14:44:35.585
!MESSAGE port: COM8

!ENTRY com.st.stm32cube.ide.mpu.remote.serial 1 1 2026-05-22 14:44:35.586
!MESSAGE port: COM13

!ENTRY com.st.stm32cube.ide.mpu.remote.serial 1 1 2026-05-22 14:44:35.586
!MESSAGE port: COM12

!ENTRY com.st.stm32cube.ide.mpu.remote.serial 1 1 2026-05-22 14:44:35.587
!MESSAGE port: COM11

!ENTRY com.st.stm32cube.ide.mpu.remote.serial 1 1 2026-05-22 14:45:20.975
!MESSAGE Executed PowerShell command powershell.exe -Command "Get-CimInstance -ClassName Win32_SerialPort | Select-Object -ExpandProperty DeviceID":
COM7
COM6
COM15
COM16
COM14
COM4
COM8
COM13
COM12
COM11


!ENTRY com.st.stm32cube.ide.mpu.remote.serial 1 1 2026-05-22 14:45:20.975
!MESSAGE port: COM7

!ENTRY com.st.stm32cube.ide.mpu.remote.serial 1 1 2026-05-22 14:45:20.976
!MESSAGE port: COM6

!ENTRY com.st.stm32cube.ide.mpu.remote.serial 1 1 2026-05-22 14:45:20.977
!MESSAGE port: COM15

!ENTRY com.st.stm32cube.ide.mpu.remote.serial 1 1 2026-05-22 14:45:20.977
!MESSAGE port: COM16

!ENTRY com.st.stm32cube.ide.mpu.remote.serial 1 1 2026-05-22 14:45:20.978
!MESSAGE port: COM14

!ENTRY com.st.stm32cube.ide.mpu.remote.serial 1 1 2026-05-22 14:45:20.978
!MESSAGE port: COM4

!ENTRY com.st.stm32cube.ide.mpu.remote.serial 1 1 2026-05-22 14:45:20.979
!MESSAGE port: COM8

!ENTRY com.st.stm32cube.ide.mpu.remote.serial 1 1 2026-05-22 14:45:20.980
!MESSAGE port: COM13

!ENTRY com.st.stm32cube.ide.mpu.remote.serial 1 1 2026-05-22 14:45:20.980
!MESSAGE port: COM12

!ENTRY com.st.stm32cube.ide.mpu.remote.serial 1 1 2026-05-22 14:45:20.981
!MESSAGE port: COM11

!ENTRY com.st.stm32cube.ide.mpu.remote.serial 1 1 2026-05-22 14:45:49.405
!MESSAGE Executed PowerShell command powershell.exe -Command "Get-CimInstance -ClassName Win32_SerialPort | Select-Object -ExpandProperty DeviceID":
COM7
COM6
COM15
COM16
COM14
COM4
COM8
COM13
COM12
COM11


!ENTRY com.st.stm32cube.ide.mpu.remote.serial 1 1 2026-05-22 14:45:49.406
!MESSAGE port: COM7

!ENTRY com.st.stm32cube.ide.mpu.remote.serial 1 1 2026-05-22 14:45:49.407
!MESSAGE port: COM6

!ENTRY com.st.stm32cube.ide.mpu.remote.serial 1 1 2026-05-22 14:45:49.408
!MESSAGE port: COM15

!ENTRY com.st.stm32cube.ide.mpu.remote.serial 1 1 2026-05-22 14:45:49.408
!MESSAGE port: COM16

!ENTRY com.st.stm32cube.ide.mpu.remote.serial 1 1 2026-05-22 14:45:49.409
!MESSAGE port: COM14

!ENTRY com.st.stm32cube.ide.mpu.remote.serial 1 1 2026-05-22 14:45:49.410
!MESSAGE port: COM4

!ENTRY com.st.stm32cube.ide.mpu.remote.serial 1 1 2026-05-22 14:45:49.410
!MESSAGE port: COM8

!ENTRY com.st.stm32cube.ide.mpu.remote.serial 1 1 2026-05-22 14:45:49.411
!MESSAGE port: COM13

!ENTRY com.st.stm32cube.ide.mpu.remote.serial 1 1 2026-05-22 14:45:49.412
!MESSAGE port: COM12

!ENTRY com.st.stm32cube.ide.mpu.remote.serial 1 1 2026-05-22 14:45:49.413
!MESSAGE port: COM11

!ENTRY com.st.stm32cube.ide.mpu.remote.serial 1 1 2026-05-22 14:46:18.114
!MESSAGE Executed PowerShell command powershell.exe -Command "Get-CimInstance -ClassName Win32_SerialPort | Select-Object -ExpandProperty DeviceID":
COM7
COM6
COM15
COM16
COM14
COM4
COM8
COM13
COM12
COM11


!ENTRY com.st.stm32cube.ide.mpu.remote.serial 1 1 2026-05-22 14:46:18.114
!MESSAGE port: COM7

!ENTRY com.st.stm32cube.ide.mpu.remote.serial 1 1 2026-05-22 14:46:18.115
!MESSAGE port: COM6

!ENTRY com.st.stm32cube.ide.mpu.remote.serial 1 1 2026-05-22 14:46:18.116
!MESSAGE port: COM15

!ENTRY com.st.stm32cube.ide.mpu.remote.serial 1 1 2026-05-22 14:46:18.116
!MESSAGE port: COM16

!ENTRY com.st.stm32cube.ide.mpu.remote.serial 1 1 2026-05-22 14:46:18.117
!MESSAGE port: COM14

!ENTRY com.st.stm32cube.ide.mpu.remote.serial 1 1 2026-05-22 14:46:18.118
!MESSAGE port: COM4

!ENTRY com.st.stm32cube.ide.mpu.remote.serial 1 1 2026-05-22 14:46:18.118
!MESSAGE port: COM8

!ENTRY com.st.stm32cube.ide.mpu.remote.serial 1 1 2026-05-22 14:46:18.119
!MESSAGE port: COM13

!ENTRY com.st.stm32cube.ide.mpu.remote.serial 1 1 2026-05-22 14:46:18.119
!MESSAGE port: COM12

!ENTRY com.st.stm32cube.ide.mpu.remote.serial 1 1 2026-05-22 14:46:18.120
!MESSAGE port: COM11

!ENTRY com.st.stm32cube.ide.mpu.remote.serial 1 1 2026-05-22 14:46:46.376
!MESSAGE Executed PowerShell command powershell.exe -Command "Get-CimInstance -ClassName Win32_SerialPort | Select-Object -ExpandProperty DeviceID":
COM7
COM6
COM15
COM16
COM14
COM4
COM8
COM13
COM12
COM11


!ENTRY com.st.stm32cube.ide.mpu.remote.serial 1 1 2026-05-22 14:46:46.377
!MESSAGE port: COM7

!ENTRY com.st.stm32cube.ide.mpu.remote.serial 1 1 2026-05-22 14:46:46.377
!MESSAGE port: COM6

!ENTRY com.st.stm32cube.ide.mpu.remote.serial 1 1 2026-05-22 14:46:46.378
!MESSAGE port: COM15

!ENTRY com.st.stm32cube.ide.mpu.remote.serial 1 1 2026-05-22 14:46:46.378
!MESSAGE port: COM16

!ENTRY com.st.stm32cube.ide.mpu.remote.serial 1 1 2026-05-22 14:46:46.379
!MESSAGE port: COM14

!ENTRY com.st.stm32cube.ide.mpu.remote.serial 1 1 2026-05-22 14:46:46.379
!MESSAGE port: COM4

!ENTRY com.st.stm32cube.ide.mpu.remote.serial 1 1 2026-05-22 14:46:46.380
!MESSAGE port: COM8

!ENTRY com.st.stm32cube.ide.mpu.remote.serial 1 1 2026-05-22 14:46:46.380
!MESSAGE port: COM13

!ENTRY com.st.stm32cube.ide.mpu.remote.serial 1 1 2026-05-22 14:46:46.381
!MESSAGE port: COM12

!ENTRY com.st.stm32cube.ide.mpu.remote.serial 1 1 2026-05-22 14:46:46.382
!MESSAGE port: COM11

!ENTRY com.st.stm32cube.ide.mpu.remote.serial 1 1 2026-05-22 14:47:22.540
!MESSAGE Executed PowerShell command powershell.exe -Command "Get-CimInstance -ClassName Win32_SerialPort | Select-Object -ExpandProperty DeviceID":
COM7
COM6
COM15
COM16
COM14
COM4
COM8
COM13
COM12
COM11


!ENTRY com.st.stm32cube.ide.mpu.remote.serial 1 1 2026-05-22 14:47:22.541
!MESSAGE port: COM7

!ENTRY com.st.stm32cube.ide.mpu.remote.serial 1 1 2026-05-22 14:47:22.542
!MESSAGE port: COM6

!ENTRY com.st.stm32cube.ide.mpu.remote.serial 1 1 2026-05-22 14:47:22.543
!MESSAGE port: COM15

!ENTRY com.st.stm32cube.ide.mpu.remote.serial 1 1 2026-05-22 14:47:22.543
!MESSAGE port: COM16

!ENTRY com.st.stm32cube.ide.mpu.remote.serial 1 1 2026-05-22 14:47:22.544
!MESSAGE port: COM14

!ENTRY com.st.stm32cube.ide.mpu.remote.serial 1 1 2026-05-22 14:47:22.545
!MESSAGE port: COM4

!ENTRY com.st.stm32cube.ide.mpu.remote.serial 1 1 2026-05-22 14:47:22.546
!MESSAGE port: COM8

!ENTRY com.st.stm32cube.ide.mpu.remote.serial 1 1 2026-05-22 14:47:22.546
!MESSAGE port: COM13

!ENTRY com.st.stm32cube.ide.mpu.remote.serial 1 1 2026-05-22 14:47:22.547
!MESSAGE port: COM12

!ENTRY com.st.stm32cube.ide.mpu.remote.serial 1 1 2026-05-22 14:47:22.548
!MESSAGE port: COM11

!ENTRY com.st.stm32cube.ide.mpu.remote.serial 1 1 2026-05-22 14:48:33.550
!MESSAGE Executed PowerShell command powershell.exe -Command "Get-CimInstance -ClassName Win32_SerialPort | Select-Object -ExpandProperty DeviceID":
COM7
COM6
COM15
COM16
COM14
COM4
COM8
COM13
COM12
COM11


!ENTRY com.st.stm32cube.ide.mpu.remote.serial 1 1 2026-05-22 14:48:33.551
!MESSAGE port: COM7

!ENTRY com.st.stm32cube.ide.mpu.remote.serial 1 1 2026-05-22 14:48:33.552
!MESSAGE port: COM6

!ENTRY com.st.stm32cube.ide.mpu.remote.serial 1 1 2026-05-22 14:48:33.553
!MESSAGE port: COM15

!ENTRY com.st.stm32cube.ide.mpu.remote.serial 1 1 2026-05-22 14:48:33.554
!MESSAGE port: COM16

!ENTRY com.st.stm32cube.ide.mpu.remote.serial 1 1 2026-05-22 14:48:33.555
!MESSAGE port: COM14

!ENTRY com.st.stm32cube.ide.mpu.remote.serial 1 1 2026-05-22 14:48:33.556
!MESSAGE port: COM4

!ENTRY com.st.stm32cube.ide.mpu.remote.serial 1 1 2026-05-22 14:48:33.556
!MESSAGE port: COM8

!ENTRY com.st.stm32cube.ide.mpu.remote.serial 1 1 2026-05-22 14:48:33.557
!MESSAGE port: COM13

!ENTRY com.st.stm32cube.ide.mpu.remote.serial 1 1 2026-05-22 14:48:33.558
!MESSAGE port: COM12

!ENTRY com.st.stm32cube.ide.mpu.remote.serial 1 1 2026-05-22 14:48:33.559
!MESSAGE port: COM11

!ENTRY com.st.stm32cube.ide.mpu.remote.serial 1 1 2026-05-22 14:49:02.482
!MESSAGE Executed PowerShell command powershell.exe -Command "Get-CimInstance -ClassName Win32_SerialPort | Select-Object -ExpandProperty DeviceID":
COM7
COM6
COM15
COM16
COM14
COM4
COM8
COM13
COM12
COM11


!ENTRY com.st.stm32cube.ide.mpu.remote.serial 1 1 2026-05-22 14:49:02.483
!MESSAGE port: COM7

!ENTRY com.st.stm32cube.ide.mpu.remote.serial 1 1 2026-05-22 14:49:02.484
!MESSAGE port: COM6

!ENTRY com.st.stm32cube.ide.mpu.remote.serial 1 1 2026-05-22 14:49:02.485
!MESSAGE port: COM15

!ENTRY com.st.stm32cube.ide.mpu.remote.serial 1 1 2026-05-22 14:49:02.486
!MESSAGE port: COM16

!ENTRY com.st.stm32cube.ide.mpu.remote.serial 1 1 2026-05-22 14:49:02.487
!MESSAGE port: COM14

!ENTRY com.st.stm32cube.ide.mpu.remote.serial 1 1 2026-05-22 14:49:02.488
!MESSAGE port: COM4

!ENTRY com.st.stm32cube.ide.mpu.remote.serial 1 1 2026-05-22 14:49:02.489
!MESSAGE port: COM8

!ENTRY com.st.stm32cube.ide.mpu.remote.serial 1 1 2026-05-22 14:49:02.490
!MESSAGE port: COM13

!ENTRY com.st.stm32cube.ide.mpu.remote.serial 1 1 2026-05-22 14:49:02.491
!MESSAGE port: COM12

!ENTRY com.st.stm32cube.ide.mpu.remote.serial 1 1 2026-05-22 14:49:02.492
!MESSAGE port: COM11

!ENTRY com.st.stm32cube.ide.mpu.remote.serial 1 1 2026-05-22 14:49:30.791
!MESSAGE Executed PowerShell command powershell.exe -Command "Get-CimInstance -ClassName Win32_SerialPort | Select-Object -ExpandProperty DeviceID":
COM7
COM6
COM15
COM16
COM14
COM4
COM8
COM13
COM12
COM11


!ENTRY com.st.stm32cube.ide.mpu.remote.serial 1 1 2026-05-22 14:49:30.792
!MESSAGE port: COM7

!ENTRY com.st.stm32cube.ide.mpu.remote.serial 1 1 2026-05-22 14:49:30.793
!MESSAGE port: COM6

!ENTRY com.st.stm32cube.ide.mpu.remote.serial 1 1 2026-05-22 14:49:30.793
!MESSAGE port: COM15

!ENTRY com.st.stm32cube.ide.mpu.remote.serial 1 1 2026-05-22 14:49:30.794
!MESSAGE port: COM16

!ENTRY com.st.stm32cube.ide.mpu.remote.serial 1 1 2026-05-22 14:49:30.795
!MESSAGE port: COM14

!ENTRY com.st.stm32cube.ide.mpu.remote.serial 1 1 2026-05-22 14:49:30.795
!MESSAGE port: COM4

!ENTRY com.st.stm32cube.ide.mpu.remote.serial 1 1 2026-05-22 14:49:30.796
!MESSAGE port: COM8

!ENTRY com.st.stm32cube.ide.mpu.remote.serial 1 1 2026-05-22 14:49:30.796
!MESSAGE port: COM13

!ENTRY com.st.stm32cube.ide.mpu.remote.serial 1 1 2026-05-22 14:49:30.797
!MESSAGE port: COM12

!ENTRY com.st.stm32cube.ide.mpu.remote.serial 1 1 2026-05-22 14:49:30.798
!MESSAGE port: COM11

!ENTRY com.st.stm32cube.ide.mpu.remote.serial 1 1 2026-05-22 14:50:06.293
!MESSAGE Executed PowerShell command powershell.exe -Command "Get-CimInstance -ClassName Win32_SerialPort | Select-Object -ExpandProperty DeviceID":
COM7
COM6
COM15
COM16
COM14
COM4
COM8
COM13
COM12
COM11


!ENTRY com.st.stm32cube.ide.mpu.remote.serial 1 1 2026-05-22 14:50:06.294
!MESSAGE port: COM7

!ENTRY com.st.stm32cube.ide.mpu.remote.serial 1 1 2026-05-22 14:50:06.295
!MESSAGE port: COM6

!ENTRY com.st.stm32cube.ide.mpu.remote.serial 1 1 2026-05-22 14:50:06.295
!MESSAGE port: COM15

!ENTRY com.st.stm32cube.ide.mpu.remote.serial 1 1 2026-05-22 14:50:06.296
!MESSAGE port: COM16

!ENTRY com.st.stm32cube.ide.mpu.remote.serial 1 1 2026-05-22 14:50:06.297
!MESSAGE port: COM14

!ENTRY com.st.stm32cube.ide.mpu.remote.serial 1 1 2026-05-22 14:50:06.297
!MESSAGE port: COM4

!ENTRY com.st.stm32cube.ide.mpu.remote.serial 1 1 2026-05-22 14:50:06.298
!MESSAGE port: COM8

!ENTRY com.st.stm32cube.ide.mpu.remote.serial 1 1 2026-05-22 14:50:06.298
!MESSAGE port: COM13

!ENTRY com.st.stm32cube.ide.mpu.remote.serial 1 1 2026-05-22 14:50:06.299
!MESSAGE port: COM12

!ENTRY com.st.stm32cube.ide.mpu.remote.serial 1 1 2026-05-22 14:50:06.300
!MESSAGE port: COM11

!ENTRY com.st.stm32cube.ide.mpu.remote.serial 1 1 2026-05-22 14:50:34.543
!MESSAGE Executed PowerShell command powershell.exe -Command "Get-CimInstance -ClassName Win32_SerialPort | Select-Object -ExpandProperty DeviceID":
COM7
COM6
COM15
COM16
COM14
COM4
COM8
COM13
COM12
COM11


!ENTRY com.st.stm32cube.ide.mpu.remote.serial 1 1 2026-05-22 14:50:34.544
!MESSAGE port: COM7

!ENTRY com.st.stm32cube.ide.mpu.remote.serial 1 1 2026-05-22 14:50:34.545
!MESSAGE port: COM6

!ENTRY com.st.stm32cube.ide.mpu.remote.serial 1 1 2026-05-22 14:50:34.545
!MESSAGE port: COM15

!ENTRY com.st.stm32cube.ide.mpu.remote.serial 1 1 2026-05-22 14:50:34.546
!MESSAGE port: COM16

!ENTRY com.st.stm32cube.ide.mpu.remote.serial 1 1 2026-05-22 14:50:34.547
!MESSAGE port: COM14

!ENTRY com.st.stm32cube.ide.mpu.remote.serial 1 1 2026-05-22 14:50:34.548
!MESSAGE port: COM4

!ENTRY com.st.stm32cube.ide.mpu.remote.serial 1 1 2026-05-22 14:50:34.549
!MESSAGE port: COM8

!ENTRY com.st.stm32cube.ide.mpu.remote.serial 1 1 2026-05-22 14:50:34.549
!MESSAGE port: COM13

!ENTRY com.st.stm32cube.ide.mpu.remote.serial 1 1 2026-05-22 14:50:34.550
!MESSAGE port: COM12

!ENTRY com.st.stm32cube.ide.mpu.remote.serial 1 1 2026-05-22 14:50:34.551
!MESSAGE port: COM11

!ENTRY com.st.stm32cube.ide.mpu.remote.serial 1 1 2026-05-22 14:51:30.366
!MESSAGE Executed PowerShell command powershell.exe -Command "Get-CimInstance -ClassName Win32_SerialPort | Select-Object -ExpandProperty DeviceID":
COM7
COM6
COM15
COM16
COM14
COM4
COM8
COM13
COM12
COM11


!ENTRY com.st.stm32cube.ide.mpu.remote.serial 1 1 2026-05-22 14:51:30.367
!MESSAGE port: COM7

!ENTRY com.st.stm32cube.ide.mpu.remote.serial 1 1 2026-05-22 14:51:30.367
!MESSAGE port: COM6

!ENTRY com.st.stm32cube.ide.mpu.remote.serial 1 1 2026-05-22 14:51:30.368
!MESSAGE port: COM15

!ENTRY com.st.stm32cube.ide.mpu.remote.serial 1 1 2026-05-22 14:51:30.369
!MESSAGE port: COM16

!ENTRY com.st.stm32cube.ide.mpu.remote.serial 1 1 2026-05-22 14:51:30.370
!MESSAGE port: COM14

!ENTRY com.st.stm32cube.ide.mpu.remote.serial 1 1 2026-05-22 14:51:30.370
!MESSAGE port: COM4

!ENTRY com.st.stm32cube.ide.mpu.remote.serial 1 1 2026-05-22 14:51:30.371
!MESSAGE port: COM8

!ENTRY com.st.stm32cube.ide.mpu.remote.serial 1 1 2026-05-22 14:51:30.372
!MESSAGE port: COM13

!ENTRY com.st.stm32cube.ide.mpu.remote.serial 1 1 2026-05-22 14:51:30.372
!MESSAGE port: COM12

!ENTRY com.st.stm32cube.ide.mpu.remote.serial 1 1 2026-05-22 14:51:30.373
!MESSAGE port: COM11

!ENTRY com.st.stm32cube.ide.mpu.remote.serial 1 1 2026-05-22 14:53:35.761
!MESSAGE Executed PowerShell command powershell.exe -Command "Get-CimInstance -ClassName Win32_SerialPort | Select-Object -ExpandProperty DeviceID":
COM7
COM6
COM15
COM16
COM14
COM4
COM8
COM13
COM12
COM11


!ENTRY com.st.stm32cube.ide.mpu.remote.serial 1 1 2026-05-22 14:53:35.763
!MESSAGE port: COM7

!ENTRY com.st.stm32cube.ide.mpu.remote.serial 1 1 2026-05-22 14:53:35.763
!MESSAGE port: COM6

!ENTRY com.st.stm32cube.ide.mpu.remote.serial 1 1 2026-05-22 14:53:35.764
!MESSAGE port: COM15

!ENTRY com.st.stm32cube.ide.mpu.remote.serial 1 1 2026-05-22 14:53:35.765
!MESSAGE port: COM16

!ENTRY com.st.stm32cube.ide.mpu.remote.serial 1 1 2026-05-22 14:53:35.766
!MESSAGE port: COM14

!ENTRY com.st.stm32cube.ide.mpu.remote.serial 1 1 2026-05-22 14:53:35.767
!MESSAGE port: COM4

!ENTRY com.st.stm32cube.ide.mpu.remote.serial 1 1 2026-05-22 14:53:35.767
!MESSAGE port: COM8

!ENTRY com.st.stm32cube.ide.mpu.remote.serial 1 1 2026-05-22 14:53:35.768
!MESSAGE port: COM13

!ENTRY com.st.stm32cube.ide.mpu.remote.serial 1 1 2026-05-22 14:53:35.769
!MESSAGE port: COM12

!ENTRY com.st.stm32cube.ide.mpu.remote.serial 1 1 2026-05-22 14:53:35.769
!MESSAGE port: COM11

!ENTRY com.st.stm32cube.ide.mpu.remote.serial 1 1 2026-05-22 14:54:04.523
!MESSAGE Executed PowerShell command powershell.exe -Command "Get-CimInstance -ClassName Win32_SerialPort | Select-Object -ExpandProperty DeviceID":
COM7
COM6
COM15
COM16
COM14
COM4
COM8
COM13
COM12
COM11


!ENTRY com.st.stm32cube.ide.mpu.remote.serial 1 1 2026-05-22 14:54:04.524
!MESSAGE port: COM7

!ENTRY com.st.stm32cube.ide.mpu.remote.serial 1 1 2026-05-22 14:54:04.524
!MESSAGE port: COM6

!ENTRY com.st.stm32cube.ide.mpu.remote.serial 1 1 2026-05-22 14:54:04.525
!MESSAGE port: COM15

!ENTRY com.st.stm32cube.ide.mpu.remote.serial 1 1 2026-05-22 14:54:04.526
!MESSAGE port: COM16

!ENTRY com.st.stm32cube.ide.mpu.remote.serial 1 1 2026-05-22 14:54:04.527
!MESSAGE port: COM14

!ENTRY com.st.stm32cube.ide.mpu.remote.serial 1 1 2026-05-22 14:54:04.527
!MESSAGE port: COM4

!ENTRY com.st.stm32cube.ide.mpu.remote.serial 1 1 2026-05-22 14:54:04.528
!MESSAGE port: COM8

!ENTRY com.st.stm32cube.ide.mpu.remote.serial 1 1 2026-05-22 14:54:04.529
!MESSAGE port: COM13

!ENTRY com.st.stm32cube.ide.mpu.remote.serial 1 1 2026-05-22 14:54:04.529
!MESSAGE port: COM12

!ENTRY com.st.stm32cube.ide.mpu.remote.serial 1 1 2026-05-22 14:54:04.530
!MESSAGE port: COM11

!ENTRY com.st.stm32cube.ide.mpu.remote.serial 1 1 2026-05-22 14:56:23.451
!MESSAGE Executed PowerShell command powershell.exe -Command "Get-CimInstance -ClassName Win32_SerialPort | Select-Object -ExpandProperty DeviceID":
COM7
COM6
COM15
COM16
COM14
COM4
COM8
COM13
COM12
COM11


!ENTRY com.st.stm32cube.ide.mpu.remote.serial 1 1 2026-05-22 14:56:23.451
!MESSAGE port: COM7

!ENTRY com.st.stm32cube.ide.mpu.remote.serial 1 1 2026-05-22 14:56:23.452
!MESSAGE port: COM6

!ENTRY com.st.stm32cube.ide.mpu.remote.serial 1 1 2026-05-22 14:56:23.452
!MESSAGE port: COM15

!ENTRY com.st.stm32cube.ide.mpu.remote.serial 1 1 2026-05-22 14:56:23.453
!MESSAGE port: COM16

!ENTRY com.st.stm32cube.ide.mpu.remote.serial 1 1 2026-05-22 14:56:23.454
!MESSAGE port: COM14

!ENTRY com.st.stm32cube.ide.mpu.remote.serial 1 1 2026-05-22 14:56:23.454
!MESSAGE port: COM4

!ENTRY com.st.stm32cube.ide.mpu.remote.serial 1 1 2026-05-22 14:56:23.455
!MESSAGE port: COM8

!ENTRY com.st.stm32cube.ide.mpu.remote.serial 1 1 2026-05-22 14:56:23.455
!MESSAGE port: COM13

!ENTRY com.st.stm32cube.ide.mpu.remote.serial 1 1 2026-05-22 14:56:23.456
!MESSAGE port: COM12

!ENTRY com.st.stm32cube.ide.mpu.remote.serial 1 1 2026-05-22 14:56:23.457
!MESSAGE port: COM11

!ENTRY com.st.stm32cube.ide.mpu.remote.serial 1 1 2026-05-22 14:56:51.778
!MESSAGE Executed PowerShell command powershell.exe -Command "Get-CimInstance -ClassName Win32_SerialPort | Select-Object -ExpandProperty DeviceID":
COM7
COM6
COM15
COM16
COM14
COM4
COM8
COM13
COM12
COM11


!ENTRY com.st.stm32cube.ide.mpu.remote.serial 1 1 2026-05-22 14:56:51.779
!MESSAGE port: COM7

!ENTRY com.st.stm32cube.ide.mpu.remote.serial 1 1 2026-05-22 14:56:51.780
!MESSAGE port: COM6

!ENTRY com.st.stm32cube.ide.mpu.remote.serial 1 1 2026-05-22 14:56:51.781
!MESSAGE port: COM15

!ENTRY com.st.stm32cube.ide.mpu.remote.serial 1 1 2026-05-22 14:56:51.781
!MESSAGE port: COM16

!ENTRY com.st.stm32cube.ide.mpu.remote.serial 1 1 2026-05-22 14:56:51.782
!MESSAGE port: COM14

!ENTRY com.st.stm32cube.ide.mpu.remote.serial 1 1 2026-05-22 14:56:51.783
!MESSAGE port: COM4

!ENTRY com.st.stm32cube.ide.mpu.remote.serial 1 1 2026-05-22 14:56:51.784
!MESSAGE port: COM8

!ENTRY com.st.stm32cube.ide.mpu.remote.serial 1 1 2026-05-22 14:56:51.784
!MESSAGE port: COM13

!ENTRY com.st.stm32cube.ide.mpu.remote.serial 1 1 2026-05-22 14:56:51.785
!MESSAGE port: COM12

!ENTRY com.st.stm32cube.ide.mpu.remote.serial 1 1 2026-05-22 14:56:51.786
!MESSAGE port: COM11

!ENTRY com.st.stm32cube.ide.mpu.remote.serial 1 1 2026-05-22 14:59:40.441
!MESSAGE Executed PowerShell command powershell.exe -Command "Get-CimInstance -ClassName Win32_SerialPort | Select-Object -ExpandProperty DeviceID":
COM7
COM6
COM15
COM16
COM14
COM4
COM8
COM13
COM12
COM11


!ENTRY com.st.stm32cube.ide.mpu.remote.serial 1 1 2026-05-22 14:59:40.442
!MESSAGE port: COM7

!ENTRY com.st.stm32cube.ide.mpu.remote.serial 1 1 2026-05-22 14:59:40.443
!MESSAGE port: COM6

!ENTRY com.st.stm32cube.ide.mpu.remote.serial 1 1 2026-05-22 14:59:40.444
!MESSAGE port: COM15

!ENTRY com.st.stm32cube.ide.mpu.remote.serial 1 1 2026-05-22 14:59:40.445
!MESSAGE port: COM16

!ENTRY com.st.stm32cube.ide.mpu.remote.serial 1 1 2026-05-22 14:59:40.445
!MESSAGE port: COM14

!ENTRY com.st.stm32cube.ide.mpu.remote.serial 1 1 2026-05-22 14:59:40.446
!MESSAGE port: COM4

!ENTRY com.st.stm32cube.ide.mpu.remote.serial 1 1 2026-05-22 14:59:40.447
!MESSAGE port: COM8

!ENTRY com.st.stm32cube.ide.mpu.remote.serial 1 1 2026-05-22 14:59:40.447
!MESSAGE port: COM13

!ENTRY com.st.stm32cube.ide.mpu.remote.serial 1 1 2026-05-22 14:59:40.448
!MESSAGE port: COM12

!ENTRY com.st.stm32cube.ide.mpu.remote.serial 1 1 2026-05-22 14:59:40.448
!MESSAGE port: COM11

!ENTRY com.st.stm32cube.ide.mpu.remote.serial 1 1 2026-05-22 15:00:13.385
!MESSAGE Executed PowerShell command powershell.exe -Command "Get-CimInstance -ClassName Win32_SerialPort | Select-Object -ExpandProperty DeviceID":
COM7
COM6
COM15
COM16
COM14
COM4
COM8
COM13
COM12
COM11


!ENTRY com.st.stm32cube.ide.mpu.remote.serial 1 1 2026-05-22 15:00:13.386
!MESSAGE port: COM7

!ENTRY com.st.stm32cube.ide.mpu.remote.serial 1 1 2026-05-22 15:00:13.387
!MESSAGE port: COM6

!ENTRY com.st.stm32cube.ide.mpu.remote.serial 1 1 2026-05-22 15:00:13.388
!MESSAGE port: COM15

!ENTRY com.st.stm32cube.ide.mpu.remote.serial 1 1 2026-05-22 15:00:13.389
!MESSAGE port: COM16

!ENTRY com.st.stm32cube.ide.mpu.remote.serial 1 1 2026-05-22 15:00:13.389
!MESSAGE port: COM14

!ENTRY com.st.stm32cube.ide.mpu.remote.serial 1 1 2026-05-22 15:00:13.390
!MESSAGE port: COM4

!ENTRY com.st.stm32cube.ide.mpu.remote.serial 1 1 2026-05-22 15:00:13.391
!MESSAGE port: COM8

!ENTRY com.st.stm32cube.ide.mpu.remote.serial 1 1 2026-05-22 15:00:13.392
!MESSAGE port: COM13

!ENTRY com.st.stm32cube.ide.mpu.remote.serial 1 1 2026-05-22 15:00:13.392
!MESSAGE port: COM12

!ENTRY com.st.stm32cube.ide.mpu.remote.serial 1 1 2026-05-22 15:00:13.393
!MESSAGE port: COM11

!ENTRY com.st.stm32cube.ide.mpu.remote.serial 1 1 2026-05-22 15:00:41.732
!MESSAGE Executed PowerShell command powershell.exe -Command "Get-CimInstance -ClassName Win32_SerialPort | Select-Object -ExpandProperty DeviceID":
COM7
COM6
COM15
COM16
COM14
COM4
COM8
COM13
COM12
COM11


!ENTRY com.st.stm32cube.ide.mpu.remote.serial 1 1 2026-05-22 15:00:41.733
!MESSAGE port: COM7

!ENTRY com.st.stm32cube.ide.mpu.remote.serial 1 1 2026-05-22 15:00:41.734
!MESSAGE port: COM6

!ENTRY com.st.stm32cube.ide.mpu.remote.serial 1 1 2026-05-22 15:00:41.735
!MESSAGE port: COM15

!ENTRY com.st.stm32cube.ide.mpu.remote.serial 1 1 2026-05-22 15:00:41.735
!MESSAGE port: COM16

!ENTRY com.st.stm32cube.ide.mpu.remote.serial 1 1 2026-05-22 15:00:41.736
!MESSAGE port: COM14

!ENTRY com.st.stm32cube.ide.mpu.remote.serial 1 1 2026-05-22 15:00:41.737
!MESSAGE port: COM4

!ENTRY com.st.stm32cube.ide.mpu.remote.serial 1 1 2026-05-22 15:00:41.738
!MESSAGE port: COM8

!ENTRY com.st.stm32cube.ide.mpu.remote.serial 1 1 2026-05-22 15:00:41.738
!MESSAGE port: COM13

!ENTRY com.st.stm32cube.ide.mpu.remote.serial 1 1 2026-05-22 15:00:41.739
!MESSAGE port: COM12

!ENTRY com.st.stm32cube.ide.mpu.remote.serial 1 1 2026-05-22 15:00:41.740
!MESSAGE port: COM11

!ENTRY org.eclipse.cdt.core 1 0 2026-05-22 15:01:06.038
!MESSAGE Indexed 'Prueba_tx_rak' (54 sources, 182 headers) in 5,14 sec: 19.870 declarations; 85.988 references; 1 unresolved inclusions; 76 syntax errors; 240 unresolved names (0,23 %)

!ENTRY com.st.stm32cube.ide.mpu.remote.serial 1 1 2026-05-22 15:04:19.426
!MESSAGE Executed PowerShell command powershell.exe -Command "Get-CimInstance -ClassName Win32_SerialPort | Select-Object -ExpandProperty DeviceID":
COM7
COM6
COM15
COM16
COM14
COM4
COM8
COM13
COM12
COM11


!ENTRY com.st.stm32cube.ide.mpu.remote.serial 1 1 2026-05-22 15:04:19.426
!MESSAGE port: COM7

!ENTRY com.st.stm32cube.ide.mpu.remote.serial 1 1 2026-05-22 15:04:19.429
!MESSAGE port: COM6

!ENTRY com.st.stm32cube.ide.mpu.remote.serial 1 1 2026-05-22 15:04:19.430
!MESSAGE port: COM15

!ENTRY com.st.stm32cube.ide.mpu.remote.serial 1 1 2026-05-22 15:04:19.432
!MESSAGE port: COM16

!ENTRY com.st.stm32cube.ide.mpu.remote.serial 1 1 2026-05-22 15:04:19.432
!MESSAGE port: COM14

!ENTRY com.st.stm32cube.ide.mpu.remote.serial 1 1 2026-05-22 15:04:19.434
!MESSAGE port: COM4

!ENTRY com.st.stm32cube.ide.mpu.remote.serial 1 1 2026-05-22 15:04:19.434
!MESSAGE port: COM8

!ENTRY com.st.stm32cube.ide.mpu.remote.serial 1 1 2026-05-22 15:04:19.436
!MESSAGE port: COM13

!ENTRY com.st.stm32cube.ide.mpu.remote.serial 1 1 2026-05-22 15:04:19.436
!MESSAGE port: COM12

!ENTRY com.st.stm32cube.ide.mpu.remote.serial 1 1 2026-05-22 15:04:19.438
!MESSAGE port: COM11

!ENTRY com.st.stm32cube.ide.mpu.remote.serial 1 1 2026-05-22 15:15:50.472
!MESSAGE Executed PowerShell command powershell.exe -Command "Get-CimInstance -ClassName Win32_SerialPort | Select-Object -ExpandProperty DeviceID":
COM7
COM6
COM15
COM16
COM14
COM4
COM8
COM13
COM12
COM11


!ENTRY com.st.stm32cube.ide.mpu.remote.serial 1 1 2026-05-22 15:15:50.472
!MESSAGE port: COM7

!ENTRY com.st.stm32cube.ide.mpu.remote.serial 1 1 2026-05-22 15:15:50.472
!MESSAGE port: COM6

!ENTRY com.st.stm32cube.ide.mpu.remote.serial 1 1 2026-05-22 15:15:50.472
!MESSAGE port: COM15

!ENTRY com.st.stm32cube.ide.mpu.remote.serial 1 1 2026-05-22 15:15:50.472
!MESSAGE port: COM16

!ENTRY com.st.stm32cube.ide.mpu.remote.serial 1 1 2026-05-22 15:15:50.472
!MESSAGE port: COM14

!ENTRY com.st.stm32cube.ide.mpu.remote.serial 1 1 2026-05-22 15:15:50.482
!MESSAGE port: COM4

!ENTRY com.st.stm32cube.ide.mpu.remote.serial 1 1 2026-05-22 15:15:50.482
!MESSAGE port: COM8

!ENTRY com.st.stm32cube.ide.mpu.remote.serial 1 1 2026-05-22 15:15:50.482
!MESSAGE port: COM13

!ENTRY com.st.stm32cube.ide.mpu.remote.serial 1 1 2026-05-22 15:15:50.482
!MESSAGE port: COM12

!ENTRY com.st.stm32cube.ide.mpu.remote.serial 1 1 2026-05-22 15:15:50.485
!MESSAGE port: COM11

!ENTRY com.st.stm32cube.ide.mpu.remote.serial 1 1 2026-05-22 15:16:18.626
!MESSAGE Executed PowerShell command powershell.exe -Command "Get-CimInstance -ClassName Win32_SerialPort | Select-Object -ExpandProperty DeviceID":
COM7
COM6
COM15
COM16
COM14
COM4
COM8
COM13
COM12
COM11


!ENTRY com.st.stm32cube.ide.mpu.remote.serial 1 1 2026-05-22 15:16:18.632
!MESSAGE port: COM7

!ENTRY com.st.stm32cube.ide.mpu.remote.serial 1 1 2026-05-22 15:16:18.632
!MESSAGE port: COM6

!ENTRY com.st.stm32cube.ide.mpu.remote.serial 1 1 2026-05-22 15:16:18.632
!MESSAGE port: COM15

!ENTRY com.st.stm32cube.ide.mpu.remote.serial 1 1 2026-05-22 15:16:18.632
!MESSAGE port: COM16

!ENTRY com.st.stm32cube.ide.mpu.remote.serial 1 1 2026-05-22 15:16:18.632
!MESSAGE port: COM14

!ENTRY com.st.stm32cube.ide.mpu.remote.serial 1 1 2026-05-22 15:16:18.632
!MESSAGE port: COM4

!ENTRY com.st.stm32cube.ide.mpu.remote.serial 1 1 2026-05-22 15:16:18.632
!MESSAGE port: COM8

!ENTRY com.st.stm32cube.ide.mpu.remote.serial 1 1 2026-05-22 15:16:18.632
!MESSAGE port: COM13

!ENTRY com.st.stm32cube.ide.mpu.remote.serial 1 1 2026-05-22 15:16:18.632
!MESSAGE port: COM12

!ENTRY com.st.stm32cube.ide.mpu.remote.serial 1 1 2026-05-22 15:16:18.632
!MESSAGE port: COM11

!ENTRY com.st.stm32cube.ide.mpu.remote.serial 1 1 2026-05-22 15:18:36.902
!MESSAGE Executed PowerShell command powershell.exe -Command "Get-CimInstance -ClassName Win32_SerialPort | Select-Object -ExpandProperty DeviceID":
COM7
COM6
COM15
COM16
COM14
COM4
COM8
COM13
COM12
COM11


!ENTRY com.st.stm32cube.ide.mpu.remote.serial 1 1 2026-05-22 15:18:36.903
!MESSAGE port: COM7

!ENTRY com.st.stm32cube.ide.mpu.remote.serial 1 1 2026-05-22 15:18:36.904
!MESSAGE port: COM6

!ENTRY com.st.stm32cube.ide.mpu.remote.serial 1 1 2026-05-22 15:18:36.904
!MESSAGE port: COM15

!ENTRY com.st.stm32cube.ide.mpu.remote.serial 1 1 2026-05-22 15:18:36.905
!MESSAGE port: COM16

!ENTRY com.st.stm32cube.ide.mpu.remote.serial 1 1 2026-05-22 15:18:36.906
!MESSAGE port: COM14

!ENTRY com.st.stm32cube.ide.mpu.remote.serial 1 1 2026-05-22 15:18:36.906
!MESSAGE port: COM4

!ENTRY com.st.stm32cube.ide.mpu.remote.serial 1 1 2026-05-22 15:18:36.907
!MESSAGE port: COM8

!ENTRY com.st.stm32cube.ide.mpu.remote.serial 1 1 2026-05-22 15:18:36.908
!MESSAGE port: COM13

!ENTRY com.st.stm32cube.ide.mpu.remote.serial 1 1 2026-05-22 15:18:36.908
!MESSAGE port: COM12

!ENTRY com.st.stm32cube.ide.mpu.remote.serial 1 1 2026-05-22 15:18:36.909
!MESSAGE port: COM11

!ENTRY com.st.stm32cube.ide.mpu.remote.serial 1 1 2026-05-22 15:19:05.551
!MESSAGE Executed PowerShell command powershell.exe -Command "Get-CimInstance -ClassName Win32_SerialPort | Select-Object -ExpandProperty DeviceID":
COM7
COM6
COM15
COM16
COM14
COM4
COM8
COM13
COM12
COM11


!ENTRY com.st.stm32cube.ide.mpu.remote.serial 1 1 2026-05-22 15:19:05.551
!MESSAGE port: COM7

!ENTRY com.st.stm32cube.ide.mpu.remote.serial 1 1 2026-05-22 15:19:05.552
!MESSAGE port: COM6

!ENTRY com.st.stm32cube.ide.mpu.remote.serial 1 1 2026-05-22 15:19:05.553
!MESSAGE port: COM15

!ENTRY com.st.stm32cube.ide.mpu.remote.serial 1 1 2026-05-22 15:19:05.553
!MESSAGE port: COM16

!ENTRY com.st.stm32cube.ide.mpu.remote.serial 1 1 2026-05-22 15:19:05.554
!MESSAGE port: COM14

!ENTRY com.st.stm32cube.ide.mpu.remote.serial 1 1 2026-05-22 15:19:05.555
!MESSAGE port: COM4

!ENTRY com.st.stm32cube.ide.mpu.remote.serial 1 1 2026-05-22 15:19:05.555
!MESSAGE port: COM8

!ENTRY com.st.stm32cube.ide.mpu.remote.serial 1 1 2026-05-22 15:19:05.556
!MESSAGE port: COM13

!ENTRY com.st.stm32cube.ide.mpu.remote.serial 1 1 2026-05-22 15:19:05.557
!MESSAGE port: COM12

!ENTRY com.st.stm32cube.ide.mpu.remote.serial 1 1 2026-05-22 15:19:05.557
!MESSAGE port: COM11

!ENTRY com.st.stm32cube.ide.mpu.remote.serial 1 1 2026-05-22 15:20:01.199
!MESSAGE Executed PowerShell command powershell.exe -Command "Get-CimInstance -ClassName Win32_SerialPort | Select-Object -ExpandProperty DeviceID":
COM7
COM6
COM15
COM16
COM14
COM4
COM8
COM13
COM12
COM11


!ENTRY com.st.stm32cube.ide.mpu.remote.serial 1 1 2026-05-22 15:20:01.200
!MESSAGE port: COM7

!ENTRY com.st.stm32cube.ide.mpu.remote.serial 1 1 2026-05-22 15:20:01.200
!MESSAGE port: COM6

!ENTRY com.st.stm32cube.ide.mpu.remote.serial 1 1 2026-05-22 15:20:01.201
!MESSAGE port: COM15

!ENTRY com.st.stm32cube.ide.mpu.remote.serial 1 1 2026-05-22 15:20:01.202
!MESSAGE port: COM16

!ENTRY com.st.stm32cube.ide.mpu.remote.serial 1 1 2026-05-22 15:20:01.202
!MESSAGE port: COM14

!ENTRY com.st.stm32cube.ide.mpu.remote.serial 1 1 2026-05-22 15:20:01.203
!MESSAGE port: COM4

!ENTRY com.st.stm32cube.ide.mpu.remote.serial 1 1 2026-05-22 15:20:01.203
!MESSAGE port: COM8

!ENTRY com.st.stm32cube.ide.mpu.remote.serial 1 1 2026-05-22 15:20:01.204
!MESSAGE port: COM13

!ENTRY com.st.stm32cube.ide.mpu.remote.serial 1 1 2026-05-22 15:20:01.205
!MESSAGE port: COM12

!ENTRY com.st.stm32cube.ide.mpu.remote.serial 1 1 2026-05-22 15:20:01.205
!MESSAGE port: COM11

!ENTRY com.st.stm32cube.ide.mpu.remote.serial 1 1 2026-05-22 15:20:29.714
!MESSAGE Executed PowerShell command powershell.exe -Command "Get-CimInstance -ClassName Win32_SerialPort | Select-Object -ExpandProperty DeviceID":
COM7
COM6
COM15
COM16
COM14
COM4
COM8
COM13
COM12
COM11


!ENTRY com.st.stm32cube.ide.mpu.remote.serial 1 1 2026-05-22 15:20:29.715
!MESSAGE port: COM7

!ENTRY com.st.stm32cube.ide.mpu.remote.serial 1 1 2026-05-22 15:20:29.716
!MESSAGE port: COM6

!ENTRY com.st.stm32cube.ide.mpu.remote.serial 1 1 2026-05-22 15:20:29.716
!MESSAGE port: COM15

!ENTRY com.st.stm32cube.ide.mpu.remote.serial 1 1 2026-05-22 15:20:29.717
!MESSAGE port: COM16

!ENTRY com.st.stm32cube.ide.mpu.remote.serial 1 1 2026-05-22 15:20:29.718
!MESSAGE port: COM14

!ENTRY com.st.stm32cube.ide.mpu.remote.serial 1 1 2026-05-22 15:20:29.718
!MESSAGE port: COM4

!ENTRY com.st.stm32cube.ide.mpu.remote.serial 1 1 2026-05-22 15:20:29.719
!MESSAGE port: COM8

!ENTRY com.st.stm32cube.ide.mpu.remote.serial 1 1 2026-05-22 15:20:29.719
!MESSAGE port: COM13

!ENTRY com.st.stm32cube.ide.mpu.remote.serial 1 1 2026-05-22 15:20:29.720
!MESSAGE port: COM12

!ENTRY com.st.stm32cube.ide.mpu.remote.serial 1 1 2026-05-22 15:20:29.721
!MESSAGE port: COM11

!ENTRY com.st.stm32cube.ide.mpu.remote.serial 1 1 2026-05-22 15:20:58.031
!MESSAGE Executed PowerShell command powershell.exe -Command "Get-CimInstance -ClassName Win32_SerialPort | Select-Object -ExpandProperty DeviceID":
COM7
COM6
COM15
COM16
COM14
COM4
COM8
COM13
COM12
COM11


!ENTRY com.st.stm32cube.ide.mpu.remote.serial 1 1 2026-05-22 15:20:58.031
!MESSAGE port: COM7

!ENTRY com.st.stm32cube.ide.mpu.remote.serial 1 1 2026-05-22 15:20:58.032
!MESSAGE port: COM6

!ENTRY com.st.stm32cube.ide.mpu.remote.serial 1 1 2026-05-22 15:20:58.033
!MESSAGE port: COM15

!ENTRY com.st.stm32cube.ide.mpu.remote.serial 1 1 2026-05-22 15:20:58.034
!MESSAGE port: COM16

!ENTRY com.st.stm32cube.ide.mpu.remote.serial 1 1 2026-05-22 15:20:58.035
!MESSAGE port: COM14

!ENTRY com.st.stm32cube.ide.mpu.remote.serial 1 1 2026-05-22 15:20:58.036
!MESSAGE port: COM4

!ENTRY com.st.stm32cube.ide.mpu.remote.serial 1 1 2026-05-22 15:20:58.037
!MESSAGE port: COM8

!ENTRY com.st.stm32cube.ide.mpu.remote.serial 1 1 2026-05-22 15:20:58.037
!MESSAGE port: COM13

!ENTRY com.st.stm32cube.ide.mpu.remote.serial 1 1 2026-05-22 15:20:58.038
!MESSAGE port: COM12

!ENTRY com.st.stm32cube.ide.mpu.remote.serial 1 1 2026-05-22 15:20:58.039
!MESSAGE port: COM11

!ENTRY com.st.stm32cube.ide.mpu.remote.serial 1 1 2026-05-22 15:21:26.384
!MESSAGE Executed PowerShell command powershell.exe -Command "Get-CimInstance -ClassName Win32_SerialPort | Select-Object -ExpandProperty DeviceID":
COM7
COM6
COM15
COM16
COM14
COM4
COM8
COM13
COM12
COM11


!ENTRY com.st.stm32cube.ide.mpu.remote.serial 1 1 2026-05-22 15:21:26.385
!MESSAGE port: COM7

!ENTRY com.st.stm32cube.ide.mpu.remote.serial 1 1 2026-05-22 15:21:26.386
!MESSAGE port: COM6

!ENTRY com.st.stm32cube.ide.mpu.remote.serial 1 1 2026-05-22 15:21:26.386
!MESSAGE port: COM15

!ENTRY com.st.stm32cube.ide.mpu.remote.serial 1 1 2026-05-22 15:21:26.387
!MESSAGE port: COM16

!ENTRY com.st.stm32cube.ide.mpu.remote.serial 1 1 2026-05-22 15:21:26.388
!MESSAGE port: COM14

!ENTRY com.st.stm32cube.ide.mpu.remote.serial 1 1 2026-05-22 15:21:26.388
!MESSAGE port: COM4

!ENTRY com.st.stm32cube.ide.mpu.remote.serial 1 1 2026-05-22 15:21:26.389
!MESSAGE port: COM8

!ENTRY com.st.stm32cube.ide.mpu.remote.serial 1 1 2026-05-22 15:21:26.390
!MESSAGE port: COM13

!ENTRY com.st.stm32cube.ide.mpu.remote.serial 1 1 2026-05-22 15:21:26.390
!MESSAGE port: COM12

!ENTRY com.st.stm32cube.ide.mpu.remote.serial 1 1 2026-05-22 15:21:26.392
!MESSAGE port: COM11

!ENTRY com.st.stm32cube.ide.mpu.remote.serial 1 1 2026-05-22 15:25:10.998
!MESSAGE Executed PowerShell command powershell.exe -Command "Get-CimInstance -ClassName Win32_SerialPort | Select-Object -ExpandProperty DeviceID":
COM7
COM6
COM15
COM16
COM14
COM4
COM8
COM13
COM12
COM11


!ENTRY com.st.stm32cube.ide.mpu.remote.serial 1 1 2026-05-22 15:25:10.998
!MESSAGE port: COM7

!ENTRY com.st.stm32cube.ide.mpu.remote.serial 1 1 2026-05-22 15:25:10.998
!MESSAGE port: COM6

!ENTRY com.st.stm32cube.ide.mpu.remote.serial 1 1 2026-05-22 15:25:10.998
!MESSAGE port: COM15

!ENTRY com.st.stm32cube.ide.mpu.remote.serial 1 1 2026-05-22 15:25:10.998
!MESSAGE port: COM16

!ENTRY com.st.stm32cube.ide.mpu.remote.serial 1 1 2026-05-22 15:25:11.005
!MESSAGE port: COM14

!ENTRY com.st.stm32cube.ide.mpu.remote.serial 1 1 2026-05-22 15:25:11.005
!MESSAGE port: COM4

!ENTRY com.st.stm32cube.ide.mpu.remote.serial 1 1 2026-05-22 15:25:11.005
!MESSAGE port: COM8

!ENTRY com.st.stm32cube.ide.mpu.remote.serial 1 1 2026-05-22 15:25:11.007
!MESSAGE port: COM13

!ENTRY com.st.stm32cube.ide.mpu.remote.serial 1 1 2026-05-22 15:25:11.007
!MESSAGE port: COM12

!ENTRY com.st.stm32cube.ide.mpu.remote.serial 1 1 2026-05-22 15:25:11.007
!MESSAGE port: COM11

!ENTRY com.st.stm32cube.ide.mpu.remote.serial 1 1 2026-05-22 15:25:40.047
!MESSAGE Executed PowerShell command powershell.exe -Command "Get-CimInstance -ClassName Win32_SerialPort | Select-Object -ExpandProperty DeviceID":
COM7
COM6
COM15
COM16
COM14
COM4
COM8
COM13
COM12
COM11


!ENTRY com.st.stm32cube.ide.mpu.remote.serial 1 1 2026-05-22 15:25:40.048
!MESSAGE port: COM7

!ENTRY com.st.stm32cube.ide.mpu.remote.serial 1 1 2026-05-22 15:25:40.049
!MESSAGE port: COM6

!ENTRY com.st.stm32cube.ide.mpu.remote.serial 1 1 2026-05-22 15:25:40.049
!MESSAGE port: COM15

!ENTRY com.st.stm32cube.ide.mpu.remote.serial 1 1 2026-05-22 15:25:40.050
!MESSAGE port: COM16

!ENTRY com.st.stm32cube.ide.mpu.remote.serial 1 1 2026-05-22 15:25:40.051
!MESSAGE port: COM14

!ENTRY com.st.stm32cube.ide.mpu.remote.serial 1 1 2026-05-22 15:25:40.052
!MESSAGE port: COM4

!ENTRY com.st.stm32cube.ide.mpu.remote.serial 1 1 2026-05-22 15:25:40.053
!MESSAGE port: COM8

!ENTRY com.st.stm32cube.ide.mpu.remote.serial 1 1 2026-05-22 15:25:40.054
!MESSAGE port: COM13

!ENTRY com.st.stm32cube.ide.mpu.remote.serial 1 1 2026-05-22 15:25:40.054
!MESSAGE port: COM12

!ENTRY com.st.stm32cube.ide.mpu.remote.serial 1 1 2026-05-22 15:25:40.055
!MESSAGE port: COM11

!ENTRY com.st.stm32cube.ide.mpu.remote.serial 1 1 2026-05-22 15:29:15.636
!MESSAGE Executed PowerShell command powershell.exe -Command "Get-CimInstance -ClassName Win32_SerialPort | Select-Object -ExpandProperty DeviceID":
COM7
COM6
COM15
COM16
COM14
COM4
COM8
COM13
COM12
COM11


!ENTRY com.st.stm32cube.ide.mpu.remote.serial 1 1 2026-05-22 15:29:15.637
!MESSAGE port: COM7

!ENTRY com.st.stm32cube.ide.mpu.remote.serial 1 1 2026-05-22 15:29:15.637
!MESSAGE port: COM6

!ENTRY com.st.stm32cube.ide.mpu.remote.serial 1 1 2026-05-22 15:29:15.638
!MESSAGE port: COM15

!ENTRY com.st.stm32cube.ide.mpu.remote.serial 1 1 2026-05-22 15:29:15.638
!MESSAGE port: COM16

!ENTRY com.st.stm32cube.ide.mpu.remote.serial 1 1 2026-05-22 15:29:15.639
!MESSAGE port: COM14

!ENTRY com.st.stm32cube.ide.mpu.remote.serial 1 1 2026-05-22 15:29:15.640
!MESSAGE port: COM4

!ENTRY com.st.stm32cube.ide.mpu.remote.serial 1 1 2026-05-22 15:29:15.640
!MESSAGE port: COM8

!ENTRY com.st.stm32cube.ide.mpu.remote.serial 1 1 2026-05-22 15:29:15.641
!MESSAGE port: COM13

!ENTRY com.st.stm32cube.ide.mpu.remote.serial 1 1 2026-05-22 15:29:15.641
!MESSAGE port: COM12

!ENTRY com.st.stm32cube.ide.mpu.remote.serial 1 1 2026-05-22 15:29:15.642
!MESSAGE port: COM11

!ENTRY com.st.stm32cube.ide.mpu.remote.serial 1 1 2026-05-22 15:29:43.894
!MESSAGE Executed PowerShell command powershell.exe -Command "Get-CimInstance -ClassName Win32_SerialPort | Select-Object -ExpandProperty DeviceID":
COM7
COM6
COM15
COM16
COM14
COM4
COM8
COM13
COM12
COM11


!ENTRY com.st.stm32cube.ide.mpu.remote.serial 1 1 2026-05-22 15:29:43.895
!MESSAGE port: COM7

!ENTRY com.st.stm32cube.ide.mpu.remote.serial 1 1 2026-05-22 15:29:43.896
!MESSAGE port: COM6

!ENTRY com.st.stm32cube.ide.mpu.remote.serial 1 1 2026-05-22 15:29:43.897
!MESSAGE port: COM15

!ENTRY com.st.stm32cube.ide.mpu.remote.serial 1 1 2026-05-22 15:29:43.898
!MESSAGE port: COM16

!ENTRY com.st.stm32cube.ide.mpu.remote.serial 1 1 2026-05-22 15:29:43.899
!MESSAGE port: COM14

!ENTRY com.st.stm32cube.ide.mpu.remote.serial 1 1 2026-05-22 15:29:43.899
!MESSAGE port: COM4

!ENTRY com.st.stm32cube.ide.mpu.remote.serial 1 1 2026-05-22 15:29:43.900
!MESSAGE port: COM8

!ENTRY com.st.stm32cube.ide.mpu.remote.serial 1 1 2026-05-22 15:29:43.901
!MESSAGE port: COM13

!ENTRY com.st.stm32cube.ide.mpu.remote.serial 1 1 2026-05-22 15:29:43.902
!MESSAGE port: COM12

!ENTRY com.st.stm32cube.ide.mpu.remote.serial 1 1 2026-05-22 15:29:43.902
!MESSAGE port: COM11

!ENTRY org.eclipse.cdt.core 1 0 2026-05-22 15:38:43.011
!MESSAGE Indexed 'Prueba_rx_rak' (52 sources, 173 headers) in 4,42 sec: 17.760 declarations; 70.406 references; 3 unresolved inclusions; 33 syntax errors; 171 unresolved names (0,19 %)

!ENTRY com.st.stm32cube.ide.mpu.remote.serial 1 1 2026-05-22 15:43:12.564
!MESSAGE Executed PowerShell command powershell.exe -Command "Get-CimInstance -ClassName Win32_SerialPort | Select-Object -ExpandProperty DeviceID":
COM7
COM6
COM15
COM16
COM14
COM4
COM8
COM13
COM12
COM11


!ENTRY com.st.stm32cube.ide.mpu.remote.serial 1 1 2026-05-22 15:43:12.566
!MESSAGE port: COM7

!ENTRY com.st.stm32cube.ide.mpu.remote.serial 1 1 2026-05-22 15:43:12.566
!MESSAGE port: COM6

!ENTRY com.st.stm32cube.ide.mpu.remote.serial 1 1 2026-05-22 15:43:12.567
!MESSAGE port: COM15

!ENTRY com.st.stm32cube.ide.mpu.remote.serial 1 1 2026-05-22 15:43:12.568
!MESSAGE port: COM16

!ENTRY com.st.stm32cube.ide.mpu.remote.serial 1 1 2026-05-22 15:43:12.569
!MESSAGE port: COM14

!ENTRY com.st.stm32cube.ide.mpu.remote.serial 1 1 2026-05-22 15:43:12.569
!MESSAGE port: COM4

!ENTRY com.st.stm32cube.ide.mpu.remote.serial 1 1 2026-05-22 15:43:12.570
!MESSAGE port: COM8

!ENTRY com.st.stm32cube.ide.mpu.remote.serial 1 1 2026-05-22 15:43:12.571
!MESSAGE port: COM13

!ENTRY com.st.stm32cube.ide.mpu.remote.serial 1 1 2026-05-22 15:43:12.571
!MESSAGE port: COM12

!ENTRY com.st.stm32cube.ide.mpu.remote.serial 1 1 2026-05-22 15:43:12.572
!MESSAGE port: COM11

!ENTRY com.st.stm32cube.ide.mpu.remote.serial 1 1 2026-05-22 15:43:40.741
!MESSAGE Executed PowerShell command powershell.exe -Command "Get-CimInstance -ClassName Win32_SerialPort | Select-Object -ExpandProperty DeviceID":
COM7
COM6
COM15
COM16
COM14
COM4
COM8
COM13
COM12
COM11


!ENTRY com.st.stm32cube.ide.mpu.remote.serial 1 1 2026-05-22 15:43:40.742
!MESSAGE port: COM7

!ENTRY com.st.stm32cube.ide.mpu.remote.serial 1 1 2026-05-22 15:43:40.743
!MESSAGE port: COM6

!ENTRY com.st.stm32cube.ide.mpu.remote.serial 1 1 2026-05-22 15:43:40.744
!MESSAGE port: COM15

!ENTRY com.st.stm32cube.ide.mpu.remote.serial 1 1 2026-05-22 15:43:40.744
!MESSAGE port: COM16

!ENTRY com.st.stm32cube.ide.mpu.remote.serial 1 1 2026-05-22 15:43:40.745
!MESSAGE port: COM14

!ENTRY com.st.stm32cube.ide.mpu.remote.serial 1 1 2026-05-22 15:43:40.746
!MESSAGE port: COM4

!ENTRY com.st.stm32cube.ide.mpu.remote.serial 1 1 2026-05-22 15:43:40.746
!MESSAGE port: COM8

!ENTRY com.st.stm32cube.ide.mpu.remote.serial 1 1 2026-05-22 15:43:40.747
!MESSAGE port: COM13

!ENTRY com.st.stm32cube.ide.mpu.remote.serial 1 1 2026-05-22 15:43:40.747
!MESSAGE port: COM12

!ENTRY com.st.stm32cube.ide.mpu.remote.serial 1 1 2026-05-22 15:43:40.748
!MESSAGE port: COM11

!ENTRY org.eclipse.cdt.core 1 0 2026-05-22 15:46:16.191
!MESSAGE Indexed 'Prueba_tx_rak' (54 sources, 182 headers) in 4,01 sec: 19.870 declarations; 85.988 references; 1 unresolved inclusions; 76 syntax errors; 240 unresolved names (0,23 %)

!ENTRY com.st.stm32cube.ide.mpu.remote.serial 1 1 2026-05-22 15:49:19.737
!MESSAGE Executed PowerShell command powershell.exe -Command "Get-CimInstance -ClassName Win32_SerialPort | Select-Object -ExpandProperty DeviceID":
COM7
COM6
COM15
COM16
COM14
COM4
COM8
COM13
COM12
COM11


!ENTRY com.st.stm32cube.ide.mpu.remote.serial 1 1 2026-05-22 15:49:19.739
!MESSAGE port: COM7

!ENTRY com.st.stm32cube.ide.mpu.remote.serial 1 1 2026-05-22 15:49:19.740
!MESSAGE port: COM6

!ENTRY com.st.stm32cube.ide.mpu.remote.serial 1 1 2026-05-22 15:49:19.740
!MESSAGE port: COM15

!ENTRY com.st.stm32cube.ide.mpu.remote.serial 1 1 2026-05-22 15:49:19.741
!MESSAGE port: COM16

!ENTRY com.st.stm32cube.ide.mpu.remote.serial 1 1 2026-05-22 15:49:19.742
!MESSAGE port: COM14

!ENTRY com.st.stm32cube.ide.mpu.remote.serial 1 1 2026-05-22 15:49:19.743
!MESSAGE port: COM4

!ENTRY com.st.stm32cube.ide.mpu.remote.serial 1 1 2026-05-22 15:49:19.744
!MESSAGE port: COM8

!ENTRY com.st.stm32cube.ide.mpu.remote.serial 1 1 2026-05-22 15:49:19.744
!MESSAGE port: COM13

!ENTRY com.st.stm32cube.ide.mpu.remote.serial 1 1 2026-05-22 15:49:19.745
!MESSAGE port: COM12

!ENTRY com.st.stm32cube.ide.mpu.remote.serial 1 1 2026-05-22 15:49:19.746
!MESSAGE port: COM11

!ENTRY com.st.stm32cube.ide.mpu.remote.serial 1 1 2026-05-22 15:49:48.001
!MESSAGE Executed PowerShell command powershell.exe -Command "Get-CimInstance -ClassName Win32_SerialPort | Select-Object -ExpandProperty DeviceID":
COM7
COM6
COM15
COM16
COM14
COM4
COM8
COM13
COM12
COM11


!ENTRY com.st.stm32cube.ide.mpu.remote.serial 1 1 2026-05-22 15:49:48.001
!MESSAGE port: COM7

!ENTRY com.st.stm32cube.ide.mpu.remote.serial 1 1 2026-05-22 15:49:48.002
!MESSAGE port: COM6

!ENTRY com.st.stm32cube.ide.mpu.remote.serial 1 1 2026-05-22 15:49:48.003
!MESSAGE port: COM15

!ENTRY com.st.stm32cube.ide.mpu.remote.serial 1 1 2026-05-22 15:49:48.003
!MESSAGE port: COM16

!ENTRY com.st.stm32cube.ide.mpu.remote.serial 1 1 2026-05-22 15:49:48.004
!MESSAGE port: COM14

!ENTRY com.st.stm32cube.ide.mpu.remote.serial 1 1 2026-05-22 15:49:48.005
!MESSAGE port: COM4

!ENTRY com.st.stm32cube.ide.mpu.remote.serial 1 1 2026-05-22 15:49:48.005
!MESSAGE port: COM8

!ENTRY com.st.stm32cube.ide.mpu.remote.serial 1 1 2026-05-22 15:49:48.006
!MESSAGE port: COM13

!ENTRY com.st.stm32cube.ide.mpu.remote.serial 1 1 2026-05-22 15:49:48.007
!MESSAGE port: COM12

!ENTRY com.st.stm32cube.ide.mpu.remote.serial 1 1 2026-05-22 15:49:48.007
!MESSAGE port: COM11

!ENTRY com.st.stm32cube.ide.mpu.remote.serial 1 1 2026-05-22 17:06:17.296
!MESSAGE Executed PowerShell command powershell.exe -Command "Get-CimInstance -ClassName Win32_SerialPort | Select-Object -ExpandProperty DeviceID":
COM7
COM6
COM15
COM16
COM14
COM4
COM8
COM13
COM12
COM11


!ENTRY com.st.stm32cube.ide.mpu.remote.serial 1 1 2026-05-22 17:06:17.297
!MESSAGE port: COM7

!ENTRY com.st.stm32cube.ide.mpu.remote.serial 1 1 2026-05-22 17:06:17.298
!MESSAGE port: COM6

!ENTRY com.st.stm32cube.ide.mpu.remote.serial 1 1 2026-05-22 17:06:17.299
!MESSAGE port: COM15

!ENTRY com.st.stm32cube.ide.mpu.remote.serial 1 1 2026-05-22 17:06:17.300
!MESSAGE port: COM16

!ENTRY com.st.stm32cube.ide.mpu.remote.serial 1 1 2026-05-22 17:06:17.300
!MESSAGE port: COM14

!ENTRY com.st.stm32cube.ide.mpu.remote.serial 1 1 2026-05-22 17:06:17.301
!MESSAGE port: COM4

!ENTRY com.st.stm32cube.ide.mpu.remote.serial 1 1 2026-05-22 17:06:17.302
!MESSAGE port: COM8

!ENTRY com.st.stm32cube.ide.mpu.remote.serial 1 1 2026-05-22 17:06:17.303
!MESSAGE port: COM13

!ENTRY com.st.stm32cube.ide.mpu.remote.serial 1 1 2026-05-22 17:06:17.304
!MESSAGE port: COM12

!ENTRY com.st.stm32cube.ide.mpu.remote.serial 1 1 2026-05-22 17:06:17.304
!MESSAGE port: COM11

!ENTRY org.eclipse.cdt.core 1 0 2026-05-22 17:09:26.717
!MESSAGE Indexed 'Prueba_tx_rak' (54 sources, 182 headers) in 4,96 sec: 19.870 declarations; 85.988 references; 1 unresolved inclusions; 76 syntax errors; 240 unresolved names (0,23 %)

!ENTRY org.eclipse.cdt.core 1 0 2026-05-22 17:09:37.042
!MESSAGE Indexed 'Prueba_rx_rak' (52 sources, 173 headers) in 4,67 sec: 17.760 declarations; 70.406 references; 3 unresolved inclusions; 33 syntax errors; 171 unresolved names (0,19 %)

!ENTRY com.st.stm32cube.ide.mpu.remote.serial 1 1 2026-05-22 17:10:09.040
!MESSAGE Executed PowerShell command powershell.exe -Command "Get-CimInstance -ClassName Win32_SerialPort | Select-Object -ExpandProperty DeviceID":
COM7
COM6
COM15
COM16
COM14
COM4
COM8
COM13
COM12
COM11


!ENTRY com.st.stm32cube.ide.mpu.remote.serial 1 1 2026-05-22 17:10:09.042
!MESSAGE port: COM7

!ENTRY com.st.stm32cube.ide.mpu.remote.serial 1 1 2026-05-22 17:10:09.044
!MESSAGE port: COM6

!ENTRY com.st.stm32cube.ide.mpu.remote.serial 1 1 2026-05-22 17:10:09.045
!MESSAGE port: COM15

!ENTRY com.st.stm32cube.ide.mpu.remote.serial 1 1 2026-05-22 17:10:09.046
!MESSAGE port: COM16

!ENTRY com.st.stm32cube.ide.mpu.remote.serial 1 1 2026-05-22 17:10:09.048
!MESSAGE port: COM14

!ENTRY com.st.stm32cube.ide.mpu.remote.serial 1 1 2026-05-22 17:10:09.049
!MESSAGE port: COM4

!ENTRY com.st.stm32cube.ide.mpu.remote.serial 1 1 2026-05-22 17:10:09.051
!MESSAGE port: COM8

!ENTRY com.st.stm32cube.ide.mpu.remote.serial 1 1 2026-05-22 17:10:09.052
!MESSAGE port: COM13

!ENTRY com.st.stm32cube.ide.mpu.remote.serial 1 1 2026-05-22 17:10:09.053
!MESSAGE port: COM12

!ENTRY com.st.stm32cube.ide.mpu.remote.serial 1 1 2026-05-22 17:10:09.054
!MESSAGE port: COM11

!ENTRY com.st.stm32cube.ide.mpu.remote.serial 1 1 2026-05-22 17:11:14.437
!MESSAGE Executed PowerShell command powershell.exe -Command "Get-CimInstance -ClassName Win32_SerialPort | Select-Object -ExpandProperty DeviceID":
COM7
COM6
COM15
COM16
COM14
COM4
COM8
COM13
COM12
COM11


!ENTRY com.st.stm32cube.ide.mpu.remote.serial 1 1 2026-05-22 17:11:14.438
!MESSAGE port: COM7

!ENTRY com.st.stm32cube.ide.mpu.remote.serial 1 1 2026-05-22 17:11:14.438
!MESSAGE port: COM6

!ENTRY com.st.stm32cube.ide.mpu.remote.serial 1 1 2026-05-22 17:11:14.439
!MESSAGE port: COM15

!ENTRY com.st.stm32cube.ide.mpu.remote.serial 1 1 2026-05-22 17:11:14.440
!MESSAGE port: COM16

!ENTRY com.st.stm32cube.ide.mpu.remote.serial 1 1 2026-05-22 17:11:14.441
!MESSAGE port: COM14

!ENTRY com.st.stm32cube.ide.mpu.remote.serial 1 1 2026-05-22 17:11:14.441
!MESSAGE port: COM4

!ENTRY com.st.stm32cube.ide.mpu.remote.serial 1 1 2026-05-22 17:11:14.442
!MESSAGE port: COM8

!ENTRY com.st.stm32cube.ide.mpu.remote.serial 1 1 2026-05-22 17:11:14.443
!MESSAGE port: COM13

!ENTRY com.st.stm32cube.ide.mpu.remote.serial 1 1 2026-05-22 17:11:14.443
!MESSAGE port: COM12

!ENTRY com.st.stm32cube.ide.mpu.remote.serial 1 1 2026-05-22 17:11:14.444
!MESSAGE port: COM11

!ENTRY com.st.stm32cube.ide.mpu.remote.serial 1 1 2026-05-22 17:12:27.278
!MESSAGE Executed PowerShell command powershell.exe -Command "Get-CimInstance -ClassName Win32_SerialPort | Select-Object -ExpandProperty DeviceID":
COM7
COM6
COM15
COM16
COM14
COM4
COM8
COM13
COM12
COM11


!ENTRY com.st.stm32cube.ide.mpu.remote.serial 1 1 2026-05-22 17:12:27.281
!MESSAGE port: COM7

!ENTRY com.st.stm32cube.ide.mpu.remote.serial 1 1 2026-05-22 17:12:27.283
!MESSAGE port: COM6

!ENTRY com.st.stm32cube.ide.mpu.remote.serial 1 1 2026-05-22 17:12:27.284
!MESSAGE port: COM15

!ENTRY com.st.stm32cube.ide.mpu.remote.serial 1 1 2026-05-22 17:12:27.286
!MESSAGE port: COM16

!ENTRY com.st.stm32cube.ide.mpu.remote.serial 1 1 2026-05-22 17:12:27.287
!MESSAGE port: COM14

!ENTRY com.st.stm32cube.ide.mpu.remote.serial 1 1 2026-05-22 17:12:27.289
!MESSAGE port: COM4

!ENTRY com.st.stm32cube.ide.mpu.remote.serial 1 1 2026-05-22 17:12:27.291
!MESSAGE port: COM8

!ENTRY com.st.stm32cube.ide.mpu.remote.serial 1 1 2026-05-22 17:12:27.292
!MESSAGE port: COM13

!ENTRY com.st.stm32cube.ide.mpu.remote.serial 1 1 2026-05-22 17:12:27.294
!MESSAGE port: COM12

!ENTRY com.st.stm32cube.ide.mpu.remote.serial 1 1 2026-05-22 17:12:27.296
!MESSAGE port: COM11

!ENTRY com.st.stm32cube.ide.mpu.remote.serial 1 1 2026-05-22 17:12:59.492
!MESSAGE Executed PowerShell command powershell.exe -Command "Get-CimInstance -ClassName Win32_SerialPort | Select-Object -ExpandProperty DeviceID":
COM7
COM6
COM15
COM16
COM14
COM4
COM8
COM13
COM12
COM11


!ENTRY com.st.stm32cube.ide.mpu.remote.serial 1 1 2026-05-22 17:12:59.493
!MESSAGE port: COM7

!ENTRY com.st.stm32cube.ide.mpu.remote.serial 1 1 2026-05-22 17:12:59.494
!MESSAGE port: COM6

!ENTRY com.st.stm32cube.ide.mpu.remote.serial 1 1 2026-05-22 17:12:59.494
!MESSAGE port: COM15

!ENTRY com.st.stm32cube.ide.mpu.remote.serial 1 1 2026-05-22 17:12:59.495
!MESSAGE port: COM16

!ENTRY com.st.stm32cube.ide.mpu.remote.serial 1 1 2026-05-22 17:12:59.496
!MESSAGE port: COM14

!ENTRY com.st.stm32cube.ide.mpu.remote.serial 1 1 2026-05-22 17:12:59.497
!MESSAGE port: COM4

!ENTRY com.st.stm32cube.ide.mpu.remote.serial 1 1 2026-05-22 17:12:59.498
!MESSAGE port: COM8

!ENTRY com.st.stm32cube.ide.mpu.remote.serial 1 1 2026-05-22 17:12:59.499
!MESSAGE port: COM13

!ENTRY com.st.stm32cube.ide.mpu.remote.serial 1 1 2026-05-22 17:12:59.499
!MESSAGE port: COM12

!ENTRY com.st.stm32cube.ide.mpu.remote.serial 1 1 2026-05-22 17:12:59.500
!MESSAGE port: COM11

!ENTRY com.st.stm32cube.ide.mpu.remote.serial 1 1 2026-05-22 17:25:27.367
!MESSAGE Executed PowerShell command powershell.exe -Command "Get-CimInstance -ClassName Win32_SerialPort | Select-Object -ExpandProperty DeviceID":
COM7
COM6
COM15
COM16
COM14
COM4
COM8
COM13
COM12
COM11


!ENTRY com.st.stm32cube.ide.mpu.remote.serial 1 1 2026-05-22 17:25:27.370
!MESSAGE port: COM7

!ENTRY com.st.stm32cube.ide.mpu.remote.serial 1 1 2026-05-22 17:25:27.371
!MESSAGE port: COM6

!ENTRY com.st.stm32cube.ide.mpu.remote.serial 1 1 2026-05-22 17:25:27.373
!MESSAGE port: COM15

!ENTRY com.st.stm32cube.ide.mpu.remote.serial 1 1 2026-05-22 17:25:27.375
!MESSAGE port: COM16

!ENTRY com.st.stm32cube.ide.mpu.remote.serial 1 1 2026-05-22 17:25:27.377
!MESSAGE port: COM14

!ENTRY com.st.stm32cube.ide.mpu.remote.serial 1 1 2026-05-22 17:25:27.379
!MESSAGE port: COM4

!ENTRY com.st.stm32cube.ide.mpu.remote.serial 1 1 2026-05-22 17:25:27.381
!MESSAGE port: COM8

!ENTRY com.st.stm32cube.ide.mpu.remote.serial 1 1 2026-05-22 17:25:27.382
!MESSAGE port: COM13

!ENTRY com.st.stm32cube.ide.mpu.remote.serial 1 1 2026-05-22 17:25:27.384
!MESSAGE port: COM12

!ENTRY com.st.stm32cube.ide.mpu.remote.serial 1 1 2026-05-22 17:25:27.385
!MESSAGE port: COM11

!ENTRY com.st.stm32cube.ide.mpu.remote.serial 1 1 2026-05-22 17:25:56.477
!MESSAGE Executed PowerShell command powershell.exe -Command "Get-CimInstance -ClassName Win32_SerialPort | Select-Object -ExpandProperty DeviceID":
COM7
COM6
COM15
COM16
COM14
COM4
COM8
COM13
COM12
COM11


!ENTRY com.st.stm32cube.ide.mpu.remote.serial 1 1 2026-05-22 17:25:56.479
!MESSAGE port: COM7

!ENTRY com.st.stm32cube.ide.mpu.remote.serial 1 1 2026-05-22 17:25:56.481
!MESSAGE port: COM6

!ENTRY com.st.stm32cube.ide.mpu.remote.serial 1 1 2026-05-22 17:25:56.483
!MESSAGE port: COM15

!ENTRY com.st.stm32cube.ide.mpu.remote.serial 1 1 2026-05-22 17:25:56.485
!MESSAGE port: COM16

!ENTRY com.st.stm32cube.ide.mpu.remote.serial 1 1 2026-05-22 17:25:56.487
!MESSAGE port: COM14

!ENTRY com.st.stm32cube.ide.mpu.remote.serial 1 1 2026-05-22 17:25:56.488
!MESSAGE port: COM4

!ENTRY com.st.stm32cube.ide.mpu.remote.serial 1 1 2026-05-22 17:25:56.490
!MESSAGE port: COM8

!ENTRY com.st.stm32cube.ide.mpu.remote.serial 1 1 2026-05-22 17:25:56.492
!MESSAGE port: COM13

!ENTRY com.st.stm32cube.ide.mpu.remote.serial 1 1 2026-05-22 17:25:56.494
!MESSAGE port: COM12

!ENTRY com.st.stm32cube.ide.mpu.remote.serial 1 1 2026-05-22 17:25:56.496
!MESSAGE port: COM11

!ENTRY com.st.stm32cube.ide.mpu.remote.serial 1 1 2026-05-22 17:26:25.142
!MESSAGE Executed PowerShell command powershell.exe -Command "Get-CimInstance -ClassName Win32_SerialPort | Select-Object -ExpandProperty DeviceID":
COM7
COM6
COM15
COM16
COM14
COM4
COM8
COM13
COM12
COM11


!ENTRY com.st.stm32cube.ide.mpu.remote.serial 1 1 2026-05-22 17:26:25.143
!MESSAGE port: COM7

!ENTRY com.st.stm32cube.ide.mpu.remote.serial 1 1 2026-05-22 17:26:25.144
!MESSAGE port: COM6

!ENTRY com.st.stm32cube.ide.mpu.remote.serial 1 1 2026-05-22 17:26:25.145
!MESSAGE port: COM15

!ENTRY com.st.stm32cube.ide.mpu.remote.serial 1 1 2026-05-22 17:26:25.145
!MESSAGE port: COM16

!ENTRY com.st.stm32cube.ide.mpu.remote.serial 1 1 2026-05-22 17:26:25.146
!MESSAGE port: COM14

!ENTRY com.st.stm32cube.ide.mpu.remote.serial 1 1 2026-05-22 17:26:25.147
!MESSAGE port: COM4

!ENTRY com.st.stm32cube.ide.mpu.remote.serial 1 1 2026-05-22 17:26:25.148
!MESSAGE port: COM8

!ENTRY com.st.stm32cube.ide.mpu.remote.serial 1 1 2026-05-22 17:26:25.149
!MESSAGE port: COM13

!ENTRY com.st.stm32cube.ide.mpu.remote.serial 1 1 2026-05-22 17:26:25.150
!MESSAGE port: COM12

!ENTRY com.st.stm32cube.ide.mpu.remote.serial 1 1 2026-05-22 17:26:25.151
!MESSAGE port: COM11

!ENTRY com.st.stm32cube.ide.mpu.remote.serial 1 1 2026-05-22 17:26:53.755
!MESSAGE Executed PowerShell command powershell.exe -Command "Get-CimInstance -ClassName Win32_SerialPort | Select-Object -ExpandProperty DeviceID":
COM7
COM6
COM15
COM16
COM14
COM4
COM8
COM13
COM12
COM11


!ENTRY com.st.stm32cube.ide.mpu.remote.serial 1 1 2026-05-22 17:26:53.756
!MESSAGE port: COM7

!ENTRY com.st.stm32cube.ide.mpu.remote.serial 1 1 2026-05-22 17:26:53.757
!MESSAGE port: COM6

!ENTRY com.st.stm32cube.ide.mpu.remote.serial 1 1 2026-05-22 17:26:53.757
!MESSAGE port: COM15

!ENTRY com.st.stm32cube.ide.mpu.remote.serial 1 1 2026-05-22 17:26:53.758
!MESSAGE port: COM16

!ENTRY com.st.stm32cube.ide.mpu.remote.serial 1 1 2026-05-22 17:26:53.759
!MESSAGE port: COM14

!ENTRY com.st.stm32cube.ide.mpu.remote.serial 1 1 2026-05-22 17:26:53.760
!MESSAGE port: COM4

!ENTRY com.st.stm32cube.ide.mpu.remote.serial 1 1 2026-05-22 17:26:53.761
!MESSAGE port: COM8

!ENTRY com.st.stm32cube.ide.mpu.remote.serial 1 1 2026-05-22 17:26:53.762
!MESSAGE port: COM13

!ENTRY com.st.stm32cube.ide.mpu.remote.serial 1 1 2026-05-22 17:26:53.763
!MESSAGE port: COM12

!ENTRY com.st.stm32cube.ide.mpu.remote.serial 1 1 2026-05-22 17:26:53.764
!MESSAGE port: COM11

!ENTRY com.st.stm32cube.ide.mpu.remote.serial 1 1 2026-05-22 17:27:22.558
!MESSAGE Executed PowerShell command powershell.exe -Command "Get-CimInstance -ClassName Win32_SerialPort | Select-Object -ExpandProperty DeviceID":
COM7
COM6
COM15
COM16
COM14
COM4
COM8
COM13
COM12
COM11


!ENTRY com.st.stm32cube.ide.mpu.remote.serial 1 1 2026-05-22 17:27:22.561
!MESSAGE port: COM7

!ENTRY com.st.stm32cube.ide.mpu.remote.serial 1 1 2026-05-22 17:27:22.562
!MESSAGE port: COM6

!ENTRY com.st.stm32cube.ide.mpu.remote.serial 1 1 2026-05-22 17:27:22.564
!MESSAGE port: COM15

!ENTRY com.st.stm32cube.ide.mpu.remote.serial 1 1 2026-05-22 17:27:22.565
!MESSAGE port: COM16

!ENTRY com.st.stm32cube.ide.mpu.remote.serial 1 1 2026-05-22 17:27:22.568
!MESSAGE port: COM14

!ENTRY com.st.stm32cube.ide.mpu.remote.serial 1 1 2026-05-22 17:27:22.570
!MESSAGE port: COM4

!ENTRY com.st.stm32cube.ide.mpu.remote.serial 1 1 2026-05-22 17:27:22.571
!MESSAGE port: COM8

!ENTRY com.st.stm32cube.ide.mpu.remote.serial 1 1 2026-05-22 17:27:22.573
!MESSAGE port: COM13

!ENTRY com.st.stm32cube.ide.mpu.remote.serial 1 1 2026-05-22 17:27:22.575
!MESSAGE port: COM12

!ENTRY com.st.stm32cube.ide.mpu.remote.serial 1 1 2026-05-22 17:27:22.577
!MESSAGE port: COM11

!ENTRY com.st.stm32cube.ide.mpu.remote.serial 1 1 2026-05-22 17:28:21.716
!MESSAGE Executed PowerShell command powershell.exe -Command "Get-CimInstance -ClassName Win32_SerialPort | Select-Object -ExpandProperty DeviceID":
COM7
COM6
COM15
COM16
COM14
COM4
COM8
COM13
COM12
COM11


!ENTRY com.st.stm32cube.ide.mpu.remote.serial 1 1 2026-05-22 17:28:21.717
!MESSAGE port: COM7

!ENTRY com.st.stm32cube.ide.mpu.remote.serial 1 1 2026-05-22 17:28:21.717
!MESSAGE port: COM6

!ENTRY com.st.stm32cube.ide.mpu.remote.serial 1 1 2026-05-22 17:28:21.718
!MESSAGE port: COM15

!ENTRY com.st.stm32cube.ide.mpu.remote.serial 1 1 2026-05-22 17:28:21.719
!MESSAGE port: COM16

!ENTRY com.st.stm32cube.ide.mpu.remote.serial 1 1 2026-05-22 17:28:21.720
!MESSAGE port: COM14

!ENTRY com.st.stm32cube.ide.mpu.remote.serial 1 1 2026-05-22 17:28:21.720
!MESSAGE port: COM4

!ENTRY com.st.stm32cube.ide.mpu.remote.serial 1 1 2026-05-22 17:28:21.721
!MESSAGE port: COM8

!ENTRY com.st.stm32cube.ide.mpu.remote.serial 1 1 2026-05-22 17:28:21.722
!MESSAGE port: COM13

!ENTRY com.st.stm32cube.ide.mpu.remote.serial 1 1 2026-05-22 17:28:21.723
!MESSAGE port: COM12

!ENTRY com.st.stm32cube.ide.mpu.remote.serial 1 1 2026-05-22 17:28:21.724
!MESSAGE port: COM11

!ENTRY com.st.stm32cube.ide.mpu.remote.serial 1 1 2026-05-22 17:28:50.546
!MESSAGE Executed PowerShell command powershell.exe -Command "Get-CimInstance -ClassName Win32_SerialPort | Select-Object -ExpandProperty DeviceID":
COM7
COM6
COM15
COM16
COM14
COM4
COM8
COM13
COM12
COM11


!ENTRY com.st.stm32cube.ide.mpu.remote.serial 1 1 2026-05-22 17:28:50.548
!MESSAGE port: COM7

!ENTRY com.st.stm32cube.ide.mpu.remote.serial 1 1 2026-05-22 17:28:50.551
!MESSAGE port: COM6

!ENTRY com.st.stm32cube.ide.mpu.remote.serial 1 1 2026-05-22 17:28:50.552
!MESSAGE port: COM15

!ENTRY com.st.stm32cube.ide.mpu.remote.serial 1 1 2026-05-22 17:28:50.555
!MESSAGE port: COM16

!ENTRY com.st.stm32cube.ide.mpu.remote.serial 1 1 2026-05-22 17:28:50.556
!MESSAGE port: COM14

!ENTRY com.st.stm32cube.ide.mpu.remote.serial 1 1 2026-05-22 17:28:50.558
!MESSAGE port: COM4

!ENTRY com.st.stm32cube.ide.mpu.remote.serial 1 1 2026-05-22 17:28:50.560
!MESSAGE port: COM8

!ENTRY com.st.stm32cube.ide.mpu.remote.serial 1 1 2026-05-22 17:28:50.562
!MESSAGE port: COM13

!ENTRY com.st.stm32cube.ide.mpu.remote.serial 1 1 2026-05-22 17:28:50.564
!MESSAGE port: COM12

!ENTRY com.st.stm32cube.ide.mpu.remote.serial 1 1 2026-05-22 17:28:50.566
!MESSAGE port: COM11

!ENTRY com.st.stm32cube.ide.mpu.remote.serial 1 1 2026-05-22 17:29:24.848
!MESSAGE Executed PowerShell command powershell.exe -Command "Get-CimInstance -ClassName Win32_SerialPort | Select-Object -ExpandProperty DeviceID":
COM7
COM6
COM15
COM16
COM14
COM4
COM8
COM13
COM12
COM11


!ENTRY com.st.stm32cube.ide.mpu.remote.serial 1 1 2026-05-22 17:29:24.849
!MESSAGE port: COM7

!ENTRY com.st.stm32cube.ide.mpu.remote.serial 1 1 2026-05-22 17:29:24.851
!MESSAGE port: COM6

!ENTRY com.st.stm32cube.ide.mpu.remote.serial 1 1 2026-05-22 17:29:24.852
!MESSAGE port: COM15

!ENTRY com.st.stm32cube.ide.mpu.remote.serial 1 1 2026-05-22 17:29:24.854
!MESSAGE port: COM16

!ENTRY com.st.stm32cube.ide.mpu.remote.serial 1 1 2026-05-22 17:29:24.856
!MESSAGE port: COM14

!ENTRY com.st.stm32cube.ide.mpu.remote.serial 1 1 2026-05-22 17:29:24.857
!MESSAGE port: COM4

!ENTRY com.st.stm32cube.ide.mpu.remote.serial 1 1 2026-05-22 17:29:24.859
!MESSAGE port: COM8

!ENTRY com.st.stm32cube.ide.mpu.remote.serial 1 1 2026-05-22 17:29:24.860
!MESSAGE port: COM13

!ENTRY com.st.stm32cube.ide.mpu.remote.serial 1 1 2026-05-22 17:29:24.862
!MESSAGE port: COM12

!ENTRY com.st.stm32cube.ide.mpu.remote.serial 1 1 2026-05-22 17:29:24.863
!MESSAGE port: COM11

!ENTRY com.st.stm32cube.ide.mpu.remote.serial 1 1 2026-05-22 17:29:53.403
!MESSAGE Executed PowerShell command powershell.exe -Command "Get-CimInstance -ClassName Win32_SerialPort | Select-Object -ExpandProperty DeviceID":
COM7
COM6
COM15
COM16
COM14
COM4
COM8
COM13
COM12
COM11


!ENTRY com.st.stm32cube.ide.mpu.remote.serial 1 1 2026-05-22 17:29:53.405
!MESSAGE port: COM7

!ENTRY com.st.stm32cube.ide.mpu.remote.serial 1 1 2026-05-22 17:29:53.407
!MESSAGE port: COM6

!ENTRY com.st.stm32cube.ide.mpu.remote.serial 1 1 2026-05-22 17:29:53.411
!MESSAGE port: COM15

!ENTRY com.st.stm32cube.ide.mpu.remote.serial 1 1 2026-05-22 17:29:53.413
!MESSAGE port: COM16

!ENTRY com.st.stm32cube.ide.mpu.remote.serial 1 1 2026-05-22 17:29:53.416
!MESSAGE port: COM14

!ENTRY com.st.stm32cube.ide.mpu.remote.serial 1 1 2026-05-22 17:29:53.419
!MESSAGE port: COM4

!ENTRY com.st.stm32cube.ide.mpu.remote.serial 1 1 2026-05-22 17:29:53.421
!MESSAGE port: COM8

!ENTRY com.st.stm32cube.ide.mpu.remote.serial 1 1 2026-05-22 17:29:53.423
!MESSAGE port: COM13

!ENTRY com.st.stm32cube.ide.mpu.remote.serial 1 1 2026-05-22 17:29:53.426
!MESSAGE port: COM12

!ENTRY com.st.stm32cube.ide.mpu.remote.serial 1 1 2026-05-22 17:29:53.427
!MESSAGE port: COM11

!ENTRY com.st.stm32cube.ide.mpu.remote.serial 1 1 2026-05-22 17:33:05.372
!MESSAGE Executed PowerShell command powershell.exe -Command "Get-CimInstance -ClassName Win32_SerialPort | Select-Object -ExpandProperty DeviceID":
COM7
COM6
COM15
COM16
COM14
COM4
COM8
COM13
COM12
COM11


!ENTRY com.st.stm32cube.ide.mpu.remote.serial 1 1 2026-05-22 17:33:05.374
!MESSAGE port: COM7

!ENTRY com.st.stm32cube.ide.mpu.remote.serial 1 1 2026-05-22 17:33:05.376
!MESSAGE port: COM6

!ENTRY com.st.stm32cube.ide.mpu.remote.serial 1 1 2026-05-22 17:33:05.379
!MESSAGE port: COM15

!ENTRY com.st.stm32cube.ide.mpu.remote.serial 1 1 2026-05-22 17:33:05.381
!MESSAGE port: COM16

!ENTRY com.st.stm32cube.ide.mpu.remote.serial 1 1 2026-05-22 17:33:05.383
!MESSAGE port: COM14

!ENTRY com.st.stm32cube.ide.mpu.remote.serial 1 1 2026-05-22 17:33:05.385
!MESSAGE port: COM4

!ENTRY com.st.stm32cube.ide.mpu.remote.serial 1 1 2026-05-22 17:33:05.387
!MESSAGE port: COM8

!ENTRY com.st.stm32cube.ide.mpu.remote.serial 1 1 2026-05-22 17:33:05.388
!MESSAGE port: COM13

!ENTRY com.st.stm32cube.ide.mpu.remote.serial 1 1 2026-05-22 17:33:05.389
!MESSAGE port: COM12

!ENTRY com.st.stm32cube.ide.mpu.remote.serial 1 1 2026-05-22 17:33:05.390
!MESSAGE port: COM11

!ENTRY com.st.stm32cube.ide.mpu.remote.serial 1 1 2026-05-22 17:33:34.320
!MESSAGE Executed PowerShell command powershell.exe -Command "Get-CimInstance -ClassName Win32_SerialPort | Select-Object -ExpandProperty DeviceID":
COM7
COM6
COM15
COM16
COM14
COM4
COM8
COM13
COM12
COM11


!ENTRY com.st.stm32cube.ide.mpu.remote.serial 1 1 2026-05-22 17:33:34.322
!MESSAGE port: COM7

!ENTRY com.st.stm32cube.ide.mpu.remote.serial 1 1 2026-05-22 17:33:34.324
!MESSAGE port: COM6

!ENTRY com.st.stm32cube.ide.mpu.remote.serial 1 1 2026-05-22 17:33:34.326
!MESSAGE port: COM15

!ENTRY com.st.stm32cube.ide.mpu.remote.serial 1 1 2026-05-22 17:33:34.327
!MESSAGE port: COM16

!ENTRY com.st.stm32cube.ide.mpu.remote.serial 1 1 2026-05-22 17:33:34.329
!MESSAGE port: COM14

!ENTRY com.st.stm32cube.ide.mpu.remote.serial 1 1 2026-05-22 17:33:34.330
!MESSAGE port: COM4

!ENTRY com.st.stm32cube.ide.mpu.remote.serial 1 1 2026-05-22 17:33:34.332
!MESSAGE port: COM8

!ENTRY com.st.stm32cube.ide.mpu.remote.serial 1 1 2026-05-22 17:33:34.333
!MESSAGE port: COM13

!ENTRY com.st.stm32cube.ide.mpu.remote.serial 1 1 2026-05-22 17:33:34.335
!MESSAGE port: COM12

!ENTRY com.st.stm32cube.ide.mpu.remote.serial 1 1 2026-05-22 17:33:34.336
!MESSAGE port: COM11

!ENTRY com.st.stm32cube.ide.mpu.remote.serial 1 1 2026-05-22 17:36:05.905
!MESSAGE Executed PowerShell command powershell.exe -Command "Get-CimInstance -ClassName Win32_SerialPort | Select-Object -ExpandProperty DeviceID":
COM7
COM6
COM15
COM16
COM14
COM4
COM8
COM13
COM12
COM11


!ENTRY com.st.stm32cube.ide.mpu.remote.serial 1 1 2026-05-22 17:36:05.908
!MESSAGE port: COM7

!ENTRY com.st.stm32cube.ide.mpu.remote.serial 1 1 2026-05-22 17:36:05.910
!MESSAGE port: COM6

!ENTRY com.st.stm32cube.ide.mpu.remote.serial 1 1 2026-05-22 17:36:05.913
!MESSAGE port: COM15

!ENTRY com.st.stm32cube.ide.mpu.remote.serial 1 1 2026-05-22 17:36:05.915
!MESSAGE port: COM16

!ENTRY com.st.stm32cube.ide.mpu.remote.serial 1 1 2026-05-22 17:36:05.917
!MESSAGE port: COM14

!ENTRY com.st.stm32cube.ide.mpu.remote.serial 1 1 2026-05-22 17:36:05.919
!MESSAGE port: COM4

!ENTRY com.st.stm32cube.ide.mpu.remote.serial 1 1 2026-05-22 17:36:05.921
!MESSAGE port: COM8

!ENTRY com.st.stm32cube.ide.mpu.remote.serial 1 1 2026-05-22 17:36:05.923
!MESSAGE port: COM13

!ENTRY com.st.stm32cube.ide.mpu.remote.serial 1 1 2026-05-22 17:36:05.925
!MESSAGE port: COM12

!ENTRY com.st.stm32cube.ide.mpu.remote.serial 1 1 2026-05-22 17:36:05.927
!MESSAGE port: COM11

!ENTRY com.st.stm32cube.ide.mpu.remote.serial 1 1 2026-05-22 17:36:34.841
!MESSAGE Executed PowerShell command powershell.exe -Command "Get-CimInstance -ClassName Win32_SerialPort | Select-Object -ExpandProperty DeviceID":
COM7
COM6
COM15
COM16
COM14
COM4
COM8
COM13
COM12
COM11


!ENTRY com.st.stm32cube.ide.mpu.remote.serial 1 1 2026-05-22 17:36:34.878
!MESSAGE port: COM7

!ENTRY com.st.stm32cube.ide.mpu.remote.serial 1 1 2026-05-22 17:36:34.881
!MESSAGE port: COM6

!ENTRY com.st.stm32cube.ide.mpu.remote.serial 1 1 2026-05-22 17:36:34.883
!MESSAGE port: COM15

!ENTRY com.st.stm32cube.ide.mpu.remote.serial 1 1 2026-05-22 17:36:34.885
!MESSAGE port: COM16

!ENTRY com.st.stm32cube.ide.mpu.remote.serial 1 1 2026-05-22 17:36:34.887
!MESSAGE port: COM14

!ENTRY com.st.stm32cube.ide.mpu.remote.serial 1 1 2026-05-22 17:36:34.889
!MESSAGE port: COM4

!ENTRY com.st.stm32cube.ide.mpu.remote.serial 1 1 2026-05-22 17:36:34.890
!MESSAGE port: COM8

!ENTRY com.st.stm32cube.ide.mpu.remote.serial 1 1 2026-05-22 17:36:34.892
!MESSAGE port: COM13

!ENTRY com.st.stm32cube.ide.mpu.remote.serial 1 1 2026-05-22 17:36:34.893
!MESSAGE port: COM12

!ENTRY com.st.stm32cube.ide.mpu.remote.serial 1 1 2026-05-22 17:36:34.894
!MESSAGE port: COM11

!ENTRY com.st.stm32cube.ide.mpu.remote.serial 1 1 2026-05-22 17:38:15.859
!MESSAGE Executed PowerShell command powershell.exe -Command "Get-CimInstance -ClassName Win32_SerialPort | Select-Object -ExpandProperty DeviceID":
COM7
COM6
COM15
COM16
COM14
COM4
COM8
COM13
COM12
COM11


!ENTRY com.st.stm32cube.ide.mpu.remote.serial 1 1 2026-05-22 17:38:15.860
!MESSAGE port: COM7

!ENTRY com.st.stm32cube.ide.mpu.remote.serial 1 1 2026-05-22 17:38:15.861
!MESSAGE port: COM6

!ENTRY com.st.stm32cube.ide.mpu.remote.serial 1 1 2026-05-22 17:38:15.862
!MESSAGE port: COM15

!ENTRY com.st.stm32cube.ide.mpu.remote.serial 1 1 2026-05-22 17:38:15.862
!MESSAGE port: COM16

!ENTRY com.st.stm32cube.ide.mpu.remote.serial 1 1 2026-05-22 17:38:15.863
!MESSAGE port: COM14

!ENTRY com.st.stm32cube.ide.mpu.remote.serial 1 1 2026-05-22 17:38:15.864
!MESSAGE port: COM4

!ENTRY com.st.stm32cube.ide.mpu.remote.serial 1 1 2026-05-22 17:38:15.864
!MESSAGE port: COM8

!ENTRY com.st.stm32cube.ide.mpu.remote.serial 1 1 2026-05-22 17:38:15.865
!MESSAGE port: COM13

!ENTRY com.st.stm32cube.ide.mpu.remote.serial 1 1 2026-05-22 17:38:15.866
!MESSAGE port: COM12

!ENTRY com.st.stm32cube.ide.mpu.remote.serial 1 1 2026-05-22 17:38:15.866
!MESSAGE port: COM11

!ENTRY com.st.stm32cube.ide.mpu.remote.serial 1 1 2026-05-22 17:38:44.524
!MESSAGE Executed PowerShell command powershell.exe -Command "Get-CimInstance -ClassName Win32_SerialPort | Select-Object -ExpandProperty DeviceID":
COM7
COM6
COM15
COM16
COM14
COM4
COM8
COM13
COM12
COM11


!ENTRY com.st.stm32cube.ide.mpu.remote.serial 1 1 2026-05-22 17:38:44.529
!MESSAGE port: COM7

!ENTRY com.st.stm32cube.ide.mpu.remote.serial 1 1 2026-05-22 17:38:44.531
!MESSAGE port: COM6

!ENTRY com.st.stm32cube.ide.mpu.remote.serial 1 1 2026-05-22 17:38:44.531
!MESSAGE port: COM15

!ENTRY com.st.stm32cube.ide.mpu.remote.serial 1 1 2026-05-22 17:38:44.533
!MESSAGE port: COM16

!ENTRY com.st.stm32cube.ide.mpu.remote.serial 1 1 2026-05-22 17:38:44.535
!MESSAGE port: COM14

!ENTRY com.st.stm32cube.ide.mpu.remote.serial 1 1 2026-05-22 17:38:44.537
!MESSAGE port: COM4

!ENTRY com.st.stm32cube.ide.mpu.remote.serial 1 1 2026-05-22 17:38:44.537
!MESSAGE port: COM8

!ENTRY com.st.stm32cube.ide.mpu.remote.serial 1 1 2026-05-22 17:38:44.542
!MESSAGE port: COM13

!ENTRY com.st.stm32cube.ide.mpu.remote.serial 1 1 2026-05-22 17:38:44.544
!MESSAGE port: COM12

!ENTRY com.st.stm32cube.ide.mpu.remote.serial 1 1 2026-05-22 17:38:44.546
!MESSAGE port: COM11

!ENTRY com.st.stm32cube.ide.mpu.remote.serial 1 1 2026-05-22 18:09:06.101
!MESSAGE Executed PowerShell command powershell.exe -Command "Get-CimInstance -ClassName Win32_SerialPort | Select-Object -ExpandProperty DeviceID":
COM7
COM6
COM15
COM16
COM14
COM4
COM8
COM13
COM12
COM11


!ENTRY com.st.stm32cube.ide.mpu.remote.serial 1 1 2026-05-22 18:09:06.101
!MESSAGE port: COM7

!ENTRY com.st.stm32cube.ide.mpu.remote.serial 1 1 2026-05-22 18:09:06.101
!MESSAGE port: COM6

!ENTRY com.st.stm32cube.ide.mpu.remote.serial 1 1 2026-05-22 18:09:06.101
!MESSAGE port: COM15

!ENTRY com.st.stm32cube.ide.mpu.remote.serial 1 1 2026-05-22 18:09:06.101
!MESSAGE port: COM16

!ENTRY com.st.stm32cube.ide.mpu.remote.serial 1 1 2026-05-22 18:09:06.101
!MESSAGE port: COM14

!ENTRY com.st.stm32cube.ide.mpu.remote.serial 1 1 2026-05-22 18:09:06.108
!MESSAGE port: COM4

!ENTRY com.st.stm32cube.ide.mpu.remote.serial 1 1 2026-05-22 18:09:06.108
!MESSAGE port: COM8

!ENTRY com.st.stm32cube.ide.mpu.remote.serial 1 1 2026-05-22 18:09:06.108
!MESSAGE port: COM13

!ENTRY com.st.stm32cube.ide.mpu.remote.serial 1 1 2026-05-22 18:09:06.110
!MESSAGE port: COM12

!ENTRY com.st.stm32cube.ide.mpu.remote.serial 1 1 2026-05-22 18:09:06.110
!MESSAGE port: COM11

!ENTRY com.st.stm32cube.ide.mpu.remote.serial 1 1 2026-05-22 18:09:34.460
!MESSAGE Executed PowerShell command powershell.exe -Command "Get-CimInstance -ClassName Win32_SerialPort | Select-Object -ExpandProperty DeviceID":
COM7
COM6
COM15
COM16
COM14
COM4
COM8
COM13
COM12
COM11


!ENTRY com.st.stm32cube.ide.mpu.remote.serial 1 1 2026-05-22 18:09:34.460
!MESSAGE port: COM7

!ENTRY com.st.stm32cube.ide.mpu.remote.serial 1 1 2026-05-22 18:09:34.462
!MESSAGE port: COM6

!ENTRY com.st.stm32cube.ide.mpu.remote.serial 1 1 2026-05-22 18:09:34.462
!MESSAGE port: COM15

!ENTRY com.st.stm32cube.ide.mpu.remote.serial 1 1 2026-05-22 18:09:34.462
!MESSAGE port: COM16

!ENTRY com.st.stm32cube.ide.mpu.remote.serial 1 1 2026-05-22 18:09:34.462
!MESSAGE port: COM14

!ENTRY com.st.stm32cube.ide.mpu.remote.serial 1 1 2026-05-22 18:09:34.462
!MESSAGE port: COM4

!ENTRY com.st.stm32cube.ide.mpu.remote.serial 1 1 2026-05-22 18:09:34.462
!MESSAGE port: COM8

!ENTRY com.st.stm32cube.ide.mpu.remote.serial 1 1 2026-05-22 18:09:34.462
!MESSAGE port: COM13

!ENTRY com.st.stm32cube.ide.mpu.remote.serial 1 1 2026-05-22 18:09:34.467
!MESSAGE port: COM12

!ENTRY com.st.stm32cube.ide.mpu.remote.serial 1 1 2026-05-22 18:09:34.467
!MESSAGE port: COM11

!ENTRY com.st.stm32cube.ide.mpu.remote.serial 1 1 2026-05-22 18:10:02.999
!MESSAGE Executed PowerShell command powershell.exe -Command "Get-CimInstance -ClassName Win32_SerialPort | Select-Object -ExpandProperty DeviceID":
COM7
COM6
COM15
COM16
COM14
COM4
COM8
COM13
COM12
COM11


!ENTRY com.st.stm32cube.ide.mpu.remote.serial 1 1 2026-05-22 18:10:03.001
!MESSAGE port: COM7

!ENTRY com.st.stm32cube.ide.mpu.remote.serial 1 1 2026-05-22 18:10:03.003
!MESSAGE port: COM6

!ENTRY com.st.stm32cube.ide.mpu.remote.serial 1 1 2026-05-22 18:10:03.005
!MESSAGE port: COM15

!ENTRY com.st.stm32cube.ide.mpu.remote.serial 1 1 2026-05-22 18:10:03.007
!MESSAGE port: COM16

!ENTRY com.st.stm32cube.ide.mpu.remote.serial 1 1 2026-05-22 18:10:03.010
!MESSAGE port: COM14

!ENTRY com.st.stm32cube.ide.mpu.remote.serial 1 1 2026-05-22 18:10:03.013
!MESSAGE port: COM4

!ENTRY com.st.stm32cube.ide.mpu.remote.serial 1 1 2026-05-22 18:10:03.013
!MESSAGE port: COM8

!ENTRY com.st.stm32cube.ide.mpu.remote.serial 1 1 2026-05-22 18:10:03.017
!MESSAGE port: COM13

!ENTRY com.st.stm32cube.ide.mpu.remote.serial 1 1 2026-05-22 18:10:03.019
!MESSAGE port: COM12

!ENTRY com.st.stm32cube.ide.mpu.remote.serial 1 1 2026-05-22 18:10:03.021
!MESSAGE port: COM11

!ENTRY com.st.stm32cube.ide.mpu.remote.serial 1 1 2026-05-22 20:55:19.241
!MESSAGE Executed PowerShell command powershell.exe -Command "Get-CimInstance -ClassName Win32_SerialPort | Select-Object -ExpandProperty DeviceID":
COM7
COM6
COM15
COM16
COM14
COM4
COM8
COM13
COM12
COM11


!ENTRY com.st.stm32cube.ide.mpu.remote.serial 1 1 2026-05-22 20:55:19.243
!MESSAGE port: COM7

!ENTRY com.st.stm32cube.ide.mpu.remote.serial 1 1 2026-05-22 20:55:19.245
!MESSAGE port: COM6

!ENTRY com.st.stm32cube.ide.mpu.remote.serial 1 1 2026-05-22 20:55:19.245
!MESSAGE port: COM15

!ENTRY com.st.stm32cube.ide.mpu.remote.serial 1 1 2026-05-22 20:55:19.245
!MESSAGE port: COM16

!ENTRY com.st.stm32cube.ide.mpu.remote.serial 1 1 2026-05-22 20:55:19.248
!MESSAGE port: COM14

!ENTRY com.st.stm32cube.ide.mpu.remote.serial 1 1 2026-05-22 20:55:19.248
!MESSAGE port: COM4

!ENTRY com.st.stm32cube.ide.mpu.remote.serial 1 1 2026-05-22 20:55:19.249
!MESSAGE port: COM8

!ENTRY com.st.stm32cube.ide.mpu.remote.serial 1 1 2026-05-22 20:55:19.251
!MESSAGE port: COM13

!ENTRY com.st.stm32cube.ide.mpu.remote.serial 1 1 2026-05-22 20:55:19.254
!MESSAGE port: COM12

!ENTRY com.st.stm32cube.ide.mpu.remote.serial 1 1 2026-05-22 20:55:19.254
!MESSAGE port: COM11

!ENTRY com.st.stm32cube.ide.mpu.remote.serial 1 1 2026-05-22 20:55:51.500
!MESSAGE Executed PowerShell command powershell.exe -Command "Get-CimInstance -ClassName Win32_SerialPort | Select-Object -ExpandProperty DeviceID":
COM7
COM6
COM15
COM16
COM14
COM4
COM8
COM13
COM12
COM11


!ENTRY com.st.stm32cube.ide.mpu.remote.serial 1 1 2026-05-22 20:55:51.500
!MESSAGE port: COM7

!ENTRY com.st.stm32cube.ide.mpu.remote.serial 1 1 2026-05-22 20:55:51.500
!MESSAGE port: COM6

!ENTRY com.st.stm32cube.ide.mpu.remote.serial 1 1 2026-05-22 20:55:51.500
!MESSAGE port: COM15

!ENTRY com.st.stm32cube.ide.mpu.remote.serial 1 1 2026-05-22 20:55:51.500
!MESSAGE port: COM16

!ENTRY com.st.stm32cube.ide.mpu.remote.serial 1 1 2026-05-22 20:55:51.500
!MESSAGE port: COM14

!ENTRY com.st.stm32cube.ide.mpu.remote.serial 1 1 2026-05-22 20:55:51.500
!MESSAGE port: COM4

!ENTRY com.st.stm32cube.ide.mpu.remote.serial 1 1 2026-05-22 20:55:51.500
!MESSAGE port: COM8

!ENTRY com.st.stm32cube.ide.mpu.remote.serial 1 1 2026-05-22 20:55:51.508
!MESSAGE port: COM13

!ENTRY com.st.stm32cube.ide.mpu.remote.serial 1 1 2026-05-22 20:55:51.508
!MESSAGE port: COM12

!ENTRY com.st.stm32cube.ide.mpu.remote.serial 1 1 2026-05-22 20:55:51.510
!MESSAGE port: COM11

!ENTRY com.st.stm32cube.ide.mpu.remote.serial 1 1 2026-05-22 21:00:14.839
!MESSAGE Executed PowerShell command powershell.exe -Command "Get-CimInstance -ClassName Win32_SerialPort | Select-Object -ExpandProperty DeviceID":
COM7
COM6
COM15
COM16
COM14
COM4
COM8
COM13
COM12
COM11


!ENTRY com.st.stm32cube.ide.mpu.remote.serial 1 1 2026-05-22 21:00:14.840
!MESSAGE port: COM7

!ENTRY com.st.stm32cube.ide.mpu.remote.serial 1 1 2026-05-22 21:00:14.841
!MESSAGE port: COM6

!ENTRY com.st.stm32cube.ide.mpu.remote.serial 1 1 2026-05-22 21:00:14.842
!MESSAGE port: COM15

!ENTRY com.st.stm32cube.ide.mpu.remote.serial 1 1 2026-05-22 21:00:14.842
!MESSAGE port: COM16

!ENTRY com.st.stm32cube.ide.mpu.remote.serial 1 1 2026-05-22 21:00:14.843
!MESSAGE port: COM14

!ENTRY com.st.stm32cube.ide.mpu.remote.serial 1 1 2026-05-22 21:00:14.844
!MESSAGE port: COM4

!ENTRY com.st.stm32cube.ide.mpu.remote.serial 1 1 2026-05-22 21:00:14.845
!MESSAGE port: COM8

!ENTRY com.st.stm32cube.ide.mpu.remote.serial 1 1 2026-05-22 21:00:14.846
!MESSAGE port: COM13

!ENTRY com.st.stm32cube.ide.mpu.remote.serial 1 1 2026-05-22 21:00:14.847
!MESSAGE port: COM12

!ENTRY com.st.stm32cube.ide.mpu.remote.serial 1 1 2026-05-22 21:00:14.848
!MESSAGE port: COM11

!ENTRY com.st.stm32cube.ide.mpu.remote.serial 1 1 2026-05-22 21:00:44.322
!MESSAGE Executed PowerShell command powershell.exe -Command "Get-CimInstance -ClassName Win32_SerialPort | Select-Object -ExpandProperty DeviceID":
COM7
COM6
COM15
COM16
COM14
COM4
COM8
COM13
COM12
COM11


!ENTRY com.st.stm32cube.ide.mpu.remote.serial 1 1 2026-05-22 21:00:44.323
!MESSAGE port: COM7

!ENTRY com.st.stm32cube.ide.mpu.remote.serial 1 1 2026-05-22 21:00:44.324
!MESSAGE port: COM6

!ENTRY com.st.stm32cube.ide.mpu.remote.serial 1 1 2026-05-22 21:00:44.325
!MESSAGE port: COM15

!ENTRY com.st.stm32cube.ide.mpu.remote.serial 1 1 2026-05-22 21:00:44.327
!MESSAGE port: COM16

!ENTRY com.st.stm32cube.ide.mpu.remote.serial 1 1 2026-05-22 21:00:44.328
!MESSAGE port: COM14

!ENTRY com.st.stm32cube.ide.mpu.remote.serial 1 1 2026-05-22 21:00:44.329
!MESSAGE port: COM4

!ENTRY com.st.stm32cube.ide.mpu.remote.serial 1 1 2026-05-22 21:00:44.330
!MESSAGE port: COM8

!ENTRY com.st.stm32cube.ide.mpu.remote.serial 1 1 2026-05-22 21:00:44.331
!MESSAGE port: COM13

!ENTRY com.st.stm32cube.ide.mpu.remote.serial 1 1 2026-05-22 21:00:44.332
!MESSAGE port: COM12

!ENTRY com.st.stm32cube.ide.mpu.remote.serial 1 1 2026-05-22 21:00:44.332
!MESSAGE port: COM11

!ENTRY com.st.stm32cube.ide.mpu.remote.serial 1 1 2026-05-22 21:10:14.134
!MESSAGE Executed PowerShell command powershell.exe -Command "Get-CimInstance -ClassName Win32_SerialPort | Select-Object -ExpandProperty DeviceID":
COM7
COM6
COM15
COM16
COM14
COM4
COM8
COM13
COM12
COM11


!ENTRY com.st.stm32cube.ide.mpu.remote.serial 1 1 2026-05-22 21:10:14.135
!MESSAGE port: COM7

!ENTRY com.st.stm32cube.ide.mpu.remote.serial 1 1 2026-05-22 21:10:14.136
!MESSAGE port: COM6

!ENTRY com.st.stm32cube.ide.mpu.remote.serial 1 1 2026-05-22 21:10:14.137
!MESSAGE port: COM15

!ENTRY com.st.stm32cube.ide.mpu.remote.serial 1 1 2026-05-22 21:10:14.138
!MESSAGE port: COM16

!ENTRY com.st.stm32cube.ide.mpu.remote.serial 1 1 2026-05-22 21:10:14.139
!MESSAGE port: COM14

!ENTRY com.st.stm32cube.ide.mpu.remote.serial 1 1 2026-05-22 21:10:14.140
!MESSAGE port: COM4

!ENTRY com.st.stm32cube.ide.mpu.remote.serial 1 1 2026-05-22 21:10:14.141
!MESSAGE port: COM8

!ENTRY com.st.stm32cube.ide.mpu.remote.serial 1 1 2026-05-22 21:10:14.142
!MESSAGE port: COM13

!ENTRY com.st.stm32cube.ide.mpu.remote.serial 1 1 2026-05-22 21:10:14.143
!MESSAGE port: COM12

!ENTRY com.st.stm32cube.ide.mpu.remote.serial 1 1 2026-05-22 21:10:14.144
!MESSAGE port: COM11

!ENTRY com.st.stm32cube.ide.mpu.remote.serial 1 1 2026-05-22 21:10:42.659
!MESSAGE Executed PowerShell command powershell.exe -Command "Get-CimInstance -ClassName Win32_SerialPort | Select-Object -ExpandProperty DeviceID":
COM7
COM6
COM15
COM16
COM14
COM4
COM8
COM13
COM12
COM11


!ENTRY com.st.stm32cube.ide.mpu.remote.serial 1 1 2026-05-22 21:10:42.660
!MESSAGE port: COM7

!ENTRY com.st.stm32cube.ide.mpu.remote.serial 1 1 2026-05-22 21:10:42.661
!MESSAGE port: COM6

!ENTRY com.st.stm32cube.ide.mpu.remote.serial 1 1 2026-05-22 21:10:42.662
!MESSAGE port: COM15

!ENTRY com.st.stm32cube.ide.mpu.remote.serial 1 1 2026-05-22 21:10:42.663
!MESSAGE port: COM16

!ENTRY com.st.stm32cube.ide.mpu.remote.serial 1 1 2026-05-22 21:10:42.664
!MESSAGE port: COM14

!ENTRY com.st.stm32cube.ide.mpu.remote.serial 1 1 2026-05-22 21:10:42.665
!MESSAGE port: COM4

!ENTRY com.st.stm32cube.ide.mpu.remote.serial 1 1 2026-05-22 21:10:42.666
!MESSAGE port: COM8

!ENTRY com.st.stm32cube.ide.mpu.remote.serial 1 1 2026-05-22 21:10:42.668
!MESSAGE port: COM13

!ENTRY com.st.stm32cube.ide.mpu.remote.serial 1 1 2026-05-22 21:10:42.669
!MESSAGE port: COM12

!ENTRY com.st.stm32cube.ide.mpu.remote.serial 1 1 2026-05-22 21:10:42.669
!MESSAGE port: COM11

!ENTRY com.st.stm32cube.ide.mpu.remote.serial 1 1 2026-05-22 21:14:58.929
!MESSAGE Executed PowerShell command powershell.exe -Command "Get-CimInstance -ClassName Win32_SerialPort | Select-Object -ExpandProperty DeviceID":
COM7
COM6
COM15
COM16
COM14
COM4
COM8
COM13
COM12
COM11


!ENTRY com.st.stm32cube.ide.mpu.remote.serial 1 1 2026-05-22 21:14:58.930
!MESSAGE port: COM7

!ENTRY com.st.stm32cube.ide.mpu.remote.serial 1 1 2026-05-22 21:14:58.930
!MESSAGE port: COM6

!ENTRY com.st.stm32cube.ide.mpu.remote.serial 1 1 2026-05-22 21:14:58.932
!MESSAGE port: COM15

!ENTRY com.st.stm32cube.ide.mpu.remote.serial 1 1 2026-05-22 21:14:58.932
!MESSAGE port: COM16

!ENTRY com.st.stm32cube.ide.mpu.remote.serial 1 1 2026-05-22 21:14:58.932
!MESSAGE port: COM14

!ENTRY com.st.stm32cube.ide.mpu.remote.serial 1 1 2026-05-22 21:14:58.933
!MESSAGE port: COM4

!ENTRY com.st.stm32cube.ide.mpu.remote.serial 1 1 2026-05-22 21:14:58.933
!MESSAGE port: COM8

!ENTRY com.st.stm32cube.ide.mpu.remote.serial 1 1 2026-05-22 21:14:58.935
!MESSAGE port: COM13

!ENTRY com.st.stm32cube.ide.mpu.remote.serial 1 1 2026-05-22 21:14:58.935
!MESSAGE port: COM12

!ENTRY com.st.stm32cube.ide.mpu.remote.serial 1 1 2026-05-22 21:14:58.935
!MESSAGE port: COM11

!ENTRY com.st.stm32cube.ide.mpu.remote.serial 1 1 2026-05-22 21:15:27.589
!MESSAGE Executed PowerShell command powershell.exe -Command "Get-CimInstance -ClassName Win32_SerialPort | Select-Object -ExpandProperty DeviceID":
COM7
COM6
COM15
COM16
COM14
COM4
COM8
COM13
COM12
COM11


!ENTRY com.st.stm32cube.ide.mpu.remote.serial 1 1 2026-05-22 21:15:27.590
!MESSAGE port: COM7

!ENTRY com.st.stm32cube.ide.mpu.remote.serial 1 1 2026-05-22 21:15:27.591
!MESSAGE port: COM6

!ENTRY com.st.stm32cube.ide.mpu.remote.serial 1 1 2026-05-22 21:15:27.591
!MESSAGE port: COM15

!ENTRY com.st.stm32cube.ide.mpu.remote.serial 1 1 2026-05-22 21:15:27.592
!MESSAGE port: COM16

!ENTRY com.st.stm32cube.ide.mpu.remote.serial 1 1 2026-05-22 21:15:27.593
!MESSAGE port: COM14

!ENTRY com.st.stm32cube.ide.mpu.remote.serial 1 1 2026-05-22 21:15:27.594
!MESSAGE port: COM4

!ENTRY com.st.stm32cube.ide.mpu.remote.serial 1 1 2026-05-22 21:15:27.595
!MESSAGE port: COM8

!ENTRY com.st.stm32cube.ide.mpu.remote.serial 1 1 2026-05-22 21:15:27.596
!MESSAGE port: COM13

!ENTRY com.st.stm32cube.ide.mpu.remote.serial 1 1 2026-05-22 21:15:27.596
!MESSAGE port: COM12

!ENTRY com.st.stm32cube.ide.mpu.remote.serial 1 1 2026-05-22 21:15:27.597
!MESSAGE port: COM11

!ENTRY com.st.stm32cube.ide.mpu.remote.serial 1 1 2026-05-22 21:21:02.083
!MESSAGE Executed PowerShell command powershell.exe -Command "Get-CimInstance -ClassName Win32_SerialPort | Select-Object -ExpandProperty DeviceID":
COM7
COM6
COM15
COM16
COM14
COM4
COM8
COM13
COM12
COM11


!ENTRY com.st.stm32cube.ide.mpu.remote.serial 1 1 2026-05-22 21:21:02.084
!MESSAGE port: COM7

!ENTRY com.st.stm32cube.ide.mpu.remote.serial 1 1 2026-05-22 21:21:02.086
!MESSAGE port: COM6

!ENTRY com.st.stm32cube.ide.mpu.remote.serial 1 1 2026-05-22 21:21:02.088
!MESSAGE port: COM15

!ENTRY com.st.stm32cube.ide.mpu.remote.serial 1 1 2026-05-22 21:21:02.090
!MESSAGE port: COM16

!ENTRY com.st.stm32cube.ide.mpu.remote.serial 1 1 2026-05-22 21:21:02.092
!MESSAGE port: COM14

!ENTRY com.st.stm32cube.ide.mpu.remote.serial 1 1 2026-05-22 21:21:02.093
!MESSAGE port: COM4

!ENTRY com.st.stm32cube.ide.mpu.remote.serial 1 1 2026-05-22 21:21:02.095
!MESSAGE port: COM8

!ENTRY com.st.stm32cube.ide.mpu.remote.serial 1 1 2026-05-22 21:21:02.097
!MESSAGE port: COM13

!ENTRY com.st.stm32cube.ide.mpu.remote.serial 1 1 2026-05-22 21:21:02.098
!MESSAGE port: COM12

!ENTRY com.st.stm32cube.ide.mpu.remote.serial 1 1 2026-05-22 21:21:02.100
!MESSAGE port: COM11

!ENTRY com.st.stm32cube.ide.mpu.remote.serial 1 1 2026-05-22 21:27:24.183
!MESSAGE Executed PowerShell command powershell.exe -Command "Get-CimInstance -ClassName Win32_SerialPort | Select-Object -ExpandProperty DeviceID":
COM7
COM6
COM15
COM16
COM14
COM4
COM8
COM13
COM12
COM11


!ENTRY com.st.stm32cube.ide.mpu.remote.serial 1 1 2026-05-22 21:27:24.190
!MESSAGE port: COM7

!ENTRY com.st.stm32cube.ide.mpu.remote.serial 1 1 2026-05-22 21:27:24.190
!MESSAGE port: COM6

!ENTRY com.st.stm32cube.ide.mpu.remote.serial 1 1 2026-05-22 21:27:24.192
!MESSAGE port: COM15

!ENTRY com.st.stm32cube.ide.mpu.remote.serial 1 1 2026-05-22 21:27:24.192
!MESSAGE port: COM16

!ENTRY com.st.stm32cube.ide.mpu.remote.serial 1 1 2026-05-22 21:27:24.194
!MESSAGE port: COM14

!ENTRY com.st.stm32cube.ide.mpu.remote.serial 1 1 2026-05-22 21:27:24.194
!MESSAGE port: COM4

!ENTRY com.st.stm32cube.ide.mpu.remote.serial 1 1 2026-05-22 21:27:24.196
!MESSAGE port: COM8

!ENTRY com.st.stm32cube.ide.mpu.remote.serial 1 1 2026-05-22 21:27:24.196
!MESSAGE port: COM13

!ENTRY com.st.stm32cube.ide.mpu.remote.serial 1 1 2026-05-22 21:27:24.196
!MESSAGE port: COM12

!ENTRY com.st.stm32cube.ide.mpu.remote.serial 1 1 2026-05-22 21:27:24.198
!MESSAGE port: COM11

!ENTRY com.st.stm32cube.ide.mpu.remote.serial 1 1 2026-05-22 21:38:53.073
!MESSAGE Executed PowerShell command powershell.exe -Command "Get-CimInstance -ClassName Win32_SerialPort | Select-Object -ExpandProperty DeviceID":
COM7
COM6
COM15
COM16
COM14
COM4
COM8
COM13
COM12
COM11


!ENTRY com.st.stm32cube.ide.mpu.remote.serial 1 1 2026-05-22 21:38:53.074
!MESSAGE port: COM7

!ENTRY com.st.stm32cube.ide.mpu.remote.serial 1 1 2026-05-22 21:38:53.075
!MESSAGE port: COM6

!ENTRY com.st.stm32cube.ide.mpu.remote.serial 1 1 2026-05-22 21:38:53.076
!MESSAGE port: COM15

!ENTRY com.st.stm32cube.ide.mpu.remote.serial 1 1 2026-05-22 21:38:53.076
!MESSAGE port: COM16

!ENTRY com.st.stm32cube.ide.mpu.remote.serial 1 1 2026-05-22 21:38:53.077
!MESSAGE port: COM14

!ENTRY com.st.stm32cube.ide.mpu.remote.serial 1 1 2026-05-22 21:38:53.078
!MESSAGE port: COM4

!ENTRY com.st.stm32cube.ide.mpu.remote.serial 1 1 2026-05-22 21:38:53.079
!MESSAGE port: COM8

!ENTRY com.st.stm32cube.ide.mpu.remote.serial 1 1 2026-05-22 21:38:53.080
!MESSAGE port: COM13

!ENTRY com.st.stm32cube.ide.mpu.remote.serial 1 1 2026-05-22 21:38:53.081
!MESSAGE port: COM12

!ENTRY com.st.stm32cube.ide.mpu.remote.serial 1 1 2026-05-22 21:38:53.082
!MESSAGE port: COM11

!ENTRY com.st.stm32cube.ide.mpu.remote.serial 1 1 2026-05-22 21:39:21.529
!MESSAGE Executed PowerShell command powershell.exe -Command "Get-CimInstance -ClassName Win32_SerialPort | Select-Object -ExpandProperty DeviceID":
COM7
COM6
COM15
COM16
COM14
COM4
COM8
COM13
COM12
COM11


!ENTRY com.st.stm32cube.ide.mpu.remote.serial 1 1 2026-05-22 21:39:21.530
!MESSAGE port: COM7

!ENTRY com.st.stm32cube.ide.mpu.remote.serial 1 1 2026-05-22 21:39:21.531
!MESSAGE port: COM6

!ENTRY com.st.stm32cube.ide.mpu.remote.serial 1 1 2026-05-22 21:39:21.532
!MESSAGE port: COM15

!ENTRY com.st.stm32cube.ide.mpu.remote.serial 1 1 2026-05-22 21:39:21.533
!MESSAGE port: COM16

!ENTRY com.st.stm32cube.ide.mpu.remote.serial 1 1 2026-05-22 21:39:21.533
!MESSAGE port: COM14

!ENTRY com.st.stm32cube.ide.mpu.remote.serial 1 1 2026-05-22 21:39:21.534
!MESSAGE port: COM4

!ENTRY com.st.stm32cube.ide.mpu.remote.serial 1 1 2026-05-22 21:39:21.535
!MESSAGE port: COM8

!ENTRY com.st.stm32cube.ide.mpu.remote.serial 1 1 2026-05-22 21:39:21.536
!MESSAGE port: COM13

!ENTRY com.st.stm32cube.ide.mpu.remote.serial 1 1 2026-05-22 21:39:21.537
!MESSAGE port: COM12

!ENTRY com.st.stm32cube.ide.mpu.remote.serial 1 1 2026-05-22 21:39:21.537
!MESSAGE port: COM11

!ENTRY com.st.stm32cube.ide.mpu.remote.serial 1 1 2026-05-22 21:41:14.958
!MESSAGE Executed PowerShell command powershell.exe -Command "Get-CimInstance -ClassName Win32_SerialPort | Select-Object -ExpandProperty DeviceID":
COM7
COM6
COM15
COM16
COM14
COM4
COM8
COM13
COM12
COM11


!ENTRY com.st.stm32cube.ide.mpu.remote.serial 1 1 2026-05-22 21:41:14.960
!MESSAGE port: COM7

!ENTRY com.st.stm32cube.ide.mpu.remote.serial 1 1 2026-05-22 21:41:14.963
!MESSAGE port: COM6

!ENTRY com.st.stm32cube.ide.mpu.remote.serial 1 1 2026-05-22 21:41:14.966
!MESSAGE port: COM15

!ENTRY com.st.stm32cube.ide.mpu.remote.serial 1 1 2026-05-22 21:41:14.968
!MESSAGE port: COM16

!ENTRY com.st.stm32cube.ide.mpu.remote.serial 1 1 2026-05-22 21:41:14.971
!MESSAGE port: COM14

!ENTRY com.st.stm32cube.ide.mpu.remote.serial 1 1 2026-05-22 21:41:14.974
!MESSAGE port: COM4

!ENTRY com.st.stm32cube.ide.mpu.remote.serial 1 1 2026-05-22 21:41:14.976
!MESSAGE port: COM8

!ENTRY com.st.stm32cube.ide.mpu.remote.serial 1 1 2026-05-22 21:41:14.978
!MESSAGE port: COM13

!ENTRY com.st.stm32cube.ide.mpu.remote.serial 1 1 2026-05-22 21:41:14.982
!MESSAGE port: COM12

!ENTRY com.st.stm32cube.ide.mpu.remote.serial 1 1 2026-05-22 21:41:14.984
!MESSAGE port: COM11

!ENTRY com.st.stm32cube.ide.mpu.remote.serial 1 1 2026-05-22 21:41:44.601
!MESSAGE Executed PowerShell command powershell.exe -Command "Get-CimInstance -ClassName Win32_SerialPort | Select-Object -ExpandProperty DeviceID":
COM7
COM6
COM15
COM16
COM14
COM4
COM8
COM13
COM12
COM11


!ENTRY com.st.stm32cube.ide.mpu.remote.serial 1 1 2026-05-22 21:41:44.602
!MESSAGE port: COM7

!ENTRY com.st.stm32cube.ide.mpu.remote.serial 1 1 2026-05-22 21:41:44.603
!MESSAGE port: COM6

!ENTRY com.st.stm32cube.ide.mpu.remote.serial 1 1 2026-05-22 21:41:44.604
!MESSAGE port: COM15

!ENTRY com.st.stm32cube.ide.mpu.remote.serial 1 1 2026-05-22 21:41:44.605
!MESSAGE port: COM16

!ENTRY com.st.stm32cube.ide.mpu.remote.serial 1 1 2026-05-22 21:41:44.606
!MESSAGE port: COM14

!ENTRY com.st.stm32cube.ide.mpu.remote.serial 1 1 2026-05-22 21:41:44.607
!MESSAGE port: COM4

!ENTRY com.st.stm32cube.ide.mpu.remote.serial 1 1 2026-05-22 21:41:44.608
!MESSAGE port: COM8

!ENTRY com.st.stm32cube.ide.mpu.remote.serial 1 1 2026-05-22 21:41:44.608
!MESSAGE port: COM13

!ENTRY com.st.stm32cube.ide.mpu.remote.serial 1 1 2026-05-22 21:41:44.609
!MESSAGE port: COM12

!ENTRY com.st.stm32cube.ide.mpu.remote.serial 1 1 2026-05-22 21:41:44.610
!MESSAGE port: COM11

!ENTRY com.st.stm32cube.ide.mpu.remote.serial 1 1 2026-05-22 21:42:13.257
!MESSAGE Executed PowerShell command powershell.exe -Command "Get-CimInstance -ClassName Win32_SerialPort | Select-Object -ExpandProperty DeviceID":
COM7
COM6
COM15
COM16
COM14
COM4
COM8
COM13
COM12
COM11


!ENTRY com.st.stm32cube.ide.mpu.remote.serial 1 1 2026-05-22 21:42:13.258
!MESSAGE port: COM7

!ENTRY com.st.stm32cube.ide.mpu.remote.serial 1 1 2026-05-22 21:42:13.258
!MESSAGE port: COM6

!ENTRY com.st.stm32cube.ide.mpu.remote.serial 1 1 2026-05-22 21:42:13.259
!MESSAGE port: COM15

!ENTRY com.st.stm32cube.ide.mpu.remote.serial 1 1 2026-05-22 21:42:13.259
!MESSAGE port: COM16

!ENTRY com.st.stm32cube.ide.mpu.remote.serial 1 1 2026-05-22 21:42:13.261
!MESSAGE port: COM14

!ENTRY com.st.stm32cube.ide.mpu.remote.serial 1 1 2026-05-22 21:42:13.261
!MESSAGE port: COM4

!ENTRY com.st.stm32cube.ide.mpu.remote.serial 1 1 2026-05-22 21:42:13.262
!MESSAGE port: COM8

!ENTRY com.st.stm32cube.ide.mpu.remote.serial 1 1 2026-05-22 21:42:13.262
!MESSAGE port: COM13

!ENTRY com.st.stm32cube.ide.mpu.remote.serial 1 1 2026-05-22 21:42:13.263
!MESSAGE port: COM12

!ENTRY com.st.stm32cube.ide.mpu.remote.serial 1 1 2026-05-22 21:42:13.263
!MESSAGE port: COM11

!ENTRY com.st.stm32cube.ide.mpu.remote.serial 1 1 2026-05-22 22:10:05.485
!MESSAGE Executed PowerShell command powershell.exe -Command "Get-CimInstance -ClassName Win32_SerialPort | Select-Object -ExpandProperty DeviceID":
COM7
COM6
COM15
COM16
COM14
COM4
COM8
COM13
COM12
COM11


!ENTRY com.st.stm32cube.ide.mpu.remote.serial 1 1 2026-05-22 22:10:05.486
!MESSAGE port: COM7

!ENTRY com.st.stm32cube.ide.mpu.remote.serial 1 1 2026-05-22 22:10:05.487
!MESSAGE port: COM6

!ENTRY com.st.stm32cube.ide.mpu.remote.serial 1 1 2026-05-22 22:10:05.487
!MESSAGE port: COM15

!ENTRY com.st.stm32cube.ide.mpu.remote.serial 1 1 2026-05-22 22:10:05.488
!MESSAGE port: COM16

!ENTRY com.st.stm32cube.ide.mpu.remote.serial 1 1 2026-05-22 22:10:05.489
!MESSAGE port: COM14

!ENTRY com.st.stm32cube.ide.mpu.remote.serial 1 1 2026-05-22 22:10:05.490
!MESSAGE port: COM4

!ENTRY com.st.stm32cube.ide.mpu.remote.serial 1 1 2026-05-22 22:10:05.491
!MESSAGE port: COM8

!ENTRY com.st.stm32cube.ide.mpu.remote.serial 1 1 2026-05-22 22:10:05.491
!MESSAGE port: COM13

!ENTRY com.st.stm32cube.ide.mpu.remote.serial 1 1 2026-05-22 22:10:05.492
!MESSAGE port: COM12

!ENTRY com.st.stm32cube.ide.mpu.remote.serial 1 1 2026-05-22 22:10:05.493
!MESSAGE port: COM11

!ENTRY com.st.stm32cube.ide.mpu.remote.serial 1 1 2026-05-22 22:10:33.808
!MESSAGE Executed PowerShell command powershell.exe -Command "Get-CimInstance -ClassName Win32_SerialPort | Select-Object -ExpandProperty DeviceID":
COM7
COM6
COM15
COM16
COM14
COM4
COM8
COM13
COM12
COM11


!ENTRY com.st.stm32cube.ide.mpu.remote.serial 1 1 2026-05-22 22:10:33.809
!MESSAGE port: COM7

!ENTRY com.st.stm32cube.ide.mpu.remote.serial 1 1 2026-05-22 22:10:33.809
!MESSAGE port: COM6

!ENTRY com.st.stm32cube.ide.mpu.remote.serial 1 1 2026-05-22 22:10:33.810
!MESSAGE port: COM15

!ENTRY com.st.stm32cube.ide.mpu.remote.serial 1 1 2026-05-22 22:10:33.811
!MESSAGE port: COM16

!ENTRY com.st.stm32cube.ide.mpu.remote.serial 1 1 2026-05-22 22:10:33.812
!MESSAGE port: COM14

!ENTRY com.st.stm32cube.ide.mpu.remote.serial 1 1 2026-05-22 22:10:33.812
!MESSAGE port: COM4

!ENTRY com.st.stm32cube.ide.mpu.remote.serial 1 1 2026-05-22 22:10:33.813
!MESSAGE port: COM8

!ENTRY com.st.stm32cube.ide.mpu.remote.serial 1 1 2026-05-22 22:10:33.814
!MESSAGE port: COM13

!ENTRY com.st.stm32cube.ide.mpu.remote.serial 1 1 2026-05-22 22:10:33.815
!MESSAGE port: COM12

!ENTRY com.st.stm32cube.ide.mpu.remote.serial 1 1 2026-05-22 22:10:33.816
!MESSAGE port: COM11

!ENTRY com.st.stm32cube.ide.mpu.remote.serial 1 1 2026-05-22 22:11:05.408
!MESSAGE Executed PowerShell command powershell.exe -Command "Get-CimInstance -ClassName Win32_SerialPort | Select-Object -ExpandProperty DeviceID":
COM7
COM6
COM15
COM16
COM14
COM4
COM8
COM13
COM12
COM11


!ENTRY com.st.stm32cube.ide.mpu.remote.serial 1 1 2026-05-22 22:11:05.409
!MESSAGE port: COM7

!ENTRY com.st.stm32cube.ide.mpu.remote.serial 1 1 2026-05-22 22:11:05.410
!MESSAGE port: COM6

!ENTRY com.st.stm32cube.ide.mpu.remote.serial 1 1 2026-05-22 22:11:05.410
!MESSAGE port: COM15

!ENTRY com.st.stm32cube.ide.mpu.remote.serial 1 1 2026-05-22 22:11:05.411
!MESSAGE port: COM16

!ENTRY com.st.stm32cube.ide.mpu.remote.serial 1 1 2026-05-22 22:11:05.412
!MESSAGE port: COM14

!ENTRY com.st.stm32cube.ide.mpu.remote.serial 1 1 2026-05-22 22:11:05.413
!MESSAGE port: COM4

!ENTRY com.st.stm32cube.ide.mpu.remote.serial 1 1 2026-05-22 22:11:05.413
!MESSAGE port: COM8

!ENTRY com.st.stm32cube.ide.mpu.remote.serial 1 1 2026-05-22 22:11:05.414
!MESSAGE port: COM13

!ENTRY com.st.stm32cube.ide.mpu.remote.serial 1 1 2026-05-22 22:11:05.415
!MESSAGE port: COM12

!ENTRY com.st.stm32cube.ide.mpu.remote.serial 1 1 2026-05-22 22:11:05.416
!MESSAGE port: COM11

!ENTRY com.st.stm32cube.ide.mpu.remote.serial 1 1 2026-05-22 22:11:33.968
!MESSAGE Executed PowerShell command powershell.exe -Command "Get-CimInstance -ClassName Win32_SerialPort | Select-Object -ExpandProperty DeviceID":
COM7
COM6
COM15
COM16
COM14
COM4
COM8
COM13
COM12
COM11


!ENTRY com.st.stm32cube.ide.mpu.remote.serial 1 1 2026-05-22 22:11:33.969
!MESSAGE port: COM7

!ENTRY com.st.stm32cube.ide.mpu.remote.serial 1 1 2026-05-22 22:11:33.970
!MESSAGE port: COM6

!ENTRY com.st.stm32cube.ide.mpu.remote.serial 1 1 2026-05-22 22:11:33.971
!MESSAGE port: COM15

!ENTRY com.st.stm32cube.ide.mpu.remote.serial 1 1 2026-05-22 22:11:33.971
!MESSAGE port: COM16

!ENTRY com.st.stm32cube.ide.mpu.remote.serial 1 1 2026-05-22 22:11:33.972
!MESSAGE port: COM14

!ENTRY com.st.stm32cube.ide.mpu.remote.serial 1 1 2026-05-22 22:11:33.973
!MESSAGE port: COM4

!ENTRY com.st.stm32cube.ide.mpu.remote.serial 1 1 2026-05-22 22:11:33.974
!MESSAGE port: COM8

!ENTRY com.st.stm32cube.ide.mpu.remote.serial 1 1 2026-05-22 22:11:33.975
!MESSAGE port: COM13

!ENTRY com.st.stm32cube.ide.mpu.remote.serial 1 1 2026-05-22 22:11:33.975
!MESSAGE port: COM12

!ENTRY com.st.stm32cube.ide.mpu.remote.serial 1 1 2026-05-22 22:11:33.976
!MESSAGE port: COM11

!ENTRY com.st.stm32cube.ide.mpu.remote.serial 1 1 2026-05-22 22:12:14.689
!MESSAGE Executed PowerShell command powershell.exe -Command "Get-CimInstance -ClassName Win32_SerialPort | Select-Object -ExpandProperty DeviceID":
COM7
COM6
COM15
COM16
COM14
COM4
COM8
COM13
COM12
COM11


!ENTRY com.st.stm32cube.ide.mpu.remote.serial 1 1 2026-05-22 22:12:14.690
!MESSAGE port: COM7

!ENTRY com.st.stm32cube.ide.mpu.remote.serial 1 1 2026-05-22 22:12:14.691
!MESSAGE port: COM6

!ENTRY com.st.stm32cube.ide.mpu.remote.serial 1 1 2026-05-22 22:12:14.692
!MESSAGE port: COM15

!ENTRY com.st.stm32cube.ide.mpu.remote.serial 1 1 2026-05-22 22:12:14.692
!MESSAGE port: COM16

!ENTRY com.st.stm32cube.ide.mpu.remote.serial 1 1 2026-05-22 22:12:14.693
!MESSAGE port: COM14

!ENTRY com.st.stm32cube.ide.mpu.remote.serial 1 1 2026-05-22 22:12:14.693
!MESSAGE port: COM4

!ENTRY com.st.stm32cube.ide.mpu.remote.serial 1 1 2026-05-22 22:12:14.694
!MESSAGE port: COM8

!ENTRY com.st.stm32cube.ide.mpu.remote.serial 1 1 2026-05-22 22:12:14.695
!MESSAGE port: COM13

!ENTRY com.st.stm32cube.ide.mpu.remote.serial 1 1 2026-05-22 22:12:14.695
!MESSAGE port: COM12

!ENTRY com.st.stm32cube.ide.mpu.remote.serial 1 1 2026-05-22 22:12:14.696
!MESSAGE port: COM11

!ENTRY com.st.stm32cube.ide.mpu.remote.serial 1 1 2026-05-22 22:12:43.035
!MESSAGE Executed PowerShell command powershell.exe -Command "Get-CimInstance -ClassName Win32_SerialPort | Select-Object -ExpandProperty DeviceID":
COM7
COM6
COM15
COM16
COM14
COM4
COM8
COM13
COM12
COM11


!ENTRY com.st.stm32cube.ide.mpu.remote.serial 1 1 2026-05-22 22:12:43.035
!MESSAGE port: COM7

!ENTRY com.st.stm32cube.ide.mpu.remote.serial 1 1 2026-05-22 22:12:43.036
!MESSAGE port: COM6

!ENTRY com.st.stm32cube.ide.mpu.remote.serial 1 1 2026-05-22 22:12:43.037
!MESSAGE port: COM15

!ENTRY com.st.stm32cube.ide.mpu.remote.serial 1 1 2026-05-22 22:12:43.037
!MESSAGE port: COM16

!ENTRY com.st.stm32cube.ide.mpu.remote.serial 1 1 2026-05-22 22:12:43.038
!MESSAGE port: COM14

!ENTRY com.st.stm32cube.ide.mpu.remote.serial 1 1 2026-05-22 22:12:43.039
!MESSAGE port: COM4

!ENTRY com.st.stm32cube.ide.mpu.remote.serial 1 1 2026-05-22 22:12:43.039
!MESSAGE port: COM8

!ENTRY com.st.stm32cube.ide.mpu.remote.serial 1 1 2026-05-22 22:12:43.040
!MESSAGE port: COM13

!ENTRY com.st.stm32cube.ide.mpu.remote.serial 1 1 2026-05-22 22:12:43.040
!MESSAGE port: COM12

!ENTRY com.st.stm32cube.ide.mpu.remote.serial 1 1 2026-05-22 22:12:43.041
!MESSAGE port: COM11

!ENTRY com.st.stm32cube.ide.mpu.remote.serial 1 1 2026-05-22 22:13:11.257
!MESSAGE Executed PowerShell command powershell.exe -Command "Get-CimInstance -ClassName Win32_SerialPort | Select-Object -ExpandProperty DeviceID":
COM7
COM6
COM15
COM16
COM14
COM4
COM8
COM13
COM12
COM11


!ENTRY com.st.stm32cube.ide.mpu.remote.serial 1 1 2026-05-22 22:13:11.258
!MESSAGE port: COM7

!ENTRY com.st.stm32cube.ide.mpu.remote.serial 1 1 2026-05-22 22:13:11.259
!MESSAGE port: COM6

!ENTRY com.st.stm32cube.ide.mpu.remote.serial 1 1 2026-05-22 22:13:11.259
!MESSAGE port: COM15

!ENTRY com.st.stm32cube.ide.mpu.remote.serial 1 1 2026-05-22 22:13:11.260
!MESSAGE port: COM16

!ENTRY com.st.stm32cube.ide.mpu.remote.serial 1 1 2026-05-22 22:13:11.261
!MESSAGE port: COM14

!ENTRY com.st.stm32cube.ide.mpu.remote.serial 1 1 2026-05-22 22:13:11.261
!MESSAGE port: COM4

!ENTRY com.st.stm32cube.ide.mpu.remote.serial 1 1 2026-05-22 22:13:11.262
!MESSAGE port: COM8

!ENTRY com.st.stm32cube.ide.mpu.remote.serial 1 1 2026-05-22 22:13:11.263
!MESSAGE port: COM13

!ENTRY com.st.stm32cube.ide.mpu.remote.serial 1 1 2026-05-22 22:13:11.264
!MESSAGE port: COM12

!ENTRY com.st.stm32cube.ide.mpu.remote.serial 1 1 2026-05-22 22:13:11.264
!MESSAGE port: COM11

!ENTRY com.st.stm32cube.ide.mpu.remote.serial 1 1 2026-05-22 22:14:05.523
!MESSAGE Executed PowerShell command powershell.exe -Command "Get-CimInstance -ClassName Win32_SerialPort | Select-Object -ExpandProperty DeviceID":
COM7
COM6
COM15
COM16
COM14
COM4
COM8
COM13
COM12
COM11


!ENTRY com.st.stm32cube.ide.mpu.remote.serial 1 1 2026-05-22 22:14:05.524
!MESSAGE port: COM7

!ENTRY com.st.stm32cube.ide.mpu.remote.serial 1 1 2026-05-22 22:14:05.525
!MESSAGE port: COM6

!ENTRY com.st.stm32cube.ide.mpu.remote.serial 1 1 2026-05-22 22:14:05.525
!MESSAGE port: COM15

!ENTRY com.st.stm32cube.ide.mpu.remote.serial 1 1 2026-05-22 22:14:05.526
!MESSAGE port: COM16

!ENTRY com.st.stm32cube.ide.mpu.remote.serial 1 1 2026-05-22 22:14:05.527
!MESSAGE port: COM14

!ENTRY com.st.stm32cube.ide.mpu.remote.serial 1 1 2026-05-22 22:14:05.527
!MESSAGE port: COM4

!ENTRY com.st.stm32cube.ide.mpu.remote.serial 1 1 2026-05-22 22:14:05.528
!MESSAGE port: COM8

!ENTRY com.st.stm32cube.ide.mpu.remote.serial 1 1 2026-05-22 22:14:05.528
!MESSAGE port: COM13

!ENTRY com.st.stm32cube.ide.mpu.remote.serial 1 1 2026-05-22 22:14:05.529
!MESSAGE port: COM12

!ENTRY com.st.stm32cube.ide.mpu.remote.serial 1 1 2026-05-22 22:14:05.530
!MESSAGE port: COM11

!ENTRY com.st.stm32cube.ide.mpu.remote.serial 1 1 2026-05-22 22:14:49.641
!MESSAGE Executed PowerShell command powershell.exe -Command "Get-CimInstance -ClassName Win32_SerialPort | Select-Object -ExpandProperty DeviceID":
COM7
COM6
COM15
COM16
COM14
COM4
COM8
COM13
COM12
COM11


!ENTRY com.st.stm32cube.ide.mpu.remote.serial 1 1 2026-05-22 22:14:49.642
!MESSAGE port: COM7

!ENTRY com.st.stm32cube.ide.mpu.remote.serial 1 1 2026-05-22 22:14:49.642
!MESSAGE port: COM6

!ENTRY com.st.stm32cube.ide.mpu.remote.serial 1 1 2026-05-22 22:14:49.643
!MESSAGE port: COM15

!ENTRY com.st.stm32cube.ide.mpu.remote.serial 1 1 2026-05-22 22:14:49.644
!MESSAGE port: COM16

!ENTRY com.st.stm32cube.ide.mpu.remote.serial 1 1 2026-05-22 22:14:49.644
!MESSAGE port: COM14

!ENTRY com.st.stm32cube.ide.mpu.remote.serial 1 1 2026-05-22 22:14:49.646
!MESSAGE port: COM4

!ENTRY com.st.stm32cube.ide.mpu.remote.serial 1 1 2026-05-22 22:14:49.646
!MESSAGE port: COM8

!ENTRY com.st.stm32cube.ide.mpu.remote.serial 1 1 2026-05-22 22:14:49.647
!MESSAGE port: COM13

!ENTRY com.st.stm32cube.ide.mpu.remote.serial 1 1 2026-05-22 22:14:49.648
!MESSAGE port: COM12

!ENTRY com.st.stm32cube.ide.mpu.remote.serial 1 1 2026-05-22 22:14:49.648
!MESSAGE port: COM11

!ENTRY com.st.stm32cube.ide.mpu.remote.serial 1 1 2026-05-22 22:15:17.950
!MESSAGE Executed PowerShell command powershell.exe -Command "Get-CimInstance -ClassName Win32_SerialPort | Select-Object -ExpandProperty DeviceID":
COM7
COM6
COM15
COM16
COM14
COM4
COM8
COM13
COM12
COM11


!ENTRY com.st.stm32cube.ide.mpu.remote.serial 1 1 2026-05-22 22:15:17.951
!MESSAGE port: COM7

!ENTRY com.st.stm32cube.ide.mpu.remote.serial 1 1 2026-05-22 22:15:17.952
!MESSAGE port: COM6

!ENTRY com.st.stm32cube.ide.mpu.remote.serial 1 1 2026-05-22 22:15:17.953
!MESSAGE port: COM15

!ENTRY com.st.stm32cube.ide.mpu.remote.serial 1 1 2026-05-22 22:15:17.954
!MESSAGE port: COM16

!ENTRY com.st.stm32cube.ide.mpu.remote.serial 1 1 2026-05-22 22:15:17.955
!MESSAGE port: COM14

!ENTRY com.st.stm32cube.ide.mpu.remote.serial 1 1 2026-05-22 22:15:17.956
!MESSAGE port: COM4

!ENTRY com.st.stm32cube.ide.mpu.remote.serial 1 1 2026-05-22 22:15:17.956
!MESSAGE port: COM8

!ENTRY com.st.stm32cube.ide.mpu.remote.serial 1 1 2026-05-22 22:15:17.957
!MESSAGE port: COM13

!ENTRY com.st.stm32cube.ide.mpu.remote.serial 1 1 2026-05-22 22:15:17.958
!MESSAGE port: COM12

!ENTRY com.st.stm32cube.ide.mpu.remote.serial 1 1 2026-05-22 22:15:17.959
!MESSAGE port: COM11

!ENTRY com.st.stm32cube.ide.mpu.remote.serial 1 1 2026-05-22 22:15:46.981
!MESSAGE Executed PowerShell command powershell.exe -Command "Get-CimInstance -ClassName Win32_SerialPort | Select-Object -ExpandProperty DeviceID":
COM7
COM6
COM15
COM16
COM14
COM4
COM8
COM13
COM12
COM11


!ENTRY com.st.stm32cube.ide.mpu.remote.serial 1 1 2026-05-22 22:15:46.982
!MESSAGE port: COM7

!ENTRY com.st.stm32cube.ide.mpu.remote.serial 1 1 2026-05-22 22:15:46.983
!MESSAGE port: COM6

!ENTRY com.st.stm32cube.ide.mpu.remote.serial 1 1 2026-05-22 22:15:46.984
!MESSAGE port: COM15

!ENTRY com.st.stm32cube.ide.mpu.remote.serial 1 1 2026-05-22 22:15:46.984
!MESSAGE port: COM16

!ENTRY com.st.stm32cube.ide.mpu.remote.serial 1 1 2026-05-22 22:15:46.985
!MESSAGE port: COM14

!ENTRY com.st.stm32cube.ide.mpu.remote.serial 1 1 2026-05-22 22:15:46.986
!MESSAGE port: COM4

!ENTRY com.st.stm32cube.ide.mpu.remote.serial 1 1 2026-05-22 22:15:46.986
!MESSAGE port: COM8

!ENTRY com.st.stm32cube.ide.mpu.remote.serial 1 1 2026-05-22 22:15:46.987
!MESSAGE port: COM13

!ENTRY com.st.stm32cube.ide.mpu.remote.serial 1 1 2026-05-22 22:15:46.988
!MESSAGE port: COM12

!ENTRY com.st.stm32cube.ide.mpu.remote.serial 1 1 2026-05-22 22:15:46.989
!MESSAGE port: COM11

!ENTRY com.st.stm32cube.ide.mpu.remote.serial 1 1 2026-05-22 22:16:35.537
!MESSAGE Executed PowerShell command powershell.exe -Command "Get-CimInstance -ClassName Win32_SerialPort | Select-Object -ExpandProperty DeviceID":
COM7
COM6
COM15
COM16
COM14
COM4
COM8
COM13
COM12
COM11


!ENTRY com.st.stm32cube.ide.mpu.remote.serial 1 1 2026-05-22 22:16:35.538
!MESSAGE port: COM7

!ENTRY com.st.stm32cube.ide.mpu.remote.serial 1 1 2026-05-22 22:16:35.538
!MESSAGE port: COM6

!ENTRY com.st.stm32cube.ide.mpu.remote.serial 1 1 2026-05-22 22:16:35.539
!MESSAGE port: COM15

!ENTRY com.st.stm32cube.ide.mpu.remote.serial 1 1 2026-05-22 22:16:35.540
!MESSAGE port: COM16

!ENTRY com.st.stm32cube.ide.mpu.remote.serial 1 1 2026-05-22 22:16:35.540
!MESSAGE port: COM14

!ENTRY com.st.stm32cube.ide.mpu.remote.serial 1 1 2026-05-22 22:16:35.541
!MESSAGE port: COM4

!ENTRY com.st.stm32cube.ide.mpu.remote.serial 1 1 2026-05-22 22:16:35.542
!MESSAGE port: COM8

!ENTRY com.st.stm32cube.ide.mpu.remote.serial 1 1 2026-05-22 22:16:35.542
!MESSAGE port: COM13

!ENTRY com.st.stm32cube.ide.mpu.remote.serial 1 1 2026-05-22 22:16:35.543
!MESSAGE port: COM12

!ENTRY com.st.stm32cube.ide.mpu.remote.serial 1 1 2026-05-22 22:16:35.544
!MESSAGE port: COM11

!ENTRY com.st.stm32cube.ide.mpu.remote.serial 1 1 2026-05-22 22:17:03.746
!MESSAGE Executed PowerShell command powershell.exe -Command "Get-CimInstance -ClassName Win32_SerialPort | Select-Object -ExpandProperty DeviceID":
COM7
COM6
COM15
COM16
COM14
COM4
COM8
COM13
COM12
COM11


!ENTRY com.st.stm32cube.ide.mpu.remote.serial 1 1 2026-05-22 22:17:03.747
!MESSAGE port: COM7

!ENTRY com.st.stm32cube.ide.mpu.remote.serial 1 1 2026-05-22 22:17:03.748
!MESSAGE port: COM6

!ENTRY com.st.stm32cube.ide.mpu.remote.serial 1 1 2026-05-22 22:17:03.749
!MESSAGE port: COM15

!ENTRY com.st.stm32cube.ide.mpu.remote.serial 1 1 2026-05-22 22:17:03.750
!MESSAGE port: COM16

!ENTRY com.st.stm32cube.ide.mpu.remote.serial 1 1 2026-05-22 22:17:03.751
!MESSAGE port: COM14

!ENTRY com.st.stm32cube.ide.mpu.remote.serial 1 1 2026-05-22 22:17:03.752
!MESSAGE port: COM4

!ENTRY com.st.stm32cube.ide.mpu.remote.serial 1 1 2026-05-22 22:17:03.752
!MESSAGE port: COM8

!ENTRY com.st.stm32cube.ide.mpu.remote.serial 1 1 2026-05-22 22:17:03.753
!MESSAGE port: COM13

!ENTRY com.st.stm32cube.ide.mpu.remote.serial 1 1 2026-05-22 22:17:03.754
!MESSAGE port: COM12

!ENTRY com.st.stm32cube.ide.mpu.remote.serial 1 1 2026-05-22 22:17:03.755
!MESSAGE port: COM11

!ENTRY com.st.stm32cube.ide.mpu.remote.serial 1 1 2026-05-22 22:17:56.591
!MESSAGE Executed PowerShell command powershell.exe -Command "Get-CimInstance -ClassName Win32_SerialPort | Select-Object -ExpandProperty DeviceID":
COM7
COM6
COM15
COM16
COM14
COM4
COM8
COM13
COM12
COM11


!ENTRY com.st.stm32cube.ide.mpu.remote.serial 1 1 2026-05-22 22:17:56.592
!MESSAGE port: COM7

!ENTRY com.st.stm32cube.ide.mpu.remote.serial 1 1 2026-05-22 22:17:56.593
!MESSAGE port: COM6

!ENTRY com.st.stm32cube.ide.mpu.remote.serial 1 1 2026-05-22 22:17:56.593
!MESSAGE port: COM15

!ENTRY com.st.stm32cube.ide.mpu.remote.serial 1 1 2026-05-22 22:17:56.594
!MESSAGE port: COM16

!ENTRY com.st.stm32cube.ide.mpu.remote.serial 1 1 2026-05-22 22:17:56.595
!MESSAGE port: COM14

!ENTRY com.st.stm32cube.ide.mpu.remote.serial 1 1 2026-05-22 22:17:56.596
!MESSAGE port: COM4

!ENTRY com.st.stm32cube.ide.mpu.remote.serial 1 1 2026-05-22 22:17:56.597
!MESSAGE port: COM8

!ENTRY com.st.stm32cube.ide.mpu.remote.serial 1 1 2026-05-22 22:17:56.597
!MESSAGE port: COM13

!ENTRY com.st.stm32cube.ide.mpu.remote.serial 1 1 2026-05-22 22:17:56.598
!MESSAGE port: COM12

!ENTRY com.st.stm32cube.ide.mpu.remote.serial 1 1 2026-05-22 22:17:56.599
!MESSAGE port: COM11

!ENTRY com.st.stm32cube.ide.mpu.remote.serial 1 1 2026-05-22 22:18:29.213
!MESSAGE Executed PowerShell command powershell.exe -Command "Get-CimInstance -ClassName Win32_SerialPort | Select-Object -ExpandProperty DeviceID":
COM7
COM6
COM15
COM16
COM14
COM4
COM8
COM13
COM12
COM11


!ENTRY com.st.stm32cube.ide.mpu.remote.serial 1 1 2026-05-22 22:18:29.214
!MESSAGE port: COM7

!ENTRY com.st.stm32cube.ide.mpu.remote.serial 1 1 2026-05-22 22:18:29.215
!MESSAGE port: COM6

!ENTRY com.st.stm32cube.ide.mpu.remote.serial 1 1 2026-05-22 22:18:29.215
!MESSAGE port: COM15

!ENTRY com.st.stm32cube.ide.mpu.remote.serial 1 1 2026-05-22 22:18:29.216
!MESSAGE port: COM16

!ENTRY com.st.stm32cube.ide.mpu.remote.serial 1 1 2026-05-22 22:18:29.217
!MESSAGE port: COM14

!ENTRY com.st.stm32cube.ide.mpu.remote.serial 1 1 2026-05-22 22:18:29.217
!MESSAGE port: COM4

!ENTRY com.st.stm32cube.ide.mpu.remote.serial 1 1 2026-05-22 22:18:29.218
!MESSAGE port: COM8

!ENTRY com.st.stm32cube.ide.mpu.remote.serial 1 1 2026-05-22 22:18:29.219
!MESSAGE port: COM13

!ENTRY com.st.stm32cube.ide.mpu.remote.serial 1 1 2026-05-22 22:18:29.219
!MESSAGE port: COM12

!ENTRY com.st.stm32cube.ide.mpu.remote.serial 1 1 2026-05-22 22:18:29.220
!MESSAGE port: COM11

!ENTRY com.st.stm32cube.ide.mpu.remote.serial 1 1 2026-05-22 22:19:21.950
!MESSAGE Executed PowerShell command powershell.exe -Command "Get-CimInstance -ClassName Win32_SerialPort | Select-Object -ExpandProperty DeviceID":
COM7
COM6
COM15
COM16
COM14
COM4
COM8
COM13
COM12
COM11


!ENTRY com.st.stm32cube.ide.mpu.remote.serial 1 1 2026-05-22 22:19:21.951
!MESSAGE port: COM7

!ENTRY com.st.stm32cube.ide.mpu.remote.serial 1 1 2026-05-22 22:19:21.952
!MESSAGE port: COM6

!ENTRY com.st.stm32cube.ide.mpu.remote.serial 1 1 2026-05-22 22:19:21.952
!MESSAGE port: COM15

!ENTRY com.st.stm32cube.ide.mpu.remote.serial 1 1 2026-05-22 22:19:21.953
!MESSAGE port: COM16

!ENTRY com.st.stm32cube.ide.mpu.remote.serial 1 1 2026-05-22 22:19:21.954
!MESSAGE port: COM14

!ENTRY com.st.stm32cube.ide.mpu.remote.serial 1 1 2026-05-22 22:19:21.955
!MESSAGE port: COM4

!ENTRY com.st.stm32cube.ide.mpu.remote.serial 1 1 2026-05-22 22:19:21.956
!MESSAGE port: COM8

!ENTRY com.st.stm32cube.ide.mpu.remote.serial 1 1 2026-05-22 22:19:21.956
!MESSAGE port: COM13

!ENTRY com.st.stm32cube.ide.mpu.remote.serial 1 1 2026-05-22 22:19:21.957
!MESSAGE port: COM12

!ENTRY com.st.stm32cube.ide.mpu.remote.serial 1 1 2026-05-22 22:19:21.958
!MESSAGE port: COM11

!ENTRY com.st.stm32cube.ide.mpu.remote.serial 1 1 2026-05-22 22:19:50.178
!MESSAGE Executed PowerShell command powershell.exe -Command "Get-CimInstance -ClassName Win32_SerialPort | Select-Object -ExpandProperty DeviceID":
COM7
COM6
COM15
COM16
COM14
COM4
COM8
COM13
COM12
COM11


!ENTRY com.st.stm32cube.ide.mpu.remote.serial 1 1 2026-05-22 22:19:50.179
!MESSAGE port: COM7

!ENTRY com.st.stm32cube.ide.mpu.remote.serial 1 1 2026-05-22 22:19:50.180
!MESSAGE port: COM6

!ENTRY com.st.stm32cube.ide.mpu.remote.serial 1 1 2026-05-22 22:19:50.180
!MESSAGE port: COM15

!ENTRY com.st.stm32cube.ide.mpu.remote.serial 1 1 2026-05-22 22:19:50.181
!MESSAGE port: COM16

!ENTRY com.st.stm32cube.ide.mpu.remote.serial 1 1 2026-05-22 22:19:50.181
!MESSAGE port: COM14

!ENTRY com.st.stm32cube.ide.mpu.remote.serial 1 1 2026-05-22 22:19:50.182
!MESSAGE port: COM4

!ENTRY com.st.stm32cube.ide.mpu.remote.serial 1 1 2026-05-22 22:19:50.183
!MESSAGE port: COM8

!ENTRY com.st.stm32cube.ide.mpu.remote.serial 1 1 2026-05-22 22:19:50.183
!MESSAGE port: COM13

!ENTRY com.st.stm32cube.ide.mpu.remote.serial 1 1 2026-05-22 22:19:50.184
!MESSAGE port: COM12

!ENTRY com.st.stm32cube.ide.mpu.remote.serial 1 1 2026-05-22 22:19:50.184
!MESSAGE port: COM11

!ENTRY com.st.stm32cube.ide.mpu.remote.serial 1 1 2026-05-22 22:20:27.851
!MESSAGE Executed PowerShell command powershell.exe -Command "Get-CimInstance -ClassName Win32_SerialPort | Select-Object -ExpandProperty DeviceID":
COM7
COM6
COM15
COM16
COM14
COM4
COM8
COM13
COM12
COM11


!ENTRY com.st.stm32cube.ide.mpu.remote.serial 1 1 2026-05-22 22:20:27.851
!MESSAGE port: COM7

!ENTRY com.st.stm32cube.ide.mpu.remote.serial 1 1 2026-05-22 22:20:27.852
!MESSAGE port: COM6

!ENTRY com.st.stm32cube.ide.mpu.remote.serial 1 1 2026-05-22 22:20:27.853
!MESSAGE port: COM15

!ENTRY com.st.stm32cube.ide.mpu.remote.serial 1 1 2026-05-22 22:20:27.853
!MESSAGE port: COM16

!ENTRY com.st.stm32cube.ide.mpu.remote.serial 1 1 2026-05-22 22:20:27.854
!MESSAGE port: COM14

!ENTRY com.st.stm32cube.ide.mpu.remote.serial 1 1 2026-05-22 22:20:27.855
!MESSAGE port: COM4

!ENTRY com.st.stm32cube.ide.mpu.remote.serial 1 1 2026-05-22 22:20:27.856
!MESSAGE port: COM8

!ENTRY com.st.stm32cube.ide.mpu.remote.serial 1 1 2026-05-22 22:20:27.856
!MESSAGE port: COM13

!ENTRY com.st.stm32cube.ide.mpu.remote.serial 1 1 2026-05-22 22:20:27.857
!MESSAGE port: COM12

!ENTRY com.st.stm32cube.ide.mpu.remote.serial 1 1 2026-05-22 22:20:27.858
!MESSAGE port: COM11

!ENTRY com.st.stm32cube.ide.mpu.remote.serial 1 1 2026-05-22 22:20:57.426
!MESSAGE Executed PowerShell command powershell.exe -Command "Get-CimInstance -ClassName Win32_SerialPort | Select-Object -ExpandProperty DeviceID":
COM7
COM6
COM15
COM16
COM14
COM4
COM8
COM13
COM12
COM11


!ENTRY com.st.stm32cube.ide.mpu.remote.serial 1 1 2026-05-22 22:20:57.427
!MESSAGE port: COM7

!ENTRY com.st.stm32cube.ide.mpu.remote.serial 1 1 2026-05-22 22:20:57.428
!MESSAGE port: COM6

!ENTRY com.st.stm32cube.ide.mpu.remote.serial 1 1 2026-05-22 22:20:57.429
!MESSAGE port: COM15

!ENTRY com.st.stm32cube.ide.mpu.remote.serial 1 1 2026-05-22 22:20:57.429
!MESSAGE port: COM16

!ENTRY com.st.stm32cube.ide.mpu.remote.serial 1 1 2026-05-22 22:20:57.430
!MESSAGE port: COM14

!ENTRY com.st.stm32cube.ide.mpu.remote.serial 1 1 2026-05-22 22:20:57.430
!MESSAGE port: COM4

!ENTRY com.st.stm32cube.ide.mpu.remote.serial 1 1 2026-05-22 22:20:57.431
!MESSAGE port: COM8

!ENTRY com.st.stm32cube.ide.mpu.remote.serial 1 1 2026-05-22 22:20:57.432
!MESSAGE port: COM13

!ENTRY com.st.stm32cube.ide.mpu.remote.serial 1 1 2026-05-22 22:20:57.432
!MESSAGE port: COM12

!ENTRY com.st.stm32cube.ide.mpu.remote.serial 1 1 2026-05-22 22:20:57.433
!MESSAGE port: COM11

!ENTRY com.st.stm32cube.ide.mpu.remote.serial 1 1 2026-05-23 14:10:56.455
!MESSAGE Executed PowerShell command powershell.exe -Command "Get-CimInstance -ClassName Win32_SerialPort | Select-Object -ExpandProperty DeviceID":
COM7
COM6
COM15
COM16
COM14
COM4
COM8
COM13
COM12
COM11


!ENTRY com.st.stm32cube.ide.mpu.remote.serial 1 1 2026-05-23 14:10:56.456
!MESSAGE port: COM7

!ENTRY com.st.stm32cube.ide.mpu.remote.serial 1 1 2026-05-23 14:10:56.457
!MESSAGE port: COM6

!ENTRY com.st.stm32cube.ide.mpu.remote.serial 1 1 2026-05-23 14:10:56.458
!MESSAGE port: COM15

!ENTRY com.st.stm32cube.ide.mpu.remote.serial 1 1 2026-05-23 14:10:56.459
!MESSAGE port: COM16

!ENTRY com.st.stm32cube.ide.mpu.remote.serial 1 1 2026-05-23 14:10:56.460
!MESSAGE port: COM14

!ENTRY com.st.stm32cube.ide.mpu.remote.serial 1 1 2026-05-23 14:10:56.460
!MESSAGE port: COM4

!ENTRY com.st.stm32cube.ide.mpu.remote.serial 1 1 2026-05-23 14:10:56.461
!MESSAGE port: COM8

!ENTRY com.st.stm32cube.ide.mpu.remote.serial 1 1 2026-05-23 14:10:56.462
!MESSAGE port: COM13

!ENTRY com.st.stm32cube.ide.mpu.remote.serial 1 1 2026-05-23 14:10:56.462
!MESSAGE port: COM12

!ENTRY com.st.stm32cube.ide.mpu.remote.serial 1 1 2026-05-23 14:10:56.463
!MESSAGE port: COM11

!ENTRY com.st.stm32cube.ide.mpu.remote.serial 1 1 2026-05-23 11:29:17.478
!MESSAGE Executed PowerShell command powershell.exe -Command "Get-CimInstance -ClassName Win32_SerialPort | Select-Object -ExpandProperty DeviceID":
COM7
COM6
COM15
COM16
COM14
COM4
COM8
COM13
COM12
COM11


!ENTRY com.st.stm32cube.ide.mpu.remote.serial 1 1 2026-05-23 11:29:17.480
!MESSAGE port: COM7

!ENTRY com.st.stm32cube.ide.mpu.remote.serial 1 1 2026-05-23 11:29:17.481
!MESSAGE port: COM6

!ENTRY com.st.stm32cube.ide.mpu.remote.serial 1 1 2026-05-23 11:29:17.482
!MESSAGE port: COM15

!ENTRY com.st.stm32cube.ide.mpu.remote.serial 1 1 2026-05-23 11:29:17.483
!MESSAGE port: COM16

!ENTRY com.st.stm32cube.ide.mpu.remote.serial 1 1 2026-05-23 11:29:17.483
!MESSAGE port: COM14

!ENTRY com.st.stm32cube.ide.mpu.remote.serial 1 1 2026-05-23 11:29:17.484
!MESSAGE port: COM4

!ENTRY com.st.stm32cube.ide.mpu.remote.serial 1 1 2026-05-23 11:29:17.485
!MESSAGE port: COM8

!ENTRY com.st.stm32cube.ide.mpu.remote.serial 1 1 2026-05-23 11:29:17.485
!MESSAGE port: COM13

!ENTRY com.st.stm32cube.ide.mpu.remote.serial 1 1 2026-05-23 11:29:17.486
!MESSAGE port: COM12

!ENTRY com.st.stm32cube.ide.mpu.remote.serial 1 1 2026-05-23 11:29:17.486
!MESSAGE port: COM11

!ENTRY com.st.stm32cube.ide.mpu.remote.serial 1 1 2026-05-23 11:30:07.270
!MESSAGE Executed PowerShell command powershell.exe -Command "Get-CimInstance -ClassName Win32_SerialPort | Select-Object -ExpandProperty DeviceID":
COM7
COM6
COM15
COM16
COM14
COM4
COM8
COM13
COM12
COM11


!ENTRY com.st.stm32cube.ide.mpu.remote.serial 1 1 2026-05-23 11:30:07.271
!MESSAGE port: COM7

!ENTRY com.st.stm32cube.ide.mpu.remote.serial 1 1 2026-05-23 11:30:07.272
!MESSAGE port: COM6

!ENTRY com.st.stm32cube.ide.mpu.remote.serial 1 1 2026-05-23 11:30:07.273
!MESSAGE port: COM15

!ENTRY com.st.stm32cube.ide.mpu.remote.serial 1 1 2026-05-23 11:30:07.274
!MESSAGE port: COM16

!ENTRY com.st.stm32cube.ide.mpu.remote.serial 1 1 2026-05-23 11:30:07.275
!MESSAGE port: COM14

!ENTRY com.st.stm32cube.ide.mpu.remote.serial 1 1 2026-05-23 11:30:07.276
!MESSAGE port: COM4

!ENTRY com.st.stm32cube.ide.mpu.remote.serial 1 1 2026-05-23 11:30:07.276
!MESSAGE port: COM8

!ENTRY com.st.stm32cube.ide.mpu.remote.serial 1 1 2026-05-23 11:30:07.277
!MESSAGE port: COM13

!ENTRY com.st.stm32cube.ide.mpu.remote.serial 1 1 2026-05-23 11:30:07.278
!MESSAGE port: COM12

!ENTRY com.st.stm32cube.ide.mpu.remote.serial 1 1 2026-05-23 11:30:07.279
!MESSAGE port: COM11

!ENTRY com.st.stm32cube.ide.mpu.remote.serial 1 1 2026-05-23 11:30:36.355
!MESSAGE Executed PowerShell command powershell.exe -Command "Get-CimInstance -ClassName Win32_SerialPort | Select-Object -ExpandProperty DeviceID":
COM7
COM6
COM15
COM16
COM14
COM4
COM8
COM13
COM12
COM11


!ENTRY com.st.stm32cube.ide.mpu.remote.serial 1 1 2026-05-23 11:30:36.356
!MESSAGE port: COM7

!ENTRY com.st.stm32cube.ide.mpu.remote.serial 1 1 2026-05-23 11:30:36.357
!MESSAGE port: COM6

!ENTRY com.st.stm32cube.ide.mpu.remote.serial 1 1 2026-05-23 11:30:36.358
!MESSAGE port: COM15

!ENTRY com.st.stm32cube.ide.mpu.remote.serial 1 1 2026-05-23 11:30:36.359
!MESSAGE port: COM16

!ENTRY com.st.stm32cube.ide.mpu.remote.serial 1 1 2026-05-23 11:30:36.360
!MESSAGE port: COM14

!ENTRY com.st.stm32cube.ide.mpu.remote.serial 1 1 2026-05-23 11:30:36.361
!MESSAGE port: COM4

!ENTRY com.st.stm32cube.ide.mpu.remote.serial 1 1 2026-05-23 11:30:36.363
!MESSAGE port: COM8

!ENTRY com.st.stm32cube.ide.mpu.remote.serial 1 1 2026-05-23 11:30:36.364
!MESSAGE port: COM13

!ENTRY com.st.stm32cube.ide.mpu.remote.serial 1 1 2026-05-23 11:30:36.365
!MESSAGE port: COM12

!ENTRY com.st.stm32cube.ide.mpu.remote.serial 1 1 2026-05-23 11:30:36.366
!MESSAGE port: COM11

!ENTRY com.st.stm32cube.ide.mpu.remote.serial 1 1 2026-05-23 11:31:47.769
!MESSAGE Executed PowerShell command powershell.exe -Command "Get-CimInstance -ClassName Win32_SerialPort | Select-Object -ExpandProperty DeviceID":
COM7
COM6
COM15
COM16
COM14
COM4
COM8
COM13
COM12
COM11


!ENTRY com.st.stm32cube.ide.mpu.remote.serial 1 1 2026-05-23 11:31:47.772
!MESSAGE port: COM7

!ENTRY com.st.stm32cube.ide.mpu.remote.serial 1 1 2026-05-23 11:31:47.774
!MESSAGE port: COM6

!ENTRY com.st.stm32cube.ide.mpu.remote.serial 1 1 2026-05-23 11:31:47.776
!MESSAGE port: COM15

!ENTRY com.st.stm32cube.ide.mpu.remote.serial 1 1 2026-05-23 11:31:47.778
!MESSAGE port: COM16

!ENTRY com.st.stm32cube.ide.mpu.remote.serial 1 1 2026-05-23 11:31:47.780
!MESSAGE port: COM14

!ENTRY com.st.stm32cube.ide.mpu.remote.serial 1 1 2026-05-23 11:31:47.782
!MESSAGE port: COM4

!ENTRY com.st.stm32cube.ide.mpu.remote.serial 1 1 2026-05-23 11:31:47.784
!MESSAGE port: COM8

!ENTRY com.st.stm32cube.ide.mpu.remote.serial 1 1 2026-05-23 11:31:47.786
!MESSAGE port: COM13

!ENTRY com.st.stm32cube.ide.mpu.remote.serial 1 1 2026-05-23 11:31:47.788
!MESSAGE port: COM12

!ENTRY com.st.stm32cube.ide.mpu.remote.serial 1 1 2026-05-23 11:31:47.790
!MESSAGE port: COM11

!ENTRY com.st.stm32cube.ide.mpu.remote.serial 1 1 2026-05-23 11:32:16.983
!MESSAGE Executed PowerShell command powershell.exe -Command "Get-CimInstance -ClassName Win32_SerialPort | Select-Object -ExpandProperty DeviceID":
COM7
COM6
COM15
COM16
COM14
COM4
COM8
COM13
COM12
COM11


!ENTRY com.st.stm32cube.ide.mpu.remote.serial 1 1 2026-05-23 11:32:16.984
!MESSAGE port: COM7

!ENTRY com.st.stm32cube.ide.mpu.remote.serial 1 1 2026-05-23 11:32:16.986
!MESSAGE port: COM6

!ENTRY com.st.stm32cube.ide.mpu.remote.serial 1 1 2026-05-23 11:32:16.987
!MESSAGE port: COM15

!ENTRY com.st.stm32cube.ide.mpu.remote.serial 1 1 2026-05-23 11:32:16.989
!MESSAGE port: COM16

!ENTRY com.st.stm32cube.ide.mpu.remote.serial 1 1 2026-05-23 11:32:16.990
!MESSAGE port: COM14

!ENTRY com.st.stm32cube.ide.mpu.remote.serial 1 1 2026-05-23 11:32:16.992
!MESSAGE port: COM4

!ENTRY com.st.stm32cube.ide.mpu.remote.serial 1 1 2026-05-23 11:32:16.993
!MESSAGE port: COM8

!ENTRY com.st.stm32cube.ide.mpu.remote.serial 1 1 2026-05-23 11:32:16.994
!MESSAGE port: COM13

!ENTRY com.st.stm32cube.ide.mpu.remote.serial 1 1 2026-05-23 11:32:16.996
!MESSAGE port: COM12

!ENTRY com.st.stm32cube.ide.mpu.remote.serial 1 1 2026-05-23 11:32:16.997
!MESSAGE port: COM11

!ENTRY com.st.stm32cube.ide.mpu.remote.serial 1 1 2026-05-23 11:33:58.214
!MESSAGE Executed PowerShell command powershell.exe -Command "Get-CimInstance -ClassName Win32_SerialPort | Select-Object -ExpandProperty DeviceID":
COM7
COM6
COM15
COM16
COM14
COM4
COM8
COM13
COM12
COM11


!ENTRY com.st.stm32cube.ide.mpu.remote.serial 1 1 2026-05-23 11:33:58.216
!MESSAGE port: COM7

!ENTRY com.st.stm32cube.ide.mpu.remote.serial 1 1 2026-05-23 11:33:58.218
!MESSAGE port: COM6

!ENTRY com.st.stm32cube.ide.mpu.remote.serial 1 1 2026-05-23 11:33:58.220
!MESSAGE port: COM15

!ENTRY com.st.stm32cube.ide.mpu.remote.serial 1 1 2026-05-23 11:33:58.222
!MESSAGE port: COM16

!ENTRY com.st.stm32cube.ide.mpu.remote.serial 1 1 2026-05-23 11:33:58.223
!MESSAGE port: COM14

!ENTRY com.st.stm32cube.ide.mpu.remote.serial 1 1 2026-05-23 11:33:58.225
!MESSAGE port: COM4

!ENTRY com.st.stm32cube.ide.mpu.remote.serial 1 1 2026-05-23 11:33:58.226
!MESSAGE port: COM8

!ENTRY com.st.stm32cube.ide.mpu.remote.serial 1 1 2026-05-23 11:33:58.227
!MESSAGE port: COM13

!ENTRY com.st.stm32cube.ide.mpu.remote.serial 1 1 2026-05-23 11:33:58.229
!MESSAGE port: COM12

!ENTRY com.st.stm32cube.ide.mpu.remote.serial 1 1 2026-05-23 11:33:58.230
!MESSAGE port: COM11

!ENTRY com.st.stm32cube.ide.mpu.remote.serial 1 1 2026-05-23 11:35:52.090
!MESSAGE Executed PowerShell command powershell.exe -Command "Get-CimInstance -ClassName Win32_SerialPort | Select-Object -ExpandProperty DeviceID":
COM7
COM6
COM15
COM16
COM14
COM4
COM8
COM13
COM12
COM11


!ENTRY com.st.stm32cube.ide.mpu.remote.serial 1 1 2026-05-23 11:35:52.091
!MESSAGE port: COM7

!ENTRY com.st.stm32cube.ide.mpu.remote.serial 1 1 2026-05-23 11:35:52.092
!MESSAGE port: COM6

!ENTRY com.st.stm32cube.ide.mpu.remote.serial 1 1 2026-05-23 11:35:52.093
!MESSAGE port: COM15

!ENTRY com.st.stm32cube.ide.mpu.remote.serial 1 1 2026-05-23 11:35:52.094
!MESSAGE port: COM16

!ENTRY com.st.stm32cube.ide.mpu.remote.serial 1 1 2026-05-23 11:35:52.095
!MESSAGE port: COM14

!ENTRY com.st.stm32cube.ide.mpu.remote.serial 1 1 2026-05-23 11:35:52.096
!MESSAGE port: COM4

!ENTRY com.st.stm32cube.ide.mpu.remote.serial 1 1 2026-05-23 11:35:52.098
!MESSAGE port: COM8

!ENTRY com.st.stm32cube.ide.mpu.remote.serial 1 1 2026-05-23 11:35:52.099
!MESSAGE port: COM13

!ENTRY com.st.stm32cube.ide.mpu.remote.serial 1 1 2026-05-23 11:35:52.100
!MESSAGE port: COM12

!ENTRY com.st.stm32cube.ide.mpu.remote.serial 1 1 2026-05-23 11:35:52.101
!MESSAGE port: COM11

!ENTRY com.st.stm32cube.ide.mpu.remote.serial 1 1 2026-05-23 11:36:20.958
!MESSAGE Executed PowerShell command powershell.exe -Command "Get-CimInstance -ClassName Win32_SerialPort | Select-Object -ExpandProperty DeviceID":
COM7
COM6
COM15
COM16
COM14
COM4
COM8
COM13
COM12
COM11


!ENTRY com.st.stm32cube.ide.mpu.remote.serial 1 1 2026-05-23 11:36:20.959
!MESSAGE port: COM7

!ENTRY com.st.stm32cube.ide.mpu.remote.serial 1 1 2026-05-23 11:36:20.960
!MESSAGE port: COM6

!ENTRY com.st.stm32cube.ide.mpu.remote.serial 1 1 2026-05-23 11:36:20.961
!MESSAGE port: COM15

!ENTRY com.st.stm32cube.ide.mpu.remote.serial 1 1 2026-05-23 11:36:20.962
!MESSAGE port: COM16

!ENTRY com.st.stm32cube.ide.mpu.remote.serial 1 1 2026-05-23 11:36:20.963
!MESSAGE port: COM14

!ENTRY com.st.stm32cube.ide.mpu.remote.serial 1 1 2026-05-23 11:36:20.964
!MESSAGE port: COM4

!ENTRY com.st.stm32cube.ide.mpu.remote.serial 1 1 2026-05-23 11:36:20.965
!MESSAGE port: COM8

!ENTRY com.st.stm32cube.ide.mpu.remote.serial 1 1 2026-05-23 11:36:20.966
!MESSAGE port: COM13

!ENTRY com.st.stm32cube.ide.mpu.remote.serial 1 1 2026-05-23 11:36:20.966
!MESSAGE port: COM12

!ENTRY com.st.stm32cube.ide.mpu.remote.serial 1 1 2026-05-23 11:36:20.967
!MESSAGE port: COM11

!ENTRY com.st.stm32cube.ide.mpu.remote.serial 1 1 2026-05-23 12:07:12.644
!MESSAGE Executed PowerShell command powershell.exe -Command "Get-CimInstance -ClassName Win32_SerialPort | Select-Object -ExpandProperty DeviceID":
COM7
COM6
COM15
COM16
COM14
COM4
COM8
COM13
COM12
COM11


!ENTRY com.st.stm32cube.ide.mpu.remote.serial 1 1 2026-05-23 12:07:12.645
!MESSAGE port: COM7

!ENTRY com.st.stm32cube.ide.mpu.remote.serial 1 1 2026-05-23 12:07:12.646
!MESSAGE port: COM6

!ENTRY com.st.stm32cube.ide.mpu.remote.serial 1 1 2026-05-23 12:07:12.647
!MESSAGE port: COM15

!ENTRY com.st.stm32cube.ide.mpu.remote.serial 1 1 2026-05-23 12:07:12.648
!MESSAGE port: COM16

!ENTRY com.st.stm32cube.ide.mpu.remote.serial 1 1 2026-05-23 12:07:12.649
!MESSAGE port: COM14

!ENTRY com.st.stm32cube.ide.mpu.remote.serial 1 1 2026-05-23 12:07:12.650
!MESSAGE port: COM4

!ENTRY com.st.stm32cube.ide.mpu.remote.serial 1 1 2026-05-23 12:07:12.651
!MESSAGE port: COM8

!ENTRY com.st.stm32cube.ide.mpu.remote.serial 1 1 2026-05-23 12:07:12.652
!MESSAGE port: COM13

!ENTRY com.st.stm32cube.ide.mpu.remote.serial 1 1 2026-05-23 12:07:12.653
!MESSAGE port: COM12

!ENTRY com.st.stm32cube.ide.mpu.remote.serial 1 1 2026-05-23 12:07:12.654
!MESSAGE port: COM11

!ENTRY com.st.stm32cube.ide.mpu.remote.serial 1 1 2026-05-23 12:07:41.728
!MESSAGE Executed PowerShell command powershell.exe -Command "Get-CimInstance -ClassName Win32_SerialPort | Select-Object -ExpandProperty DeviceID":
COM7
COM6
COM15
COM16
COM14
COM4
COM8
COM13
COM12
COM11


!ENTRY com.st.stm32cube.ide.mpu.remote.serial 1 1 2026-05-23 12:07:41.731
!MESSAGE port: COM7

!ENTRY com.st.stm32cube.ide.mpu.remote.serial 1 1 2026-05-23 12:07:41.733
!MESSAGE port: COM6

!ENTRY com.st.stm32cube.ide.mpu.remote.serial 1 1 2026-05-23 12:07:41.734
!MESSAGE port: COM15

!ENTRY com.st.stm32cube.ide.mpu.remote.serial 1 1 2026-05-23 12:07:41.736
!MESSAGE port: COM16

!ENTRY com.st.stm32cube.ide.mpu.remote.serial 1 1 2026-05-23 12:07:41.739
!MESSAGE port: COM14

!ENTRY com.st.stm32cube.ide.mpu.remote.serial 1 1 2026-05-23 12:07:41.741
!MESSAGE port: COM4

!ENTRY com.st.stm32cube.ide.mpu.remote.serial 1 1 2026-05-23 12:07:41.743
!MESSAGE port: COM8

!ENTRY com.st.stm32cube.ide.mpu.remote.serial 1 1 2026-05-23 12:07:41.745
!MESSAGE port: COM13

!ENTRY com.st.stm32cube.ide.mpu.remote.serial 1 1 2026-05-23 12:07:41.747
!MESSAGE port: COM12

!ENTRY com.st.stm32cube.ide.mpu.remote.serial 1 1 2026-05-23 12:07:41.749
!MESSAGE port: COM11

!ENTRY com.st.stm32cube.ide.mpu.remote.serial 1 1 2026-05-23 12:11:19.580
!MESSAGE Executed PowerShell command powershell.exe -Command "Get-CimInstance -ClassName Win32_SerialPort | Select-Object -ExpandProperty DeviceID":
COM7
COM6
COM15
COM16
COM14
COM4
COM8
COM13
COM12
COM11


!ENTRY com.st.stm32cube.ide.mpu.remote.serial 1 1 2026-05-23 12:11:19.582
!MESSAGE port: COM7

!ENTRY com.st.stm32cube.ide.mpu.remote.serial 1 1 2026-05-23 12:11:19.584
!MESSAGE port: COM6

!ENTRY com.st.stm32cube.ide.mpu.remote.serial 1 1 2026-05-23 12:11:19.586
!MESSAGE port: COM15

!ENTRY com.st.stm32cube.ide.mpu.remote.serial 1 1 2026-05-23 12:11:19.588
!MESSAGE port: COM16

!ENTRY com.st.stm32cube.ide.mpu.remote.serial 1 1 2026-05-23 12:11:19.591
!MESSAGE port: COM14

!ENTRY com.st.stm32cube.ide.mpu.remote.serial 1 1 2026-05-23 12:11:19.593
!MESSAGE port: COM4

!ENTRY com.st.stm32cube.ide.mpu.remote.serial 1 1 2026-05-23 12:11:19.595
!MESSAGE port: COM8

!ENTRY com.st.stm32cube.ide.mpu.remote.serial 1 1 2026-05-23 12:11:19.596
!MESSAGE port: COM13

!ENTRY com.st.stm32cube.ide.mpu.remote.serial 1 1 2026-05-23 12:11:19.598
!MESSAGE port: COM12

!ENTRY com.st.stm32cube.ide.mpu.remote.serial 1 1 2026-05-23 12:11:19.599
!MESSAGE port: COM11

!ENTRY com.st.stm32cube.ide.mpu.remote.serial 1 1 2026-05-23 12:11:48.960
!MESSAGE Executed PowerShell command powershell.exe -Command "Get-CimInstance -ClassName Win32_SerialPort | Select-Object -ExpandProperty DeviceID":
COM7
COM6
COM15
COM16
COM14
COM4
COM8
COM13
COM12
COM11


!ENTRY com.st.stm32cube.ide.mpu.remote.serial 1 1 2026-05-23 12:11:48.961
!MESSAGE port: COM7

!ENTRY com.st.stm32cube.ide.mpu.remote.serial 1 1 2026-05-23 12:11:48.962
!MESSAGE port: COM6

!ENTRY com.st.stm32cube.ide.mpu.remote.serial 1 1 2026-05-23 12:11:48.962
!MESSAGE port: COM15

!ENTRY com.st.stm32cube.ide.mpu.remote.serial 1 1 2026-05-23 12:11:48.963
!MESSAGE port: COM16

!ENTRY com.st.stm32cube.ide.mpu.remote.serial 1 1 2026-05-23 12:11:48.964
!MESSAGE port: COM14

!ENTRY com.st.stm32cube.ide.mpu.remote.serial 1 1 2026-05-23 12:11:48.965
!MESSAGE port: COM4

!ENTRY com.st.stm32cube.ide.mpu.remote.serial 1 1 2026-05-23 12:11:48.965
!MESSAGE port: COM8

!ENTRY com.st.stm32cube.ide.mpu.remote.serial 1 1 2026-05-23 12:11:48.966
!MESSAGE port: COM13

!ENTRY com.st.stm32cube.ide.mpu.remote.serial 1 1 2026-05-23 12:11:48.967
!MESSAGE port: COM12

!ENTRY com.st.stm32cube.ide.mpu.remote.serial 1 1 2026-05-23 12:11:48.968
!MESSAGE port: COM11

!ENTRY com.st.stm32cube.ide.mpu.remote.serial 1 1 2026-05-23 12:12:18.198
!MESSAGE Executed PowerShell command powershell.exe -Command "Get-CimInstance -ClassName Win32_SerialPort | Select-Object -ExpandProperty DeviceID":
COM7
COM6
COM15
COM16
COM14
COM4
COM8
COM13
COM12
COM11


!ENTRY com.st.stm32cube.ide.mpu.remote.serial 1 1 2026-05-23 12:12:18.201
!MESSAGE port: COM7

!ENTRY com.st.stm32cube.ide.mpu.remote.serial 1 1 2026-05-23 12:12:18.202
!MESSAGE port: COM6

!ENTRY com.st.stm32cube.ide.mpu.remote.serial 1 1 2026-05-23 12:12:18.203
!MESSAGE port: COM15

!ENTRY com.st.stm32cube.ide.mpu.remote.serial 1 1 2026-05-23 12:12:18.205
!MESSAGE port: COM16

!ENTRY com.st.stm32cube.ide.mpu.remote.serial 1 1 2026-05-23 12:12:18.206
!MESSAGE port: COM14

!ENTRY com.st.stm32cube.ide.mpu.remote.serial 1 1 2026-05-23 12:12:18.208
!MESSAGE port: COM4

!ENTRY com.st.stm32cube.ide.mpu.remote.serial 1 1 2026-05-23 12:12:18.209
!MESSAGE port: COM8

!ENTRY com.st.stm32cube.ide.mpu.remote.serial 1 1 2026-05-23 12:12:18.210
!MESSAGE port: COM13

!ENTRY com.st.stm32cube.ide.mpu.remote.serial 1 1 2026-05-23 12:12:18.212
!MESSAGE port: COM12

!ENTRY com.st.stm32cube.ide.mpu.remote.serial 1 1 2026-05-23 12:12:18.213
!MESSAGE port: COM11

!ENTRY com.st.stm32cube.ide.mpu.remote.serial 1 1 2026-05-23 12:12:57.080
!MESSAGE Executed PowerShell command powershell.exe -Command "Get-CimInstance -ClassName Win32_SerialPort | Select-Object -ExpandProperty DeviceID":
COM7
COM6
COM15
COM16
COM14
COM4
COM8
COM13
COM12
COM11


!ENTRY com.st.stm32cube.ide.mpu.remote.serial 1 1 2026-05-23 12:12:57.081
!MESSAGE port: COM7

!ENTRY com.st.stm32cube.ide.mpu.remote.serial 1 1 2026-05-23 12:12:57.082
!MESSAGE port: COM6

!ENTRY com.st.stm32cube.ide.mpu.remote.serial 1 1 2026-05-23 12:12:57.083
!MESSAGE port: COM15

!ENTRY com.st.stm32cube.ide.mpu.remote.serial 1 1 2026-05-23 12:12:57.083
!MESSAGE port: COM16

!ENTRY com.st.stm32cube.ide.mpu.remote.serial 1 1 2026-05-23 12:12:57.084
!MESSAGE port: COM14

!ENTRY com.st.stm32cube.ide.mpu.remote.serial 1 1 2026-05-23 12:12:57.085
!MESSAGE port: COM4

!ENTRY com.st.stm32cube.ide.mpu.remote.serial 1 1 2026-05-23 12:12:57.086
!MESSAGE port: COM8

!ENTRY com.st.stm32cube.ide.mpu.remote.serial 1 1 2026-05-23 12:12:57.086
!MESSAGE port: COM13

!ENTRY com.st.stm32cube.ide.mpu.remote.serial 1 1 2026-05-23 12:12:57.086
!MESSAGE port: COM12

!ENTRY com.st.stm32cube.ide.mpu.remote.serial 1 1 2026-05-23 12:12:57.087
!MESSAGE port: COM11

!ENTRY com.st.stm32cube.ide.mpu.remote.serial 1 1 2026-05-23 12:13:25.522
!MESSAGE Executed PowerShell command powershell.exe -Command "Get-CimInstance -ClassName Win32_SerialPort | Select-Object -ExpandProperty DeviceID":
COM7
COM6
COM15
COM16
COM14
COM4
COM8
COM13
COM12
COM11


!ENTRY com.st.stm32cube.ide.mpu.remote.serial 1 1 2026-05-23 12:13:25.526
!MESSAGE port: COM7

!ENTRY com.st.stm32cube.ide.mpu.remote.serial 1 1 2026-05-23 12:13:25.526
!MESSAGE port: COM6

!ENTRY com.st.stm32cube.ide.mpu.remote.serial 1 1 2026-05-23 12:13:25.530
!MESSAGE port: COM15

!ENTRY com.st.stm32cube.ide.mpu.remote.serial 1 1 2026-05-23 12:13:25.532
!MESSAGE port: COM16

!ENTRY com.st.stm32cube.ide.mpu.remote.serial 1 1 2026-05-23 12:13:25.534
!MESSAGE port: COM14

!ENTRY com.st.stm32cube.ide.mpu.remote.serial 1 1 2026-05-23 12:13:25.536
!MESSAGE port: COM4

!ENTRY com.st.stm32cube.ide.mpu.remote.serial 1 1 2026-05-23 12:13:25.538
!MESSAGE port: COM8

!ENTRY com.st.stm32cube.ide.mpu.remote.serial 1 1 2026-05-23 12:13:25.540
!MESSAGE port: COM13

!ENTRY com.st.stm32cube.ide.mpu.remote.serial 1 1 2026-05-23 12:13:25.542
!MESSAGE port: COM12

!ENTRY com.st.stm32cube.ide.mpu.remote.serial 1 1 2026-05-23 12:13:25.545
!MESSAGE port: COM11

!ENTRY com.st.stm32cube.ide.mpu.remote.serial 1 1 2026-05-23 12:23:47.354
!MESSAGE Executed PowerShell command powershell.exe -Command "Get-CimInstance -ClassName Win32_SerialPort | Select-Object -ExpandProperty DeviceID":
COM7
COM6
COM15
COM16
COM14
COM4
COM8
COM13
COM12
COM11


!ENTRY com.st.stm32cube.ide.mpu.remote.serial 1 1 2026-05-23 12:23:47.356
!MESSAGE port: COM7

!ENTRY com.st.stm32cube.ide.mpu.remote.serial 1 1 2026-05-23 12:23:47.357
!MESSAGE port: COM6

!ENTRY com.st.stm32cube.ide.mpu.remote.serial 1 1 2026-05-23 12:23:47.358
!MESSAGE port: COM15

!ENTRY com.st.stm32cube.ide.mpu.remote.serial 1 1 2026-05-23 12:23:47.358
!MESSAGE port: COM16

!ENTRY com.st.stm32cube.ide.mpu.remote.serial 1 1 2026-05-23 12:23:47.359
!MESSAGE port: COM14

!ENTRY com.st.stm32cube.ide.mpu.remote.serial 1 1 2026-05-23 12:23:47.360
!MESSAGE port: COM4

!ENTRY com.st.stm32cube.ide.mpu.remote.serial 1 1 2026-05-23 12:23:47.360
!MESSAGE port: COM8

!ENTRY com.st.stm32cube.ide.mpu.remote.serial 1 1 2026-05-23 12:23:47.361
!MESSAGE port: COM13

!ENTRY com.st.stm32cube.ide.mpu.remote.serial 1 1 2026-05-23 12:23:47.362
!MESSAGE port: COM12

!ENTRY com.st.stm32cube.ide.mpu.remote.serial 1 1 2026-05-23 12:23:47.363
!MESSAGE port: COM11

!ENTRY com.st.stm32cube.ide.mpu.remote.serial 1 1 2026-05-23 12:24:17.270
!MESSAGE Executed PowerShell command powershell.exe -Command "Get-CimInstance -ClassName Win32_SerialPort | Select-Object -ExpandProperty DeviceID":
COM7
COM6
COM15
COM16
COM14
COM4
COM8
COM13
COM12
COM11


!ENTRY com.st.stm32cube.ide.mpu.remote.serial 1 1 2026-05-23 12:24:17.272
!MESSAGE port: COM7

!ENTRY com.st.stm32cube.ide.mpu.remote.serial 1 1 2026-05-23 12:24:17.274
!MESSAGE port: COM6

!ENTRY com.st.stm32cube.ide.mpu.remote.serial 1 1 2026-05-23 12:24:17.276
!MESSAGE port: COM15

!ENTRY com.st.stm32cube.ide.mpu.remote.serial 1 1 2026-05-23 12:24:17.278
!MESSAGE port: COM16

!ENTRY com.st.stm32cube.ide.mpu.remote.serial 1 1 2026-05-23 12:24:17.280
!MESSAGE port: COM14

!ENTRY com.st.stm32cube.ide.mpu.remote.serial 1 1 2026-05-23 12:24:17.282
!MESSAGE port: COM4

!ENTRY com.st.stm32cube.ide.mpu.remote.serial 1 1 2026-05-23 12:24:17.284
!MESSAGE port: COM8

!ENTRY com.st.stm32cube.ide.mpu.remote.serial 1 1 2026-05-23 12:24:17.285
!MESSAGE port: COM13

!ENTRY com.st.stm32cube.ide.mpu.remote.serial 1 1 2026-05-23 12:24:17.287
!MESSAGE port: COM12

!ENTRY com.st.stm32cube.ide.mpu.remote.serial 1 1 2026-05-23 12:24:17.288
!MESSAGE port: COM11

!ENTRY com.st.stm32cube.ide.mpu.remote.serial 1 1 2026-05-23 12:33:11.500
!MESSAGE Executed PowerShell command powershell.exe -Command "Get-CimInstance -ClassName Win32_SerialPort | Select-Object -ExpandProperty DeviceID":
COM7
COM6
COM15
COM16
COM14
COM4
COM8
COM13
COM12
COM11


!ENTRY com.st.stm32cube.ide.mpu.remote.serial 1 1 2026-05-23 12:33:11.500
!MESSAGE port: COM7

!ENTRY com.st.stm32cube.ide.mpu.remote.serial 1 1 2026-05-23 12:33:11.508
!MESSAGE port: COM6

!ENTRY com.st.stm32cube.ide.mpu.remote.serial 1 1 2026-05-23 12:33:11.508
!MESSAGE port: COM15

!ENTRY com.st.stm32cube.ide.mpu.remote.serial 1 1 2026-05-23 12:33:11.511
!MESSAGE port: COM16

!ENTRY com.st.stm32cube.ide.mpu.remote.serial 1 1 2026-05-23 12:33:11.513
!MESSAGE port: COM14

!ENTRY com.st.stm32cube.ide.mpu.remote.serial 1 1 2026-05-23 12:33:11.513
!MESSAGE port: COM4

!ENTRY com.st.stm32cube.ide.mpu.remote.serial 1 1 2026-05-23 12:33:11.516
!MESSAGE port: COM8

!ENTRY com.st.stm32cube.ide.mpu.remote.serial 1 1 2026-05-23 12:33:11.516
!MESSAGE port: COM13

!ENTRY com.st.stm32cube.ide.mpu.remote.serial 1 1 2026-05-23 12:33:11.520
!MESSAGE port: COM12

!ENTRY com.st.stm32cube.ide.mpu.remote.serial 1 1 2026-05-23 12:33:11.520
!MESSAGE port: COM11

!ENTRY com.st.stm32cube.ide.mpu.remote.serial 1 1 2026-05-23 12:33:40.799
!MESSAGE Executed PowerShell command powershell.exe -Command "Get-CimInstance -ClassName Win32_SerialPort | Select-Object -ExpandProperty DeviceID":
COM7
COM6
COM15
COM16
COM14
COM4
COM8
COM13
COM12
COM11


!ENTRY com.st.stm32cube.ide.mpu.remote.serial 1 1 2026-05-23 12:33:40.801
!MESSAGE port: COM7

!ENTRY com.st.stm32cube.ide.mpu.remote.serial 1 1 2026-05-23 12:33:40.803
!MESSAGE port: COM6

!ENTRY com.st.stm32cube.ide.mpu.remote.serial 1 1 2026-05-23 12:33:40.804
!MESSAGE port: COM15

!ENTRY com.st.stm32cube.ide.mpu.remote.serial 1 1 2026-05-23 12:33:40.806
!MESSAGE port: COM16

!ENTRY com.st.stm32cube.ide.mpu.remote.serial 1 1 2026-05-23 12:33:40.808
!MESSAGE port: COM14

!ENTRY com.st.stm32cube.ide.mpu.remote.serial 1 1 2026-05-23 12:33:40.811
!MESSAGE port: COM4

!ENTRY com.st.stm32cube.ide.mpu.remote.serial 1 1 2026-05-23 12:33:40.813
!MESSAGE port: COM8

!ENTRY com.st.stm32cube.ide.mpu.remote.serial 1 1 2026-05-23 12:33:40.815
!MESSAGE port: COM13

!ENTRY com.st.stm32cube.ide.mpu.remote.serial 1 1 2026-05-23 12:33:40.817
!MESSAGE port: COM12

!ENTRY com.st.stm32cube.ide.mpu.remote.serial 1 1 2026-05-23 12:33:40.820
!MESSAGE port: COM11

!ENTRY com.st.stm32cube.ide.mpu.remote.serial 1 1 2026-05-23 12:34:09.912
!MESSAGE Executed PowerShell command powershell.exe -Command "Get-CimInstance -ClassName Win32_SerialPort | Select-Object -ExpandProperty DeviceID":
COM7
COM6
COM15
COM16
COM14
COM4
COM8
COM13
COM12
COM11


!ENTRY com.st.stm32cube.ide.mpu.remote.serial 1 1 2026-05-23 12:34:09.913
!MESSAGE port: COM7

!ENTRY com.st.stm32cube.ide.mpu.remote.serial 1 1 2026-05-23 12:34:09.913
!MESSAGE port: COM6

!ENTRY com.st.stm32cube.ide.mpu.remote.serial 1 1 2026-05-23 12:34:09.914
!MESSAGE port: COM15

!ENTRY com.st.stm32cube.ide.mpu.remote.serial 1 1 2026-05-23 12:34:09.915
!MESSAGE port: COM16

!ENTRY com.st.stm32cube.ide.mpu.remote.serial 1 1 2026-05-23 12:34:09.916
!MESSAGE port: COM14

!ENTRY com.st.stm32cube.ide.mpu.remote.serial 1 1 2026-05-23 12:34:09.917
!MESSAGE port: COM4

!ENTRY com.st.stm32cube.ide.mpu.remote.serial 1 1 2026-05-23 12:34:09.917
!MESSAGE port: COM8

!ENTRY com.st.stm32cube.ide.mpu.remote.serial 1 1 2026-05-23 12:34:09.918
!MESSAGE port: COM13

!ENTRY com.st.stm32cube.ide.mpu.remote.serial 1 1 2026-05-23 12:34:09.919
!MESSAGE port: COM12

!ENTRY com.st.stm32cube.ide.mpu.remote.serial 1 1 2026-05-23 12:34:09.920
!MESSAGE port: COM11

!ENTRY com.st.stm32cube.ide.mpu.remote.serial 1 1 2026-05-23 12:36:45.126
!MESSAGE Executed PowerShell command powershell.exe -Command "Get-CimInstance -ClassName Win32_SerialPort | Select-Object -ExpandProperty DeviceID":
COM7
COM6
COM15
COM16
COM14
COM4
COM8
COM13
COM12
COM11


!ENTRY com.st.stm32cube.ide.mpu.remote.serial 1 1 2026-05-23 12:36:45.127
!MESSAGE port: COM7

!ENTRY com.st.stm32cube.ide.mpu.remote.serial 1 1 2026-05-23 12:36:45.128
!MESSAGE port: COM6

!ENTRY com.st.stm32cube.ide.mpu.remote.serial 1 1 2026-05-23 12:36:45.128
!MESSAGE port: COM15

!ENTRY com.st.stm32cube.ide.mpu.remote.serial 1 1 2026-05-23 12:36:45.129
!MESSAGE port: COM16

!ENTRY com.st.stm32cube.ide.mpu.remote.serial 1 1 2026-05-23 12:36:45.130
!MESSAGE port: COM14

!ENTRY com.st.stm32cube.ide.mpu.remote.serial 1 1 2026-05-23 12:36:45.131
!MESSAGE port: COM4

!ENTRY com.st.stm32cube.ide.mpu.remote.serial 1 1 2026-05-23 12:36:45.131
!MESSAGE port: COM8

!ENTRY com.st.stm32cube.ide.mpu.remote.serial 1 1 2026-05-23 12:36:45.132
!MESSAGE port: COM13

!ENTRY com.st.stm32cube.ide.mpu.remote.serial 1 1 2026-05-23 12:36:45.133
!MESSAGE port: COM12

!ENTRY com.st.stm32cube.ide.mpu.remote.serial 1 1 2026-05-23 12:36:45.133
!MESSAGE port: COM11

!ENTRY com.st.stm32cube.ide.mpu.remote.serial 1 1 2026-05-23 12:37:14.572
!MESSAGE Executed PowerShell command powershell.exe -Command "Get-CimInstance -ClassName Win32_SerialPort | Select-Object -ExpandProperty DeviceID":
COM7
COM6
COM15
COM16
COM14
COM4
COM8
COM13
COM12
COM11


!ENTRY com.st.stm32cube.ide.mpu.remote.serial 1 1 2026-05-23 12:37:14.575
!MESSAGE port: COM7

!ENTRY com.st.stm32cube.ide.mpu.remote.serial 1 1 2026-05-23 12:37:14.576
!MESSAGE port: COM6

!ENTRY com.st.stm32cube.ide.mpu.remote.serial 1 1 2026-05-23 12:37:14.577
!MESSAGE port: COM15

!ENTRY com.st.stm32cube.ide.mpu.remote.serial 1 1 2026-05-23 12:37:14.579
!MESSAGE port: COM16

!ENTRY com.st.stm32cube.ide.mpu.remote.serial 1 1 2026-05-23 12:37:14.580
!MESSAGE port: COM14

!ENTRY com.st.stm32cube.ide.mpu.remote.serial 1 1 2026-05-23 12:37:14.582
!MESSAGE port: COM4

!ENTRY com.st.stm32cube.ide.mpu.remote.serial 1 1 2026-05-23 12:37:14.583
!MESSAGE port: COM8

!ENTRY com.st.stm32cube.ide.mpu.remote.serial 1 1 2026-05-23 12:37:14.584
!MESSAGE port: COM13

!ENTRY com.st.stm32cube.ide.mpu.remote.serial 1 1 2026-05-23 12:37:14.586
!MESSAGE port: COM12

!ENTRY com.st.stm32cube.ide.mpu.remote.serial 1 1 2026-05-23 12:37:14.587
!MESSAGE port: COM11

!ENTRY com.st.stm32cube.ide.mpu.remote.serial 1 1 2026-05-23 12:38:12.609
!MESSAGE Executed PowerShell command powershell.exe -Command "Get-CimInstance -ClassName Win32_SerialPort | Select-Object -ExpandProperty DeviceID":
COM7
COM6
COM15
COM16
COM14
COM4
COM8
COM13
COM12
COM11


!ENTRY com.st.stm32cube.ide.mpu.remote.serial 1 1 2026-05-23 12:38:12.610
!MESSAGE port: COM7

!ENTRY com.st.stm32cube.ide.mpu.remote.serial 1 1 2026-05-23 12:38:12.612
!MESSAGE port: COM6

!ENTRY com.st.stm32cube.ide.mpu.remote.serial 1 1 2026-05-23 12:38:12.615
!MESSAGE port: COM15

!ENTRY com.st.stm32cube.ide.mpu.remote.serial 1 1 2026-05-23 12:38:12.616
!MESSAGE port: COM16

!ENTRY com.st.stm32cube.ide.mpu.remote.serial 1 1 2026-05-23 12:38:12.618
!MESSAGE port: COM14

!ENTRY com.st.stm32cube.ide.mpu.remote.serial 1 1 2026-05-23 12:38:12.619
!MESSAGE port: COM4

!ENTRY com.st.stm32cube.ide.mpu.remote.serial 1 1 2026-05-23 12:38:12.621
!MESSAGE port: COM8

!ENTRY com.st.stm32cube.ide.mpu.remote.serial 1 1 2026-05-23 12:38:12.623
!MESSAGE port: COM13

!ENTRY com.st.stm32cube.ide.mpu.remote.serial 1 1 2026-05-23 12:38:12.624
!MESSAGE port: COM12

!ENTRY com.st.stm32cube.ide.mpu.remote.serial 1 1 2026-05-23 12:38:12.626
!MESSAGE port: COM11

!ENTRY com.st.stm32cube.ide.mpu.remote.serial 1 1 2026-05-23 12:39:11.017
!MESSAGE Executed PowerShell command powershell.exe -Command "Get-CimInstance -ClassName Win32_SerialPort | Select-Object -ExpandProperty DeviceID":
COM7
COM6
COM15
COM16
COM14
COM4
COM8
COM13
COM12
COM11


!ENTRY com.st.stm32cube.ide.mpu.remote.serial 1 1 2026-05-23 12:39:11.019
!MESSAGE port: COM7

!ENTRY com.st.stm32cube.ide.mpu.remote.serial 1 1 2026-05-23 12:39:11.019
!MESSAGE port: COM6

!ENTRY com.st.stm32cube.ide.mpu.remote.serial 1 1 2026-05-23 12:39:11.020
!MESSAGE port: COM15

!ENTRY com.st.stm32cube.ide.mpu.remote.serial 1 1 2026-05-23 12:39:11.021
!MESSAGE port: COM16

!ENTRY com.st.stm32cube.ide.mpu.remote.serial 1 1 2026-05-23 12:39:11.022
!MESSAGE port: COM14

!ENTRY com.st.stm32cube.ide.mpu.remote.serial 1 1 2026-05-23 12:39:11.022
!MESSAGE port: COM4

!ENTRY com.st.stm32cube.ide.mpu.remote.serial 1 1 2026-05-23 12:39:11.023
!MESSAGE port: COM8

!ENTRY com.st.stm32cube.ide.mpu.remote.serial 1 1 2026-05-23 12:39:11.024
!MESSAGE port: COM13

!ENTRY com.st.stm32cube.ide.mpu.remote.serial 1 1 2026-05-23 12:39:11.024
!MESSAGE port: COM12

!ENTRY com.st.stm32cube.ide.mpu.remote.serial 1 1 2026-05-23 12:39:11.025
!MESSAGE port: COM11

!ENTRY com.st.stm32cube.ide.mpu.remote.serial 1 1 2026-05-23 12:39:40.591
!MESSAGE Executed PowerShell command powershell.exe -Command "Get-CimInstance -ClassName Win32_SerialPort | Select-Object -ExpandProperty DeviceID":
COM7
COM6
COM15
COM16
COM14
COM4
COM8
COM13
COM12
COM11


!ENTRY com.st.stm32cube.ide.mpu.remote.serial 1 1 2026-05-23 12:39:40.592
!MESSAGE port: COM7

!ENTRY com.st.stm32cube.ide.mpu.remote.serial 1 1 2026-05-23 12:39:40.593
!MESSAGE port: COM6

!ENTRY com.st.stm32cube.ide.mpu.remote.serial 1 1 2026-05-23 12:39:40.593
!MESSAGE port: COM15

!ENTRY com.st.stm32cube.ide.mpu.remote.serial 1 1 2026-05-23 12:39:40.594
!MESSAGE port: COM16

!ENTRY com.st.stm32cube.ide.mpu.remote.serial 1 1 2026-05-23 12:39:40.594
!MESSAGE port: COM14

!ENTRY com.st.stm32cube.ide.mpu.remote.serial 1 1 2026-05-23 12:39:40.595
!MESSAGE port: COM4

!ENTRY com.st.stm32cube.ide.mpu.remote.serial 1 1 2026-05-23 12:39:40.596
!MESSAGE port: COM8

!ENTRY com.st.stm32cube.ide.mpu.remote.serial 1 1 2026-05-23 12:39:40.597
!MESSAGE port: COM13

!ENTRY com.st.stm32cube.ide.mpu.remote.serial 1 1 2026-05-23 12:39:40.597
!MESSAGE port: COM12

!ENTRY com.st.stm32cube.ide.mpu.remote.serial 1 1 2026-05-23 12:39:40.598
!MESSAGE port: COM11

!ENTRY com.st.stm32cube.ide.mpu.remote.serial 1 1 2026-05-23 12:40:09.418
!MESSAGE Executed PowerShell command powershell.exe -Command "Get-CimInstance -ClassName Win32_SerialPort | Select-Object -ExpandProperty DeviceID":
COM7
COM6
COM15
COM16
COM14
COM4
COM8
COM13
COM12
COM11


!ENTRY com.st.stm32cube.ide.mpu.remote.serial 1 1 2026-05-23 12:40:09.420
!MESSAGE port: COM7

!ENTRY com.st.stm32cube.ide.mpu.remote.serial 1 1 2026-05-23 12:40:09.421
!MESSAGE port: COM6

!ENTRY com.st.stm32cube.ide.mpu.remote.serial 1 1 2026-05-23 12:40:09.424
!MESSAGE port: COM15

!ENTRY com.st.stm32cube.ide.mpu.remote.serial 1 1 2026-05-23 12:40:09.425
!MESSAGE port: COM16

!ENTRY com.st.stm32cube.ide.mpu.remote.serial 1 1 2026-05-23 12:40:09.426
!MESSAGE port: COM14

!ENTRY com.st.stm32cube.ide.mpu.remote.serial 1 1 2026-05-23 12:40:09.429
!MESSAGE port: COM4

!ENTRY com.st.stm32cube.ide.mpu.remote.serial 1 1 2026-05-23 12:40:09.431
!MESSAGE port: COM8

!ENTRY com.st.stm32cube.ide.mpu.remote.serial 1 1 2026-05-23 12:40:09.432
!MESSAGE port: COM13

!ENTRY com.st.stm32cube.ide.mpu.remote.serial 1 1 2026-05-23 12:40:09.435
!MESSAGE port: COM12

!ENTRY com.st.stm32cube.ide.mpu.remote.serial 1 1 2026-05-23 12:40:09.437
!MESSAGE port: COM11

!ENTRY com.st.stm32cube.ide.mpu.remote.serial 1 1 2026-05-23 12:41:38.584
!MESSAGE Executed PowerShell command powershell.exe -Command "Get-CimInstance -ClassName Win32_SerialPort | Select-Object -ExpandProperty DeviceID":
COM7
COM6
COM15
COM16
COM14
COM4
COM8
COM13
COM12
COM11


!ENTRY com.st.stm32cube.ide.mpu.remote.serial 1 1 2026-05-23 12:41:38.585
!MESSAGE port: COM7

!ENTRY com.st.stm32cube.ide.mpu.remote.serial 1 1 2026-05-23 12:41:38.586
!MESSAGE port: COM6

!ENTRY com.st.stm32cube.ide.mpu.remote.serial 1 1 2026-05-23 12:41:38.587
!MESSAGE port: COM15

!ENTRY com.st.stm32cube.ide.mpu.remote.serial 1 1 2026-05-23 12:41:38.588
!MESSAGE port: COM16

!ENTRY com.st.stm32cube.ide.mpu.remote.serial 1 1 2026-05-23 12:41:38.589
!MESSAGE port: COM14

!ENTRY com.st.stm32cube.ide.mpu.remote.serial 1 1 2026-05-23 12:41:38.591
!MESSAGE port: COM4

!ENTRY com.st.stm32cube.ide.mpu.remote.serial 1 1 2026-05-23 12:41:38.592
!MESSAGE port: COM8

!ENTRY com.st.stm32cube.ide.mpu.remote.serial 1 1 2026-05-23 12:41:38.593
!MESSAGE port: COM13

!ENTRY com.st.stm32cube.ide.mpu.remote.serial 1 1 2026-05-23 12:41:38.594
!MESSAGE port: COM12

!ENTRY com.st.stm32cube.ide.mpu.remote.serial 1 1 2026-05-23 12:41:38.595
!MESSAGE port: COM11

!ENTRY com.st.stm32cube.ide.mpu.remote.serial 1 1 2026-05-23 12:42:07.654
!MESSAGE Executed PowerShell command powershell.exe -Command "Get-CimInstance -ClassName Win32_SerialPort | Select-Object -ExpandProperty DeviceID":
COM7
COM6
COM15
COM16
COM14
COM4
COM8
COM13
COM12
COM11


!ENTRY com.st.stm32cube.ide.mpu.remote.serial 1 1 2026-05-23 12:42:07.655
!MESSAGE port: COM7

!ENTRY com.st.stm32cube.ide.mpu.remote.serial 1 1 2026-05-23 12:42:07.656
!MESSAGE port: COM6

!ENTRY com.st.stm32cube.ide.mpu.remote.serial 1 1 2026-05-23 12:42:07.657
!MESSAGE port: COM15

!ENTRY com.st.stm32cube.ide.mpu.remote.serial 1 1 2026-05-23 12:42:07.658
!MESSAGE port: COM16

!ENTRY com.st.stm32cube.ide.mpu.remote.serial 1 1 2026-05-23 12:42:07.659
!MESSAGE port: COM14

!ENTRY com.st.stm32cube.ide.mpu.remote.serial 1 1 2026-05-23 12:42:07.660
!MESSAGE port: COM4

!ENTRY com.st.stm32cube.ide.mpu.remote.serial 1 1 2026-05-23 12:42:07.661
!MESSAGE port: COM8

!ENTRY com.st.stm32cube.ide.mpu.remote.serial 1 1 2026-05-23 12:42:07.661
!MESSAGE port: COM13

!ENTRY com.st.stm32cube.ide.mpu.remote.serial 1 1 2026-05-23 12:42:07.662
!MESSAGE port: COM12

!ENTRY com.st.stm32cube.ide.mpu.remote.serial 1 1 2026-05-23 12:42:07.663
!MESSAGE port: COM11

!ENTRY com.st.stm32cube.ide.mpu.remote.serial 1 1 2026-05-23 12:44:06.390
!MESSAGE Executed PowerShell command powershell.exe -Command "Get-CimInstance -ClassName Win32_SerialPort | Select-Object -ExpandProperty DeviceID":
COM7
COM6
COM15
COM16
COM14
COM4
COM8
COM13
COM12
COM11


!ENTRY com.st.stm32cube.ide.mpu.remote.serial 1 1 2026-05-23 12:44:06.390
!MESSAGE port: COM7

!ENTRY com.st.stm32cube.ide.mpu.remote.serial 1 1 2026-05-23 12:44:06.390
!MESSAGE port: COM6

!ENTRY com.st.stm32cube.ide.mpu.remote.serial 1 1 2026-05-23 12:44:06.390
!MESSAGE port: COM15

!ENTRY com.st.stm32cube.ide.mpu.remote.serial 1 1 2026-05-23 12:44:06.398
!MESSAGE port: COM16

!ENTRY com.st.stm32cube.ide.mpu.remote.serial 1 1 2026-05-23 12:44:06.399
!MESSAGE port: COM14

!ENTRY com.st.stm32cube.ide.mpu.remote.serial 1 1 2026-05-23 12:44:06.399
!MESSAGE port: COM4

!ENTRY com.st.stm32cube.ide.mpu.remote.serial 1 1 2026-05-23 12:44:06.401
!MESSAGE port: COM8

!ENTRY com.st.stm32cube.ide.mpu.remote.serial 1 1 2026-05-23 12:44:06.401
!MESSAGE port: COM13

!ENTRY com.st.stm32cube.ide.mpu.remote.serial 1 1 2026-05-23 12:44:06.403
!MESSAGE port: COM12

!ENTRY com.st.stm32cube.ide.mpu.remote.serial 1 1 2026-05-23 12:44:06.403
!MESSAGE port: COM11

!ENTRY com.st.stm32cube.ide.mpu.remote.serial 1 1 2026-05-23 12:44:37.240
!MESSAGE Executed PowerShell command powershell.exe -Command "Get-CimInstance -ClassName Win32_SerialPort | Select-Object -ExpandProperty DeviceID":
COM7
COM6
COM15
COM16
COM14
COM4
COM8
COM13
COM12
COM11


!ENTRY com.st.stm32cube.ide.mpu.remote.serial 1 1 2026-05-23 12:44:37.242
!MESSAGE port: COM7

!ENTRY com.st.stm32cube.ide.mpu.remote.serial 1 1 2026-05-23 12:44:37.242
!MESSAGE port: COM6

!ENTRY com.st.stm32cube.ide.mpu.remote.serial 1 1 2026-05-23 12:44:37.243
!MESSAGE port: COM15

!ENTRY com.st.stm32cube.ide.mpu.remote.serial 1 1 2026-05-23 12:44:37.246
!MESSAGE port: COM16

!ENTRY com.st.stm32cube.ide.mpu.remote.serial 1 1 2026-05-23 12:44:37.247
!MESSAGE port: COM14

!ENTRY com.st.stm32cube.ide.mpu.remote.serial 1 1 2026-05-23 12:44:37.248
!MESSAGE port: COM4

!ENTRY com.st.stm32cube.ide.mpu.remote.serial 1 1 2026-05-23 12:44:37.249
!MESSAGE port: COM8

!ENTRY com.st.stm32cube.ide.mpu.remote.serial 1 1 2026-05-23 12:44:37.250
!MESSAGE port: COM13

!ENTRY com.st.stm32cube.ide.mpu.remote.serial 1 1 2026-05-23 12:44:37.252
!MESSAGE port: COM12

!ENTRY com.st.stm32cube.ide.mpu.remote.serial 1 1 2026-05-23 12:44:37.254
!MESSAGE port: COM11

!ENTRY com.st.stm32cube.ide.mpu.remote.serial 1 1 2026-05-23 12:45:06.884
!MESSAGE Executed PowerShell command powershell.exe -Command "Get-CimInstance -ClassName Win32_SerialPort | Select-Object -ExpandProperty DeviceID":
COM7
COM6
COM15
COM16
COM14
COM4
COM8
COM13
COM12
COM11


!ENTRY com.st.stm32cube.ide.mpu.remote.serial 1 1 2026-05-23 12:45:06.884
!MESSAGE port: COM7

!ENTRY com.st.stm32cube.ide.mpu.remote.serial 1 1 2026-05-23 12:45:06.884
!MESSAGE port: COM6

!ENTRY com.st.stm32cube.ide.mpu.remote.serial 1 1 2026-05-23 12:45:06.884
!MESSAGE port: COM15

!ENTRY com.st.stm32cube.ide.mpu.remote.serial 1 1 2026-05-23 12:45:06.892
!MESSAGE port: COM16

!ENTRY com.st.stm32cube.ide.mpu.remote.serial 1 1 2026-05-23 12:45:06.892
!MESSAGE port: COM14

!ENTRY com.st.stm32cube.ide.mpu.remote.serial 1 1 2026-05-23 12:45:06.894
!MESSAGE port: COM4

!ENTRY com.st.stm32cube.ide.mpu.remote.serial 1 1 2026-05-23 12:45:06.894
!MESSAGE port: COM8

!ENTRY com.st.stm32cube.ide.mpu.remote.serial 1 1 2026-05-23 12:45:06.894
!MESSAGE port: COM13

!ENTRY com.st.stm32cube.ide.mpu.remote.serial 1 1 2026-05-23 12:45:06.896
!MESSAGE port: COM12

!ENTRY com.st.stm32cube.ide.mpu.remote.serial 1 1 2026-05-23 12:45:06.896
!MESSAGE port: COM11

!ENTRY com.st.stm32cube.ide.mpu.remote.serial 1 1 2026-05-23 12:45:36.220
!MESSAGE Executed PowerShell command powershell.exe -Command "Get-CimInstance -ClassName Win32_SerialPort | Select-Object -ExpandProperty DeviceID":
COM7
COM6
COM15
COM16
COM14
COM4
COM8
COM13
COM12
COM11


!ENTRY com.st.stm32cube.ide.mpu.remote.serial 1 1 2026-05-23 12:45:36.222
!MESSAGE port: COM7

!ENTRY com.st.stm32cube.ide.mpu.remote.serial 1 1 2026-05-23 12:45:36.222
!MESSAGE port: COM6

!ENTRY com.st.stm32cube.ide.mpu.remote.serial 1 1 2026-05-23 12:45:36.225
!MESSAGE port: COM15

!ENTRY com.st.stm32cube.ide.mpu.remote.serial 1 1 2026-05-23 12:45:36.225
!MESSAGE port: COM16

!ENTRY com.st.stm32cube.ide.mpu.remote.serial 1 1 2026-05-23 12:45:36.228
!MESSAGE port: COM14

!ENTRY com.st.stm32cube.ide.mpu.remote.serial 1 1 2026-05-23 12:45:36.228
!MESSAGE port: COM4

!ENTRY com.st.stm32cube.ide.mpu.remote.serial 1 1 2026-05-23 12:45:36.228
!MESSAGE port: COM8

!ENTRY com.st.stm32cube.ide.mpu.remote.serial 1 1 2026-05-23 12:45:36.231
!MESSAGE port: COM13

!ENTRY com.st.stm32cube.ide.mpu.remote.serial 1 1 2026-05-23 12:45:36.231
!MESSAGE port: COM12

!ENTRY com.st.stm32cube.ide.mpu.remote.serial 1 1 2026-05-23 12:45:36.231
!MESSAGE port: COM11

!ENTRY com.st.stm32cube.ide.mpu.remote.serial 1 1 2026-05-23 12:46:49.758
!MESSAGE Executed PowerShell command powershell.exe -Command "Get-CimInstance -ClassName Win32_SerialPort | Select-Object -ExpandProperty DeviceID":
COM7
COM6
COM15
COM16
COM14
COM4
COM8
COM13
COM12
COM11


!ENTRY com.st.stm32cube.ide.mpu.remote.serial 1 1 2026-05-23 12:46:49.759
!MESSAGE port: COM7

!ENTRY com.st.stm32cube.ide.mpu.remote.serial 1 1 2026-05-23 12:46:49.761
!MESSAGE port: COM6

!ENTRY com.st.stm32cube.ide.mpu.remote.serial 1 1 2026-05-23 12:46:49.762
!MESSAGE port: COM15

!ENTRY com.st.stm32cube.ide.mpu.remote.serial 1 1 2026-05-23 12:46:49.763
!MESSAGE port: COM16

!ENTRY com.st.stm32cube.ide.mpu.remote.serial 1 1 2026-05-23 12:46:49.764
!MESSAGE port: COM14

!ENTRY com.st.stm32cube.ide.mpu.remote.serial 1 1 2026-05-23 12:46:49.765
!MESSAGE port: COM4

!ENTRY com.st.stm32cube.ide.mpu.remote.serial 1 1 2026-05-23 12:46:49.766
!MESSAGE port: COM8

!ENTRY com.st.stm32cube.ide.mpu.remote.serial 1 1 2026-05-23 12:46:49.767
!MESSAGE port: COM13

!ENTRY com.st.stm32cube.ide.mpu.remote.serial 1 1 2026-05-23 12:46:49.768
!MESSAGE port: COM12

!ENTRY com.st.stm32cube.ide.mpu.remote.serial 1 1 2026-05-23 12:46:49.770
!MESSAGE port: COM11

!ENTRY com.st.stm32cube.ide.mpu.remote.serial 1 1 2026-05-23 12:47:18.742
!MESSAGE Executed PowerShell command powershell.exe -Command "Get-CimInstance -ClassName Win32_SerialPort | Select-Object -ExpandProperty DeviceID":
COM7
COM6
COM15
COM16
COM14
COM4
COM8
COM13
COM12
COM11


!ENTRY com.st.stm32cube.ide.mpu.remote.serial 1 1 2026-05-23 12:47:18.750
!MESSAGE port: COM7

!ENTRY com.st.stm32cube.ide.mpu.remote.serial 1 1 2026-05-23 12:47:18.753
!MESSAGE port: COM6

!ENTRY com.st.stm32cube.ide.mpu.remote.serial 1 1 2026-05-23 12:47:18.755
!MESSAGE port: COM15

!ENTRY com.st.stm32cube.ide.mpu.remote.serial 1 1 2026-05-23 12:47:18.757
!MESSAGE port: COM16

!ENTRY com.st.stm32cube.ide.mpu.remote.serial 1 1 2026-05-23 12:47:18.757
!MESSAGE port: COM14

!ENTRY com.st.stm32cube.ide.mpu.remote.serial 1 1 2026-05-23 12:47:18.760
!MESSAGE port: COM4

!ENTRY com.st.stm32cube.ide.mpu.remote.serial 1 1 2026-05-23 12:47:18.760
!MESSAGE port: COM8

!ENTRY com.st.stm32cube.ide.mpu.remote.serial 1 1 2026-05-23 12:47:18.760
!MESSAGE port: COM13

!ENTRY com.st.stm32cube.ide.mpu.remote.serial 1 1 2026-05-23 12:47:18.760
!MESSAGE port: COM12

!ENTRY com.st.stm32cube.ide.mpu.remote.serial 1 1 2026-05-23 12:47:18.767
!MESSAGE port: COM11

!ENTRY com.st.stm32cube.ide.mpu.remote.serial 1 1 2026-05-23 12:48:27.670
!MESSAGE Executed PowerShell command powershell.exe -Command "Get-CimInstance -ClassName Win32_SerialPort | Select-Object -ExpandProperty DeviceID":
COM7
COM6
COM15
COM16
COM14
COM4
COM8
COM13
COM12
COM11


!ENTRY com.st.stm32cube.ide.mpu.remote.serial 1 1 2026-05-23 12:48:27.670
!MESSAGE port: COM7

!ENTRY com.st.stm32cube.ide.mpu.remote.serial 1 1 2026-05-23 12:48:27.670
!MESSAGE port: COM6

!ENTRY com.st.stm32cube.ide.mpu.remote.serial 1 1 2026-05-23 12:48:27.670
!MESSAGE port: COM15

!ENTRY com.st.stm32cube.ide.mpu.remote.serial 1 1 2026-05-23 12:48:27.670
!MESSAGE port: COM16

!ENTRY com.st.stm32cube.ide.mpu.remote.serial 1 1 2026-05-23 12:48:27.670
!MESSAGE port: COM14

!ENTRY com.st.stm32cube.ide.mpu.remote.serial 1 1 2026-05-23 12:48:27.676
!MESSAGE port: COM4

!ENTRY com.st.stm32cube.ide.mpu.remote.serial 1 1 2026-05-23 12:48:27.676
!MESSAGE port: COM8

!ENTRY com.st.stm32cube.ide.mpu.remote.serial 1 1 2026-05-23 12:48:27.678
!MESSAGE port: COM13

!ENTRY com.st.stm32cube.ide.mpu.remote.serial 1 1 2026-05-23 12:48:27.679
!MESSAGE port: COM12

!ENTRY com.st.stm32cube.ide.mpu.remote.serial 1 1 2026-05-23 12:48:27.679
!MESSAGE port: COM11

!ENTRY com.st.stm32cube.ide.mpu.remote.serial 1 1 2026-05-23 12:48:56.801
!MESSAGE Executed PowerShell command powershell.exe -Command "Get-CimInstance -ClassName Win32_SerialPort | Select-Object -ExpandProperty DeviceID":
COM7
COM6
COM15
COM16
COM14
COM4
COM8
COM13
COM12
COM11


!ENTRY com.st.stm32cube.ide.mpu.remote.serial 1 1 2026-05-23 12:48:56.803
!MESSAGE port: COM7

!ENTRY com.st.stm32cube.ide.mpu.remote.serial 1 1 2026-05-23 12:48:56.805
!MESSAGE port: COM6

!ENTRY com.st.stm32cube.ide.mpu.remote.serial 1 1 2026-05-23 12:48:56.807
!MESSAGE port: COM15

!ENTRY com.st.stm32cube.ide.mpu.remote.serial 1 1 2026-05-23 12:48:56.809
!MESSAGE port: COM16

!ENTRY com.st.stm32cube.ide.mpu.remote.serial 1 1 2026-05-23 12:48:56.811
!MESSAGE port: COM14

!ENTRY com.st.stm32cube.ide.mpu.remote.serial 1 1 2026-05-23 12:48:56.813
!MESSAGE port: COM4

!ENTRY com.st.stm32cube.ide.mpu.remote.serial 1 1 2026-05-23 12:48:56.815
!MESSAGE port: COM8

!ENTRY com.st.stm32cube.ide.mpu.remote.serial 1 1 2026-05-23 12:48:56.818
!MESSAGE port: COM13

!ENTRY com.st.stm32cube.ide.mpu.remote.serial 1 1 2026-05-23 12:48:56.820
!MESSAGE port: COM12

!ENTRY com.st.stm32cube.ide.mpu.remote.serial 1 1 2026-05-23 12:48:56.822
!MESSAGE port: COM11

!ENTRY com.st.stm32cube.ide.mpu.remote.serial 1 1 2026-05-23 12:49:26.322
!MESSAGE Executed PowerShell command powershell.exe -Command "Get-CimInstance -ClassName Win32_SerialPort | Select-Object -ExpandProperty DeviceID":
COM7
COM6
COM15
COM16
COM14
COM4
COM8
COM13
COM12
COM11


!ENTRY com.st.stm32cube.ide.mpu.remote.serial 1 1 2026-05-23 12:49:26.323
!MESSAGE port: COM7

!ENTRY com.st.stm32cube.ide.mpu.remote.serial 1 1 2026-05-23 12:49:26.324
!MESSAGE port: COM6

!ENTRY com.st.stm32cube.ide.mpu.remote.serial 1 1 2026-05-23 12:49:26.324
!MESSAGE port: COM15

!ENTRY com.st.stm32cube.ide.mpu.remote.serial 1 1 2026-05-23 12:49:26.325
!MESSAGE port: COM16

!ENTRY com.st.stm32cube.ide.mpu.remote.serial 1 1 2026-05-23 12:49:26.326
!MESSAGE port: COM14

!ENTRY com.st.stm32cube.ide.mpu.remote.serial 1 1 2026-05-23 12:49:26.327
!MESSAGE port: COM4

!ENTRY com.st.stm32cube.ide.mpu.remote.serial 1 1 2026-05-23 12:49:26.328
!MESSAGE port: COM8

!ENTRY com.st.stm32cube.ide.mpu.remote.serial 1 1 2026-05-23 12:49:26.328
!MESSAGE port: COM13

!ENTRY com.st.stm32cube.ide.mpu.remote.serial 1 1 2026-05-23 12:49:26.329
!MESSAGE port: COM12

!ENTRY com.st.stm32cube.ide.mpu.remote.serial 1 1 2026-05-23 12:49:26.330
!MESSAGE port: COM11

!ENTRY com.st.stm32cube.ide.mpu.remote.serial 1 1 2026-05-23 12:50:01.117
!MESSAGE Executed PowerShell command powershell.exe -Command "Get-CimInstance -ClassName Win32_SerialPort | Select-Object -ExpandProperty DeviceID":
COM7
COM6
COM15
COM16
COM14
COM4
COM8
COM13
COM12
COM11


!ENTRY com.st.stm32cube.ide.mpu.remote.serial 1 1 2026-05-23 12:50:01.120
!MESSAGE port: COM7

!ENTRY com.st.stm32cube.ide.mpu.remote.serial 1 1 2026-05-23 12:50:01.121
!MESSAGE port: COM6

!ENTRY com.st.stm32cube.ide.mpu.remote.serial 1 1 2026-05-23 12:50:01.123
!MESSAGE port: COM15

!ENTRY com.st.stm32cube.ide.mpu.remote.serial 1 1 2026-05-23 12:50:01.125
!MESSAGE port: COM16

!ENTRY com.st.stm32cube.ide.mpu.remote.serial 1 1 2026-05-23 12:50:01.126
!MESSAGE port: COM14

!ENTRY com.st.stm32cube.ide.mpu.remote.serial 1 1 2026-05-23 12:50:01.128
!MESSAGE port: COM4

!ENTRY com.st.stm32cube.ide.mpu.remote.serial 1 1 2026-05-23 12:50:01.129
!MESSAGE port: COM8

!ENTRY com.st.stm32cube.ide.mpu.remote.serial 1 1 2026-05-23 12:50:01.131
!MESSAGE port: COM13

!ENTRY com.st.stm32cube.ide.mpu.remote.serial 1 1 2026-05-23 12:50:01.132
!MESSAGE port: COM12

!ENTRY com.st.stm32cube.ide.mpu.remote.serial 1 1 2026-05-23 12:50:01.134
!MESSAGE port: COM11

!ENTRY com.st.stm32cube.ide.mpu.remote.serial 1 1 2026-05-23 12:50:30.153
!MESSAGE Executed PowerShell command powershell.exe -Command "Get-CimInstance -ClassName Win32_SerialPort | Select-Object -ExpandProperty DeviceID":
COM7
COM6
COM15
COM16
COM14
COM4
COM8
COM13
COM12
COM11


!ENTRY com.st.stm32cube.ide.mpu.remote.serial 1 1 2026-05-23 12:50:30.155
!MESSAGE port: COM7

!ENTRY com.st.stm32cube.ide.mpu.remote.serial 1 1 2026-05-23 12:50:30.156
!MESSAGE port: COM6

!ENTRY com.st.stm32cube.ide.mpu.remote.serial 1 1 2026-05-23 12:50:30.158
!MESSAGE port: COM15

!ENTRY com.st.stm32cube.ide.mpu.remote.serial 1 1 2026-05-23 12:50:30.159
!MESSAGE port: COM16

!ENTRY com.st.stm32cube.ide.mpu.remote.serial 1 1 2026-05-23 12:50:30.160
!MESSAGE port: COM14

!ENTRY com.st.stm32cube.ide.mpu.remote.serial 1 1 2026-05-23 12:50:30.162
!MESSAGE port: COM4

!ENTRY com.st.stm32cube.ide.mpu.remote.serial 1 1 2026-05-23 12:50:30.163
!MESSAGE port: COM8

!ENTRY com.st.stm32cube.ide.mpu.remote.serial 1 1 2026-05-23 12:50:30.164
!MESSAGE port: COM13

!ENTRY com.st.stm32cube.ide.mpu.remote.serial 1 1 2026-05-23 12:50:30.166
!MESSAGE port: COM12

!ENTRY com.st.stm32cube.ide.mpu.remote.serial 1 1 2026-05-23 12:50:30.167
!MESSAGE port: COM11

!ENTRY com.st.stm32cube.ide.mpu.remote.serial 1 1 2026-05-23 12:50:59.046
!MESSAGE Executed PowerShell command powershell.exe -Command "Get-CimInstance -ClassName Win32_SerialPort | Select-Object -ExpandProperty DeviceID":
COM7
COM6
COM15
COM16
COM14
COM4
COM8
COM13
COM12
COM11


!ENTRY com.st.stm32cube.ide.mpu.remote.serial 1 1 2026-05-23 12:50:59.047
!MESSAGE port: COM7

!ENTRY com.st.stm32cube.ide.mpu.remote.serial 1 1 2026-05-23 12:50:59.047
!MESSAGE port: COM6

!ENTRY com.st.stm32cube.ide.mpu.remote.serial 1 1 2026-05-23 12:50:59.048
!MESSAGE port: COM15

!ENTRY com.st.stm32cube.ide.mpu.remote.serial 1 1 2026-05-23 12:50:59.049
!MESSAGE port: COM16

!ENTRY com.st.stm32cube.ide.mpu.remote.serial 1 1 2026-05-23 12:50:59.050
!MESSAGE port: COM14

!ENTRY com.st.stm32cube.ide.mpu.remote.serial 1 1 2026-05-23 12:50:59.050
!MESSAGE port: COM4

!ENTRY com.st.stm32cube.ide.mpu.remote.serial 1 1 2026-05-23 12:50:59.051
!MESSAGE port: COM8

!ENTRY com.st.stm32cube.ide.mpu.remote.serial 1 1 2026-05-23 12:50:59.052
!MESSAGE port: COM13

!ENTRY com.st.stm32cube.ide.mpu.remote.serial 1 1 2026-05-23 12:50:59.053
!MESSAGE port: COM12

!ENTRY com.st.stm32cube.ide.mpu.remote.serial 1 1 2026-05-23 12:50:59.054
!MESSAGE port: COM11

!ENTRY com.st.stm32cube.ide.mpu.remote.serial 1 1 2026-05-23 12:51:28.156
!MESSAGE Executed PowerShell command powershell.exe -Command "Get-CimInstance -ClassName Win32_SerialPort | Select-Object -ExpandProperty DeviceID":
COM7
COM6
COM15
COM16
COM14
COM4
COM8
COM13
COM12
COM11


!ENTRY com.st.stm32cube.ide.mpu.remote.serial 1 1 2026-05-23 12:51:28.156
!MESSAGE port: COM7

!ENTRY com.st.stm32cube.ide.mpu.remote.serial 1 1 2026-05-23 12:51:28.156
!MESSAGE port: COM6

!ENTRY com.st.stm32cube.ide.mpu.remote.serial 1 1 2026-05-23 12:51:28.156
!MESSAGE port: COM15

!ENTRY com.st.stm32cube.ide.mpu.remote.serial 1 1 2026-05-23 12:51:28.156
!MESSAGE port: COM16

!ENTRY com.st.stm32cube.ide.mpu.remote.serial 1 1 2026-05-23 12:51:28.160
!MESSAGE port: COM14

!ENTRY com.st.stm32cube.ide.mpu.remote.serial 1 1 2026-05-23 12:51:28.160
!MESSAGE port: COM4

!ENTRY com.st.stm32cube.ide.mpu.remote.serial 1 1 2026-05-23 12:51:28.160
!MESSAGE port: COM8

!ENTRY com.st.stm32cube.ide.mpu.remote.serial 1 1 2026-05-23 12:51:28.160
!MESSAGE port: COM13

!ENTRY com.st.stm32cube.ide.mpu.remote.serial 1 1 2026-05-23 12:51:28.160
!MESSAGE port: COM12

!ENTRY com.st.stm32cube.ide.mpu.remote.serial 1 1 2026-05-23 12:51:28.160
!MESSAGE port: COM11

!ENTRY com.st.stm32cube.ide.mpu.remote.serial 1 1 2026-05-23 12:54:17.036
!MESSAGE Executed PowerShell command powershell.exe -Command "Get-CimInstance -ClassName Win32_SerialPort | Select-Object -ExpandProperty DeviceID":
COM7
COM6
COM15
COM16
COM14
COM4
COM8
COM13
COM12
COM11


!ENTRY com.st.stm32cube.ide.mpu.remote.serial 1 1 2026-05-23 12:54:17.038
!MESSAGE port: COM7

!ENTRY com.st.stm32cube.ide.mpu.remote.serial 1 1 2026-05-23 12:54:17.040
!MESSAGE port: COM6

!ENTRY com.st.stm32cube.ide.mpu.remote.serial 1 1 2026-05-23 12:54:17.043
!MESSAGE port: COM15

!ENTRY com.st.stm32cube.ide.mpu.remote.serial 1 1 2026-05-23 12:54:17.044
!MESSAGE port: COM16

!ENTRY com.st.stm32cube.ide.mpu.remote.serial 1 1 2026-05-23 12:54:17.046
!MESSAGE port: COM14

!ENTRY com.st.stm32cube.ide.mpu.remote.serial 1 1 2026-05-23 12:54:17.047
!MESSAGE port: COM4

!ENTRY com.st.stm32cube.ide.mpu.remote.serial 1 1 2026-05-23 12:54:17.049
!MESSAGE port: COM8

!ENTRY com.st.stm32cube.ide.mpu.remote.serial 1 1 2026-05-23 12:54:17.051
!MESSAGE port: COM13

!ENTRY com.st.stm32cube.ide.mpu.remote.serial 1 1 2026-05-23 12:54:17.052
!MESSAGE port: COM12

!ENTRY com.st.stm32cube.ide.mpu.remote.serial 1 1 2026-05-23 12:54:17.053
!MESSAGE port: COM11

!ENTRY com.st.stm32cube.ide.mpu.remote.serial 1 1 2026-05-23 12:54:46.119
!MESSAGE Executed PowerShell command powershell.exe -Command "Get-CimInstance -ClassName Win32_SerialPort | Select-Object -ExpandProperty DeviceID":
COM7
COM6
COM15
COM16
COM14
COM4
COM8
COM13
COM12
COM11


!ENTRY com.st.stm32cube.ide.mpu.remote.serial 1 1 2026-05-23 12:54:46.119
!MESSAGE port: COM7

!ENTRY com.st.stm32cube.ide.mpu.remote.serial 1 1 2026-05-23 12:54:46.120
!MESSAGE port: COM6

!ENTRY com.st.stm32cube.ide.mpu.remote.serial 1 1 2026-05-23 12:54:46.121
!MESSAGE port: COM15

!ENTRY com.st.stm32cube.ide.mpu.remote.serial 1 1 2026-05-23 12:54:46.121
!MESSAGE port: COM16

!ENTRY com.st.stm32cube.ide.mpu.remote.serial 1 1 2026-05-23 12:54:46.122
!MESSAGE port: COM14

!ENTRY com.st.stm32cube.ide.mpu.remote.serial 1 1 2026-05-23 12:54:46.123
!MESSAGE port: COM4

!ENTRY com.st.stm32cube.ide.mpu.remote.serial 1 1 2026-05-23 12:54:46.124
!MESSAGE port: COM8

!ENTRY com.st.stm32cube.ide.mpu.remote.serial 1 1 2026-05-23 12:54:46.124
!MESSAGE port: COM13

!ENTRY com.st.stm32cube.ide.mpu.remote.serial 1 1 2026-05-23 12:54:46.125
!MESSAGE port: COM12

!ENTRY com.st.stm32cube.ide.mpu.remote.serial 1 1 2026-05-23 12:54:46.125
!MESSAGE port: COM11

!ENTRY com.st.stm32cube.ide.mpu.remote.serial 1 1 2026-05-23 12:57:31.553
!MESSAGE Executed PowerShell command powershell.exe -Command "Get-CimInstance -ClassName Win32_SerialPort | Select-Object -ExpandProperty DeviceID":
COM7
COM6
COM15
COM16
COM14
COM4
COM8
COM13
COM12
COM11


!ENTRY com.st.stm32cube.ide.mpu.remote.serial 1 1 2026-05-23 12:57:31.555
!MESSAGE port: COM7

!ENTRY com.st.stm32cube.ide.mpu.remote.serial 1 1 2026-05-23 12:57:31.556
!MESSAGE port: COM6

!ENTRY com.st.stm32cube.ide.mpu.remote.serial 1 1 2026-05-23 12:57:31.558
!MESSAGE port: COM15

!ENTRY com.st.stm32cube.ide.mpu.remote.serial 1 1 2026-05-23 12:57:31.559
!MESSAGE port: COM16

!ENTRY com.st.stm32cube.ide.mpu.remote.serial 1 1 2026-05-23 12:57:31.561
!MESSAGE port: COM14

!ENTRY com.st.stm32cube.ide.mpu.remote.serial 1 1 2026-05-23 12:57:31.562
!MESSAGE port: COM4

!ENTRY com.st.stm32cube.ide.mpu.remote.serial 1 1 2026-05-23 12:57:31.565
!MESSAGE port: COM8

!ENTRY com.st.stm32cube.ide.mpu.remote.serial 1 1 2026-05-23 12:57:31.567
!MESSAGE port: COM13

!ENTRY com.st.stm32cube.ide.mpu.remote.serial 1 1 2026-05-23 12:57:31.569
!MESSAGE port: COM12

!ENTRY com.st.stm32cube.ide.mpu.remote.serial 1 1 2026-05-23 12:57:31.570
!MESSAGE port: COM11

!ENTRY com.st.stm32cube.ide.mpu.remote.serial 1 1 2026-05-23 12:58:00.598
!MESSAGE Executed PowerShell command powershell.exe -Command "Get-CimInstance -ClassName Win32_SerialPort | Select-Object -ExpandProperty DeviceID":
COM7
COM6
COM15
COM16
COM14
COM4
COM8
COM13
COM12
COM11


!ENTRY com.st.stm32cube.ide.mpu.remote.serial 1 1 2026-05-23 12:58:00.600
!MESSAGE port: COM7

!ENTRY com.st.stm32cube.ide.mpu.remote.serial 1 1 2026-05-23 12:58:00.602
!MESSAGE port: COM6

!ENTRY com.st.stm32cube.ide.mpu.remote.serial 1 1 2026-05-23 12:58:00.602
!MESSAGE port: COM15

!ENTRY com.st.stm32cube.ide.mpu.remote.serial 1 1 2026-05-23 12:58:00.607
!MESSAGE port: COM16

!ENTRY com.st.stm32cube.ide.mpu.remote.serial 1 1 2026-05-23 12:58:00.607
!MESSAGE port: COM14

!ENTRY com.st.stm32cube.ide.mpu.remote.serial 1 1 2026-05-23 12:58:00.609
!MESSAGE port: COM4

!ENTRY com.st.stm32cube.ide.mpu.remote.serial 1 1 2026-05-23 12:58:00.611
!MESSAGE port: COM8

!ENTRY com.st.stm32cube.ide.mpu.remote.serial 1 1 2026-05-23 12:58:00.611
!MESSAGE port: COM13

!ENTRY com.st.stm32cube.ide.mpu.remote.serial 1 1 2026-05-23 12:58:00.613
!MESSAGE port: COM12

!ENTRY com.st.stm32cube.ide.mpu.remote.serial 1 1 2026-05-23 12:58:00.613
!MESSAGE port: COM11

!ENTRY com.st.stm32cube.ide.mpu.remote.serial 1 1 2026-05-23 12:59:39.581
!MESSAGE Executed PowerShell command powershell.exe -Command "Get-CimInstance -ClassName Win32_SerialPort | Select-Object -ExpandProperty DeviceID":
COM7
COM6
COM15
COM16
COM14
COM4
COM8
COM13
COM12
COM11


!ENTRY com.st.stm32cube.ide.mpu.remote.serial 1 1 2026-05-23 12:59:39.583
!MESSAGE port: COM7

!ENTRY com.st.stm32cube.ide.mpu.remote.serial 1 1 2026-05-23 12:59:39.584
!MESSAGE port: COM6

!ENTRY com.st.stm32cube.ide.mpu.remote.serial 1 1 2026-05-23 12:59:39.586
!MESSAGE port: COM15

!ENTRY com.st.stm32cube.ide.mpu.remote.serial 1 1 2026-05-23 12:59:39.587
!MESSAGE port: COM16

!ENTRY com.st.stm32cube.ide.mpu.remote.serial 1 1 2026-05-23 12:59:39.589
!MESSAGE port: COM14

!ENTRY com.st.stm32cube.ide.mpu.remote.serial 1 1 2026-05-23 12:59:39.591
!MESSAGE port: COM4

!ENTRY com.st.stm32cube.ide.mpu.remote.serial 1 1 2026-05-23 12:59:39.592
!MESSAGE port: COM8

!ENTRY com.st.stm32cube.ide.mpu.remote.serial 1 1 2026-05-23 12:59:39.593
!MESSAGE port: COM13

!ENTRY com.st.stm32cube.ide.mpu.remote.serial 1 1 2026-05-23 12:59:39.595
!MESSAGE port: COM12

!ENTRY com.st.stm32cube.ide.mpu.remote.serial 1 1 2026-05-23 12:59:39.596
!MESSAGE port: COM11

!ENTRY com.st.stm32cube.ide.mpu.remote.serial 1 1 2026-05-23 13:00:08.077
!MESSAGE Executed PowerShell command powershell.exe -Command "Get-CimInstance -ClassName Win32_SerialPort | Select-Object -ExpandProperty DeviceID":
COM7
COM6
COM15
COM16
COM14
COM4
COM8
COM13
COM12
COM11


!ENTRY com.st.stm32cube.ide.mpu.remote.serial 1 1 2026-05-23 13:00:08.078
!MESSAGE port: COM7

!ENTRY com.st.stm32cube.ide.mpu.remote.serial 1 1 2026-05-23 13:00:08.078
!MESSAGE port: COM6

!ENTRY com.st.stm32cube.ide.mpu.remote.serial 1 1 2026-05-23 13:00:08.079
!MESSAGE port: COM15

!ENTRY com.st.stm32cube.ide.mpu.remote.serial 1 1 2026-05-23 13:00:08.080
!MESSAGE port: COM16

!ENTRY com.st.stm32cube.ide.mpu.remote.serial 1 1 2026-05-23 13:00:08.080
!MESSAGE port: COM14

!ENTRY com.st.stm32cube.ide.mpu.remote.serial 1 1 2026-05-23 13:00:08.081
!MESSAGE port: COM4

!ENTRY com.st.stm32cube.ide.mpu.remote.serial 1 1 2026-05-23 13:00:08.082
!MESSAGE port: COM8

!ENTRY com.st.stm32cube.ide.mpu.remote.serial 1 1 2026-05-23 13:00:08.083
!MESSAGE port: COM13

!ENTRY com.st.stm32cube.ide.mpu.remote.serial 1 1 2026-05-23 13:00:08.083
!MESSAGE port: COM12

!ENTRY com.st.stm32cube.ide.mpu.remote.serial 1 1 2026-05-23 13:00:08.084
!MESSAGE port: COM11

!ENTRY com.st.stm32cube.ide.mpu.remote.serial 1 1 2026-05-23 13:02:39.221
!MESSAGE Executed PowerShell command powershell.exe -Command "Get-CimInstance -ClassName Win32_SerialPort | Select-Object -ExpandProperty DeviceID":
COM7
COM6
COM15
COM16
COM14
COM4
COM8
COM13
COM12
COM11


!ENTRY com.st.stm32cube.ide.mpu.remote.serial 1 1 2026-05-23 13:02:39.222
!MESSAGE port: COM7

!ENTRY com.st.stm32cube.ide.mpu.remote.serial 1 1 2026-05-23 13:02:39.223
!MESSAGE port: COM6

!ENTRY com.st.stm32cube.ide.mpu.remote.serial 1 1 2026-05-23 13:02:39.224
!MESSAGE port: COM15

!ENTRY com.st.stm32cube.ide.mpu.remote.serial 1 1 2026-05-23 13:02:39.225
!MESSAGE port: COM16

!ENTRY com.st.stm32cube.ide.mpu.remote.serial 1 1 2026-05-23 13:02:39.226
!MESSAGE port: COM14

!ENTRY com.st.stm32cube.ide.mpu.remote.serial 1 1 2026-05-23 13:02:39.227
!MESSAGE port: COM4

!ENTRY com.st.stm32cube.ide.mpu.remote.serial 1 1 2026-05-23 13:02:39.228
!MESSAGE port: COM8

!ENTRY com.st.stm32cube.ide.mpu.remote.serial 1 1 2026-05-23 13:02:39.228
!MESSAGE port: COM13

!ENTRY com.st.stm32cube.ide.mpu.remote.serial 1 1 2026-05-23 13:02:39.229
!MESSAGE port: COM12

!ENTRY com.st.stm32cube.ide.mpu.remote.serial 1 1 2026-05-23 13:02:39.230
!MESSAGE port: COM11

!ENTRY com.st.stm32cube.ide.mpu.remote.serial 1 1 2026-05-23 13:03:07.626
!MESSAGE Executed PowerShell command powershell.exe -Command "Get-CimInstance -ClassName Win32_SerialPort | Select-Object -ExpandProperty DeviceID":
COM7
COM6
COM15
COM16
COM14
COM4
COM8
COM13
COM12
COM11


!ENTRY com.st.stm32cube.ide.mpu.remote.serial 1 1 2026-05-23 13:03:07.627
!MESSAGE port: COM7

!ENTRY com.st.stm32cube.ide.mpu.remote.serial 1 1 2026-05-23 13:03:07.628
!MESSAGE port: COM6

!ENTRY com.st.stm32cube.ide.mpu.remote.serial 1 1 2026-05-23 13:03:07.629
!MESSAGE port: COM15

!ENTRY com.st.stm32cube.ide.mpu.remote.serial 1 1 2026-05-23 13:03:07.629
!MESSAGE port: COM16

!ENTRY com.st.stm32cube.ide.mpu.remote.serial 1 1 2026-05-23 13:03:07.630
!MESSAGE port: COM14

!ENTRY com.st.stm32cube.ide.mpu.remote.serial 1 1 2026-05-23 13:03:07.631
!MESSAGE port: COM4

!ENTRY com.st.stm32cube.ide.mpu.remote.serial 1 1 2026-05-23 13:03:07.631
!MESSAGE port: COM8

!ENTRY com.st.stm32cube.ide.mpu.remote.serial 1 1 2026-05-23 13:03:07.632
!MESSAGE port: COM13

!ENTRY com.st.stm32cube.ide.mpu.remote.serial 1 1 2026-05-23 13:03:07.633
!MESSAGE port: COM12

!ENTRY com.st.stm32cube.ide.mpu.remote.serial 1 1 2026-05-23 13:03:07.633
!MESSAGE port: COM11

!ENTRY com.st.stm32cube.ide.mpu.remote.serial 1 1 2026-05-23 13:10:23.606
!MESSAGE Executed PowerShell command powershell.exe -Command "Get-CimInstance -ClassName Win32_SerialPort | Select-Object -ExpandProperty DeviceID":
COM7
COM6
COM15
COM16
COM14
COM4
COM8
COM13
COM12
COM11


!ENTRY com.st.stm32cube.ide.mpu.remote.serial 1 1 2026-05-23 13:10:23.608
!MESSAGE port: COM7

!ENTRY com.st.stm32cube.ide.mpu.remote.serial 1 1 2026-05-23 13:10:23.608
!MESSAGE port: COM6

!ENTRY com.st.stm32cube.ide.mpu.remote.serial 1 1 2026-05-23 13:10:23.609
!MESSAGE port: COM15

!ENTRY com.st.stm32cube.ide.mpu.remote.serial 1 1 2026-05-23 13:10:23.611
!MESSAGE port: COM16

!ENTRY com.st.stm32cube.ide.mpu.remote.serial 1 1 2026-05-23 13:10:23.611
!MESSAGE port: COM14

!ENTRY com.st.stm32cube.ide.mpu.remote.serial 1 1 2026-05-23 13:10:23.612
!MESSAGE port: COM4

!ENTRY com.st.stm32cube.ide.mpu.remote.serial 1 1 2026-05-23 13:10:23.613
!MESSAGE port: COM8

!ENTRY com.st.stm32cube.ide.mpu.remote.serial 1 1 2026-05-23 13:10:23.614
!MESSAGE port: COM13

!ENTRY com.st.stm32cube.ide.mpu.remote.serial 1 1 2026-05-23 13:10:23.615
!MESSAGE port: COM12

!ENTRY com.st.stm32cube.ide.mpu.remote.serial 1 1 2026-05-23 13:10:23.616
!MESSAGE port: COM11

!ENTRY com.st.stm32cube.ide.mpu.remote.serial 1 1 2026-05-23 13:10:52.193
!MESSAGE Executed PowerShell command powershell.exe -Command "Get-CimInstance -ClassName Win32_SerialPort | Select-Object -ExpandProperty DeviceID":
COM7
COM6
COM15
COM16
COM14
COM4
COM8
COM13
COM12
COM11


!ENTRY com.st.stm32cube.ide.mpu.remote.serial 1 1 2026-05-23 13:10:52.194
!MESSAGE port: COM7

!ENTRY com.st.stm32cube.ide.mpu.remote.serial 1 1 2026-05-23 13:10:52.194
!MESSAGE port: COM6

!ENTRY com.st.stm32cube.ide.mpu.remote.serial 1 1 2026-05-23 13:10:52.195
!MESSAGE port: COM15

!ENTRY com.st.stm32cube.ide.mpu.remote.serial 1 1 2026-05-23 13:10:52.196
!MESSAGE port: COM16

!ENTRY com.st.stm32cube.ide.mpu.remote.serial 1 1 2026-05-23 13:10:52.197
!MESSAGE port: COM14

!ENTRY com.st.stm32cube.ide.mpu.remote.serial 1 1 2026-05-23 13:10:52.197
!MESSAGE port: COM4

!ENTRY com.st.stm32cube.ide.mpu.remote.serial 1 1 2026-05-23 13:10:52.198
!MESSAGE port: COM8

!ENTRY com.st.stm32cube.ide.mpu.remote.serial 1 1 2026-05-23 13:10:52.199
!MESSAGE port: COM13

!ENTRY com.st.stm32cube.ide.mpu.remote.serial 1 1 2026-05-23 13:10:52.199
!MESSAGE port: COM12

!ENTRY com.st.stm32cube.ide.mpu.remote.serial 1 1 2026-05-23 13:10:52.200
!MESSAGE port: COM11

!ENTRY org.eclipse.ui 4 0 2026-05-23 13:11:10.067
!MESSAGE Cannot create or restore 'Prueba_rx_rak' because it already exists.
!STACK 0
org.eclipse.core.commands.ExecutionException: Cannot create or restore 'Prueba_rx_rak' because it already exists.
	at org.eclipse.ltk.internal.core.refactoring.UndoableOperation2ChangeAdapter.undo(UndoableOperation2ChangeAdapter.java:215)
	at org.eclipse.core.commands.operations.TriggeredOperations.undo(TriggeredOperations.java:214)
	at org.eclipse.core.commands.operations.DefaultOperationHistory.doUndo(DefaultOperationHistory.java:399)
	at org.eclipse.core.commands.operations.DefaultOperationHistory.undo(DefaultOperationHistory.java:1141)
	at org.eclipse.ui.operations.UndoActionHandler.runCommand(UndoActionHandler.java:86)
	at org.eclipse.ui.operations.OperationHistoryActionHandler.lambda$0(OperationHistoryActionHandler.java:294)
	at org.eclipse.jface.operation.ModalContext.runInCurrentThread(ModalContext.java:434)
	at org.eclipse.jface.operation.ModalContext.run(ModalContext.java:354)
	at org.eclipse.jface.dialogs.ProgressMonitorDialog.run(ProgressMonitorDialog.java:470)
	at org.eclipse.ui.internal.operations.TimeTriggeredProgressMonitorDialog.access$1(TimeTriggeredProgressMonitorDialog.java:1)
	at org.eclipse.ui.internal.operations.TimeTriggeredProgressMonitorDialog.lambda$0(TimeTriggeredProgressMonitorDialog.java:154)
	at org.eclipse.swt.custom.BusyIndicator.showWhile(BusyIndicator.java:67)
	at org.eclipse.ui.internal.operations.TimeTriggeredProgressMonitorDialog.run(TimeTriggeredProgressMonitorDialog.java:166)
	at org.eclipse.ui.operations.OperationHistoryActionHandler.run(OperationHistoryActionHandler.java:333)
	at org.eclipse.jface.action.Action.runWithEvent(Action.java:474)
	at org.eclipse.jface.commands.ActionHandler.execute(ActionHandler.java:124)
	at org.eclipse.ui.internal.handlers.E4HandlerProxy.execute(E4HandlerProxy.java:98)
	at java.base/jdk.internal.reflect.DirectMethodHandleAccessor.invoke(DirectMethodHandleAccessor.java:103)
	at java.base/java.lang.reflect.Method.invoke(Method.java:580)
	at org.eclipse.e4.core.internal.di.MethodRequestor.execute(MethodRequestor.java:56)
	at org.eclipse.e4.core.internal.di.InjectorImpl.invokeUsingClass(InjectorImpl.java:299)
	at org.eclipse.e4.core.internal.di.InjectorImpl.invoke(InjectorImpl.java:233)
	at org.eclipse.e4.core.contexts.ContextInjectionFactory.invoke(ContextInjectionFactory.java:174)
	at org.eclipse.e4.core.commands.internal.HandlerServiceHandler.execute(HandlerServiceHandler.java:165)
	at org.eclipse.core.commands.Command.executeWithChecks(Command.java:488)
	at org.eclipse.core.commands.ParameterizedCommand.executeWithChecks(ParameterizedCommand.java:485)
	at org.eclipse.e4.core.commands.internal.HandlerServiceImpl.executeHandler(HandlerServiceImpl.java:204)
	at org.eclipse.e4.ui.bindings.keys.KeyBindingDispatcher.executeCommand(KeyBindingDispatcher.java:308)
	at org.eclipse.e4.ui.bindings.keys.KeyBindingDispatcher.press(KeyBindingDispatcher.java:569)
	at org.eclipse.e4.ui.bindings.keys.KeyBindingDispatcher.processKeyEvent(KeyBindingDispatcher.java:644)
	at org.eclipse.e4.ui.bindings.keys.KeyBindingDispatcher.filterKeySequenceBindings(KeyBindingDispatcher.java:439)
	at org.eclipse.e4.ui.bindings.keys.KeyBindingDispatcher$KeyDownFilter.handleEvent(KeyBindingDispatcher.java:96)
	at org.eclipse.swt.widgets.EventTable.sendEvent(EventTable.java:91)
	at org.eclipse.swt.widgets.Display.filterEvent(Display.java:1319)
	at org.eclipse.swt.widgets.Widget.sendEvent(Widget.java:1173)
	at org.eclipse.swt.widgets.Widget.sendEvent(Widget.java:1198)
	at org.eclipse.swt.widgets.Widget.sendEvent(Widget.java:1183)
	at org.eclipse.swt.widgets.Widget.sendKeyEvent(Widget.java:1225)
	at org.eclipse.swt.widgets.Widget.sendKeyEvent(Widget.java:1221)
	at org.eclipse.swt.widgets.Widget.wmChar(Widget.java:1704)
	at org.eclipse.swt.widgets.Control.WM_CHAR(Control.java:4849)
	at org.eclipse.swt.widgets.Tree.WM_CHAR(Tree.java:6155)
	at org.eclipse.swt.widgets.Control.windowProc(Control.java:4727)
	at org.eclipse.swt.widgets.Tree.windowProc(Tree.java:6150)
	at org.eclipse.swt.widgets.Display.windowProc(Display.java:5091)
	at org.eclipse.swt.internal.win32.OS.DispatchMessage(Native Method)
	at org.eclipse.swt.widgets.Display.readAndDispatch(Display.java:3710)
	at org.eclipse.e4.ui.internal.workbench.swt.PartRenderingEngine$5.run(PartRenderingEngine.java:1151)
	at org.eclipse.core.databinding.observable.Realm.runWithDefault(Realm.java:339)
	at org.eclipse.e4.ui.internal.workbench.swt.PartRenderingEngine.run(PartRenderingEngine.java:1042)
	at org.eclipse.e4.ui.internal.workbench.E4Workbench.createAndRunUI(E4Workbench.java:153)
	at org.eclipse.ui.internal.Workbench.lambda$3(Workbench.java:639)
	at org.eclipse.core.databinding.observable.Realm.runWithDefault(Realm.java:339)
	at org.eclipse.ui.internal.Workbench.createAndRunWorkbench(Workbench.java:546)
	at org.eclipse.ui.PlatformUI.createAndRunWorkbench(PlatformUI.java:173)
	at org.eclipse.ui.internal.ide.application.IDEApplication.start(IDEApplication.java:152)
	at org.eclipse.equinox.internal.app.EclipseAppHandle.run(EclipseAppHandle.java:208)
	at org.eclipse.core.runtime.internal.adaptor.EclipseAppLauncher.runApplication(EclipseAppLauncher.java:143)
	at org.eclipse.core.runtime.internal.adaptor.EclipseAppLauncher.start(EclipseAppLauncher.java:109)
	at org.eclipse.core.runtime.adaptor.EclipseStarter.run(EclipseStarter.java:439)
	at org.eclipse.core.runtime.adaptor.EclipseStarter.run(EclipseStarter.java:271)
	at java.base/jdk.internal.reflect.DirectMethodHandleAccessor.invoke(DirectMethodHandleAccessor.java:103)
	at java.base/java.lang.reflect.Method.invoke(Method.java:580)
	at org.eclipse.equinox.launcher.Main.invokeFramework(Main.java:668)
	at org.eclipse.equinox.launcher.Main.basicRun(Main.java:605)
	at org.eclipse.equinox.launcher.Main.run(Main.java:1481)
Caused by: org.eclipse.core.runtime.CoreException: Cannot create or restore 'Prueba_rx_rak' because it already exists.
	at org.eclipse.ltk.internal.core.refactoring.resource.UndoDeleteResourceChange.perform(UndoDeleteResourceChange.java:75)
	at org.eclipse.ltk.core.refactoring.CompositeChange.perform(CompositeChange.java:278)
	at org.eclipse.ltk.core.refactoring.CompositeChange.perform(CompositeChange.java:278)
	at org.eclipse.ltk.internal.core.refactoring.UndoableOperation2ChangeAdapter.lambda$0(UndoableOperation2ChangeAdapter.java:332)
	at org.eclipse.core.internal.resources.Workspace.run(Workspace.java:2451)
	at org.eclipse.core.internal.resources.Workspace.run(Workspace.java:2476)
	at org.eclipse.ltk.internal.core.refactoring.UndoableOperation2ChangeAdapter.executeChange(UndoableOperation2ChangeAdapter.java:354)
	at org.eclipse.ltk.internal.core.refactoring.UndoableOperation2ChangeAdapter.undo(UndoableOperation2ChangeAdapter.java:199)
	... 65 more

!ENTRY com.st.stm32cube.ide.mpu.remote.serial 1 1 2026-05-23 13:12:48.041
!MESSAGE Executed PowerShell command powershell.exe -Command "Get-CimInstance -ClassName Win32_SerialPort | Select-Object -ExpandProperty DeviceID":
COM7
COM6
COM15
COM16
COM14
COM4
COM8
COM13
COM12
COM11


!ENTRY com.st.stm32cube.ide.mpu.remote.serial 1 1 2026-05-23 13:12:48.042
!MESSAGE port: COM7

!ENTRY com.st.stm32cube.ide.mpu.remote.serial 1 1 2026-05-23 13:12:48.043
!MESSAGE port: COM6

!ENTRY com.st.stm32cube.ide.mpu.remote.serial 1 1 2026-05-23 13:12:48.043
!MESSAGE port: COM15

!ENTRY com.st.stm32cube.ide.mpu.remote.serial 1 1 2026-05-23 13:12:48.044
!MESSAGE port: COM16

!ENTRY com.st.stm32cube.ide.mpu.remote.serial 1 1 2026-05-23 13:12:48.045
!MESSAGE port: COM14

!ENTRY com.st.stm32cube.ide.mpu.remote.serial 1 1 2026-05-23 13:12:48.046
!MESSAGE port: COM4

!ENTRY com.st.stm32cube.ide.mpu.remote.serial 1 1 2026-05-23 13:12:48.046
!MESSAGE port: COM8

!ENTRY com.st.stm32cube.ide.mpu.remote.serial 1 1 2026-05-23 13:12:48.047
!MESSAGE port: COM13

!ENTRY com.st.stm32cube.ide.mpu.remote.serial 1 1 2026-05-23 13:12:48.048
!MESSAGE port: COM12

!ENTRY com.st.stm32cube.ide.mpu.remote.serial 1 1 2026-05-23 13:12:48.049
!MESSAGE port: COM11

!ENTRY com.st.stm32cube.ide.mpu.remote.serial 1 1 2026-05-23 13:13:16.380
!MESSAGE Executed PowerShell command powershell.exe -Command "Get-CimInstance -ClassName Win32_SerialPort | Select-Object -ExpandProperty DeviceID":
COM7
COM6
COM15
COM16
COM14
COM4
COM8
COM13
COM12
COM11


!ENTRY com.st.stm32cube.ide.mpu.remote.serial 1 1 2026-05-23 13:13:16.381
!MESSAGE port: COM7

!ENTRY com.st.stm32cube.ide.mpu.remote.serial 1 1 2026-05-23 13:13:16.381
!MESSAGE port: COM6

!ENTRY com.st.stm32cube.ide.mpu.remote.serial 1 1 2026-05-23 13:13:16.382
!MESSAGE port: COM15

!ENTRY com.st.stm32cube.ide.mpu.remote.serial 1 1 2026-05-23 13:13:16.382
!MESSAGE port: COM16

!ENTRY com.st.stm32cube.ide.mpu.remote.serial 1 1 2026-05-23 13:13:16.383
!MESSAGE port: COM14

!ENTRY com.st.stm32cube.ide.mpu.remote.serial 1 1 2026-05-23 13:13:16.384
!MESSAGE port: COM4

!ENTRY com.st.stm32cube.ide.mpu.remote.serial 1 1 2026-05-23 13:13:16.384
!MESSAGE port: COM8

!ENTRY com.st.stm32cube.ide.mpu.remote.serial 1 1 2026-05-23 13:13:16.385
!MESSAGE port: COM13

!ENTRY com.st.stm32cube.ide.mpu.remote.serial 1 1 2026-05-23 13:13:16.386
!MESSAGE port: COM12

!ENTRY com.st.stm32cube.ide.mpu.remote.serial 1 1 2026-05-23 13:13:16.387
!MESSAGE port: COM11

!ENTRY com.st.stm32cube.ide.mpu.remote.serial 1 1 2026-05-23 13:15:33.568
!MESSAGE Executed PowerShell command powershell.exe -Command "Get-CimInstance -ClassName Win32_SerialPort | Select-Object -ExpandProperty DeviceID":
COM7
COM6
COM15
COM16
COM14
COM4
COM8
COM13
COM12
COM11


!ENTRY com.st.stm32cube.ide.mpu.remote.serial 1 1 2026-05-23 13:15:33.569
!MESSAGE port: COM7

!ENTRY com.st.stm32cube.ide.mpu.remote.serial 1 1 2026-05-23 13:15:33.569
!MESSAGE port: COM6

!ENTRY com.st.stm32cube.ide.mpu.remote.serial 1 1 2026-05-23 13:15:33.570
!MESSAGE port: COM15

!ENTRY com.st.stm32cube.ide.mpu.remote.serial 1 1 2026-05-23 13:15:33.571
!MESSAGE port: COM16

!ENTRY com.st.stm32cube.ide.mpu.remote.serial 1 1 2026-05-23 13:15:33.571
!MESSAGE port: COM14

!ENTRY com.st.stm32cube.ide.mpu.remote.serial 1 1 2026-05-23 13:15:33.572
!MESSAGE port: COM4

!ENTRY com.st.stm32cube.ide.mpu.remote.serial 1 1 2026-05-23 13:15:33.573
!MESSAGE port: COM8

!ENTRY com.st.stm32cube.ide.mpu.remote.serial 1 1 2026-05-23 13:15:33.574
!MESSAGE port: COM13

!ENTRY com.st.stm32cube.ide.mpu.remote.serial 1 1 2026-05-23 13:15:33.574
!MESSAGE port: COM12

!ENTRY com.st.stm32cube.ide.mpu.remote.serial 1 1 2026-05-23 13:15:33.575
!MESSAGE port: COM11

!ENTRY com.st.stm32cube.ide.mpu.remote.serial 1 1 2026-05-23 13:16:01.746
!MESSAGE Executed PowerShell command powershell.exe -Command "Get-CimInstance -ClassName Win32_SerialPort | Select-Object -ExpandProperty DeviceID":
COM7
COM6
COM15
COM16
COM14
COM4
COM8
COM13
COM12
COM11


!ENTRY com.st.stm32cube.ide.mpu.remote.serial 1 1 2026-05-23 13:16:01.747
!MESSAGE port: COM7

!ENTRY com.st.stm32cube.ide.mpu.remote.serial 1 1 2026-05-23 13:16:01.748
!MESSAGE port: COM6

!ENTRY com.st.stm32cube.ide.mpu.remote.serial 1 1 2026-05-23 13:16:01.749
!MESSAGE port: COM15

!ENTRY com.st.stm32cube.ide.mpu.remote.serial 1 1 2026-05-23 13:16:01.750
!MESSAGE port: COM16

!ENTRY com.st.stm32cube.ide.mpu.remote.serial 1 1 2026-05-23 13:16:01.750
!MESSAGE port: COM14

!ENTRY com.st.stm32cube.ide.mpu.remote.serial 1 1 2026-05-23 13:16:01.751
!MESSAGE port: COM4

!ENTRY com.st.stm32cube.ide.mpu.remote.serial 1 1 2026-05-23 13:16:01.752
!MESSAGE port: COM8

!ENTRY com.st.stm32cube.ide.mpu.remote.serial 1 1 2026-05-23 13:16:01.752
!MESSAGE port: COM13

!ENTRY com.st.stm32cube.ide.mpu.remote.serial 1 1 2026-05-23 13:16:01.753
!MESSAGE port: COM12

!ENTRY com.st.stm32cube.ide.mpu.remote.serial 1 1 2026-05-23 13:16:01.754
!MESSAGE port: COM11

!ENTRY com.st.stm32cube.ide.mpu.remote.serial 1 1 2026-05-23 13:23:12.373
!MESSAGE Executed PowerShell command powershell.exe -Command "Get-CimInstance -ClassName Win32_SerialPort | Select-Object -ExpandProperty DeviceID":
COM7
COM6
COM15
COM16
COM14
COM4
COM8
COM13
COM12
COM11


!ENTRY com.st.stm32cube.ide.mpu.remote.serial 1 1 2026-05-23 13:23:12.374
!MESSAGE port: COM7

!ENTRY com.st.stm32cube.ide.mpu.remote.serial 1 1 2026-05-23 13:23:12.375
!MESSAGE port: COM6

!ENTRY com.st.stm32cube.ide.mpu.remote.serial 1 1 2026-05-23 13:23:12.375
!MESSAGE port: COM15

!ENTRY com.st.stm32cube.ide.mpu.remote.serial 1 1 2026-05-23 13:23:12.376
!MESSAGE port: COM16

!ENTRY com.st.stm32cube.ide.mpu.remote.serial 1 1 2026-05-23 13:23:12.377
!MESSAGE port: COM14

!ENTRY com.st.stm32cube.ide.mpu.remote.serial 1 1 2026-05-23 13:23:12.378
!MESSAGE port: COM4

!ENTRY com.st.stm32cube.ide.mpu.remote.serial 1 1 2026-05-23 13:23:12.378
!MESSAGE port: COM8

!ENTRY com.st.stm32cube.ide.mpu.remote.serial 1 1 2026-05-23 13:23:12.379
!MESSAGE port: COM13

!ENTRY com.st.stm32cube.ide.mpu.remote.serial 1 1 2026-05-23 13:23:12.380
!MESSAGE port: COM12

!ENTRY com.st.stm32cube.ide.mpu.remote.serial 1 1 2026-05-23 13:23:12.381
!MESSAGE port: COM11

!ENTRY com.st.stm32cube.ide.mpu.remote.serial 1 1 2026-05-23 13:23:41.383
!MESSAGE Executed PowerShell command powershell.exe -Command "Get-CimInstance -ClassName Win32_SerialPort | Select-Object -ExpandProperty DeviceID":
COM7
COM6
COM15
COM16
COM14
COM4
COM8
COM13
COM12
COM11


!ENTRY com.st.stm32cube.ide.mpu.remote.serial 1 1 2026-05-23 13:23:41.384
!MESSAGE port: COM7

!ENTRY com.st.stm32cube.ide.mpu.remote.serial 1 1 2026-05-23 13:23:41.385
!MESSAGE port: COM6

!ENTRY com.st.stm32cube.ide.mpu.remote.serial 1 1 2026-05-23 13:23:41.386
!MESSAGE port: COM15

!ENTRY com.st.stm32cube.ide.mpu.remote.serial 1 1 2026-05-23 13:23:41.387
!MESSAGE port: COM16

!ENTRY com.st.stm32cube.ide.mpu.remote.serial 1 1 2026-05-23 13:23:41.388
!MESSAGE port: COM14

!ENTRY com.st.stm32cube.ide.mpu.remote.serial 1 1 2026-05-23 13:23:41.388
!MESSAGE port: COM4

!ENTRY com.st.stm32cube.ide.mpu.remote.serial 1 1 2026-05-23 13:23:41.389
!MESSAGE port: COM8

!ENTRY com.st.stm32cube.ide.mpu.remote.serial 1 1 2026-05-23 13:23:41.390
!MESSAGE port: COM13

!ENTRY com.st.stm32cube.ide.mpu.remote.serial 1 1 2026-05-23 13:23:41.391
!MESSAGE port: COM12

!ENTRY com.st.stm32cube.ide.mpu.remote.serial 1 1 2026-05-23 13:23:41.392
!MESSAGE port: COM11

!ENTRY com.st.stm32cube.ide.mpu.remote.serial 1 1 2026-05-23 13:26:09.851
!MESSAGE Executed PowerShell command powershell.exe -Command "Get-CimInstance -ClassName Win32_SerialPort | Select-Object -ExpandProperty DeviceID":
COM7
COM6
COM15
COM16
COM14
COM4
COM8
COM13
COM12
COM11


!ENTRY com.st.stm32cube.ide.mpu.remote.serial 1 1 2026-05-23 13:26:09.853
!MESSAGE port: COM7

!ENTRY com.st.stm32cube.ide.mpu.remote.serial 1 1 2026-05-23 13:26:09.853
!MESSAGE port: COM6

!ENTRY com.st.stm32cube.ide.mpu.remote.serial 1 1 2026-05-23 13:26:09.855
!MESSAGE port: COM15

!ENTRY com.st.stm32cube.ide.mpu.remote.serial 1 1 2026-05-23 13:26:09.855
!MESSAGE port: COM16

!ENTRY com.st.stm32cube.ide.mpu.remote.serial 1 1 2026-05-23 13:26:09.855
!MESSAGE port: COM14

!ENTRY com.st.stm32cube.ide.mpu.remote.serial 1 1 2026-05-23 13:26:09.855
!MESSAGE port: COM4

!ENTRY com.st.stm32cube.ide.mpu.remote.serial 1 1 2026-05-23 13:26:09.857
!MESSAGE port: COM8

!ENTRY com.st.stm32cube.ide.mpu.remote.serial 1 1 2026-05-23 13:26:09.857
!MESSAGE port: COM13

!ENTRY com.st.stm32cube.ide.mpu.remote.serial 1 1 2026-05-23 13:26:09.857
!MESSAGE port: COM12

!ENTRY com.st.stm32cube.ide.mpu.remote.serial 1 1 2026-05-23 13:26:09.859
!MESSAGE port: COM11

!ENTRY com.st.stm32cube.ide.mpu.remote.serial 1 1 2026-05-23 13:26:38.019
!MESSAGE Executed PowerShell command powershell.exe -Command "Get-CimInstance -ClassName Win32_SerialPort | Select-Object -ExpandProperty DeviceID":
COM7
COM6
COM15
COM16
COM14
COM4
COM8
COM13
COM12
COM11


!ENTRY com.st.stm32cube.ide.mpu.remote.serial 1 1 2026-05-23 13:26:38.020
!MESSAGE port: COM7

!ENTRY com.st.stm32cube.ide.mpu.remote.serial 1 1 2026-05-23 13:26:38.021
!MESSAGE port: COM6

!ENTRY com.st.stm32cube.ide.mpu.remote.serial 1 1 2026-05-23 13:26:38.021
!MESSAGE port: COM15

!ENTRY com.st.stm32cube.ide.mpu.remote.serial 1 1 2026-05-23 13:26:38.022
!MESSAGE port: COM16

!ENTRY com.st.stm32cube.ide.mpu.remote.serial 1 1 2026-05-23 13:26:38.023
!MESSAGE port: COM14

!ENTRY com.st.stm32cube.ide.mpu.remote.serial 1 1 2026-05-23 13:26:38.024
!MESSAGE port: COM4

!ENTRY com.st.stm32cube.ide.mpu.remote.serial 1 1 2026-05-23 13:26:38.024
!MESSAGE port: COM8

!ENTRY com.st.stm32cube.ide.mpu.remote.serial 1 1 2026-05-23 13:26:38.025
!MESSAGE port: COM13

!ENTRY com.st.stm32cube.ide.mpu.remote.serial 1 1 2026-05-23 13:26:38.026
!MESSAGE port: COM12

!ENTRY com.st.stm32cube.ide.mpu.remote.serial 1 1 2026-05-23 13:26:38.027
!MESSAGE port: COM11

!ENTRY com.st.stm32cube.ide.mpu.remote.serial 1 1 2026-05-23 13:27:06.251
!MESSAGE Executed PowerShell command powershell.exe -Command "Get-CimInstance -ClassName Win32_SerialPort | Select-Object -ExpandProperty DeviceID":
COM7
COM6
COM15
COM16
COM14
COM4
COM8
COM13
COM12
COM11


!ENTRY com.st.stm32cube.ide.mpu.remote.serial 1 1 2026-05-23 13:27:06.252
!MESSAGE port: COM7

!ENTRY com.st.stm32cube.ide.mpu.remote.serial 1 1 2026-05-23 13:27:06.253
!MESSAGE port: COM6

!ENTRY com.st.stm32cube.ide.mpu.remote.serial 1 1 2026-05-23 13:27:06.254
!MESSAGE port: COM15

!ENTRY com.st.stm32cube.ide.mpu.remote.serial 1 1 2026-05-23 13:27:06.255
!MESSAGE port: COM16

!ENTRY com.st.stm32cube.ide.mpu.remote.serial 1 1 2026-05-23 13:27:06.255
!MESSAGE port: COM14

!ENTRY com.st.stm32cube.ide.mpu.remote.serial 1 1 2026-05-23 13:27:06.256
!MESSAGE port: COM4

!ENTRY com.st.stm32cube.ide.mpu.remote.serial 1 1 2026-05-23 13:27:06.257
!MESSAGE port: COM8

!ENTRY com.st.stm32cube.ide.mpu.remote.serial 1 1 2026-05-23 13:27:06.258
!MESSAGE port: COM13

!ENTRY com.st.stm32cube.ide.mpu.remote.serial 1 1 2026-05-23 13:27:06.258
!MESSAGE port: COM12

!ENTRY com.st.stm32cube.ide.mpu.remote.serial 1 1 2026-05-23 13:27:06.259
!MESSAGE port: COM11

!ENTRY com.st.stm32cube.ide.mpu.remote.serial 1 1 2026-05-23 13:54:22.277
!MESSAGE Executed PowerShell command powershell.exe -Command "Get-CimInstance -ClassName Win32_SerialPort | Select-Object -ExpandProperty DeviceID":
COM7
COM6
COM15
COM16
COM14
COM4
COM8
COM13
COM12
COM11


!ENTRY com.st.stm32cube.ide.mpu.remote.serial 1 1 2026-05-23 13:54:22.277
!MESSAGE port: COM7

!ENTRY com.st.stm32cube.ide.mpu.remote.serial 1 1 2026-05-23 13:54:22.277
!MESSAGE port: COM6

!ENTRY com.st.stm32cube.ide.mpu.remote.serial 1 1 2026-05-23 13:54:22.277
!MESSAGE port: COM15

!ENTRY com.st.stm32cube.ide.mpu.remote.serial 1 1 2026-05-23 13:54:22.277
!MESSAGE port: COM16

!ENTRY com.st.stm32cube.ide.mpu.remote.serial 1 1 2026-05-23 13:54:22.277
!MESSAGE port: COM14

!ENTRY com.st.stm32cube.ide.mpu.remote.serial 1 1 2026-05-23 13:54:22.277
!MESSAGE port: COM4

!ENTRY com.st.stm32cube.ide.mpu.remote.serial 1 1 2026-05-23 13:54:22.282
!MESSAGE port: COM8

!ENTRY com.st.stm32cube.ide.mpu.remote.serial 1 1 2026-05-23 13:54:22.282
!MESSAGE port: COM13

!ENTRY com.st.stm32cube.ide.mpu.remote.serial 1 1 2026-05-23 13:54:22.282
!MESSAGE port: COM12

!ENTRY com.st.stm32cube.ide.mpu.remote.serial 1 1 2026-05-23 13:54:22.284
!MESSAGE port: COM11

!ENTRY com.st.stm32cube.ide.mpu.remote.serial 1 1 2026-05-23 14:00:50.778
!MESSAGE Executed PowerShell command powershell.exe -Command "Get-CimInstance -ClassName Win32_SerialPort | Select-Object -ExpandProperty DeviceID":
COM7
COM6
COM15
COM16
COM14
COM4
COM8
COM13
COM12
COM11


!ENTRY com.st.stm32cube.ide.mpu.remote.serial 1 1 2026-05-23 14:00:50.779
!MESSAGE port: COM7

!ENTRY com.st.stm32cube.ide.mpu.remote.serial 1 1 2026-05-23 14:00:50.780
!MESSAGE port: COM6

!ENTRY com.st.stm32cube.ide.mpu.remote.serial 1 1 2026-05-23 14:00:50.782
!MESSAGE port: COM15

!ENTRY com.st.stm32cube.ide.mpu.remote.serial 1 1 2026-05-23 14:00:50.782
!MESSAGE port: COM16

!ENTRY com.st.stm32cube.ide.mpu.remote.serial 1 1 2026-05-23 14:00:50.783
!MESSAGE port: COM14

!ENTRY com.st.stm32cube.ide.mpu.remote.serial 1 1 2026-05-23 14:00:50.785
!MESSAGE port: COM4

!ENTRY com.st.stm32cube.ide.mpu.remote.serial 1 1 2026-05-23 14:00:50.786
!MESSAGE port: COM8

!ENTRY com.st.stm32cube.ide.mpu.remote.serial 1 1 2026-05-23 14:00:50.786
!MESSAGE port: COM13

!ENTRY com.st.stm32cube.ide.mpu.remote.serial 1 1 2026-05-23 14:00:50.787
!MESSAGE port: COM12

!ENTRY com.st.stm32cube.ide.mpu.remote.serial 1 1 2026-05-23 14:00:50.788
!MESSAGE port: COM11

!ENTRY com.st.stm32cube.ide.mpu.remote.serial 1 1 2026-05-23 14:01:19.673
!MESSAGE Executed PowerShell command powershell.exe -Command "Get-CimInstance -ClassName Win32_SerialPort | Select-Object -ExpandProperty DeviceID":
COM7
COM6
COM15
COM16
COM14
COM4
COM8
COM13
COM12
COM11


!ENTRY com.st.stm32cube.ide.mpu.remote.serial 1 1 2026-05-23 14:01:19.674
!MESSAGE port: COM7

!ENTRY com.st.stm32cube.ide.mpu.remote.serial 1 1 2026-05-23 14:01:19.674
!MESSAGE port: COM6

!ENTRY com.st.stm32cube.ide.mpu.remote.serial 1 1 2026-05-23 14:01:19.675
!MESSAGE port: COM15

!ENTRY com.st.stm32cube.ide.mpu.remote.serial 1 1 2026-05-23 14:01:19.676
!MESSAGE port: COM16

!ENTRY com.st.stm32cube.ide.mpu.remote.serial 1 1 2026-05-23 14:01:19.676
!MESSAGE port: COM14

!ENTRY com.st.stm32cube.ide.mpu.remote.serial 1 1 2026-05-23 14:01:19.677
!MESSAGE port: COM4

!ENTRY com.st.stm32cube.ide.mpu.remote.serial 1 1 2026-05-23 14:01:19.678
!MESSAGE port: COM8

!ENTRY com.st.stm32cube.ide.mpu.remote.serial 1 1 2026-05-23 14:01:19.678
!MESSAGE port: COM13

!ENTRY com.st.stm32cube.ide.mpu.remote.serial 1 1 2026-05-23 14:01:19.679
!MESSAGE port: COM12

!ENTRY com.st.stm32cube.ide.mpu.remote.serial 1 1 2026-05-23 14:01:19.680
!MESSAGE port: COM11

!ENTRY com.st.stm32cube.ide.mpu.remote.serial 1 1 2026-05-23 14:01:48.579
!MESSAGE Executed PowerShell command powershell.exe -Command "Get-CimInstance -ClassName Win32_SerialPort | Select-Object -ExpandProperty DeviceID":
COM7
COM6
COM15
COM16
COM14
COM4
COM8
COM13
COM12
COM11


!ENTRY com.st.stm32cube.ide.mpu.remote.serial 1 1 2026-05-23 14:01:48.580
!MESSAGE port: COM7

!ENTRY com.st.stm32cube.ide.mpu.remote.serial 1 1 2026-05-23 14:01:48.581
!MESSAGE port: COM6

!ENTRY com.st.stm32cube.ide.mpu.remote.serial 1 1 2026-05-23 14:01:48.581
!MESSAGE port: COM15

!ENTRY com.st.stm32cube.ide.mpu.remote.serial 1 1 2026-05-23 14:01:48.582
!MESSAGE port: COM16

!ENTRY com.st.stm32cube.ide.mpu.remote.serial 1 1 2026-05-23 14:01:48.583
!MESSAGE port: COM14

!ENTRY com.st.stm32cube.ide.mpu.remote.serial 1 1 2026-05-23 14:01:48.584
!MESSAGE port: COM4

!ENTRY com.st.stm32cube.ide.mpu.remote.serial 1 1 2026-05-23 14:01:48.585
!MESSAGE port: COM8

!ENTRY com.st.stm32cube.ide.mpu.remote.serial 1 1 2026-05-23 14:01:48.585
!MESSAGE port: COM13

!ENTRY com.st.stm32cube.ide.mpu.remote.serial 1 1 2026-05-23 14:01:48.586
!MESSAGE port: COM12

!ENTRY com.st.stm32cube.ide.mpu.remote.serial 1 1 2026-05-23 14:01:48.587
!MESSAGE port: COM11

!ENTRY com.st.stm32cube.ide.mpu.remote.serial 1 1 2026-05-23 14:04:18.130
!MESSAGE Executed PowerShell command powershell.exe -Command "Get-CimInstance -ClassName Win32_SerialPort | Select-Object -ExpandProperty DeviceID":
COM7
COM6
COM15
COM16
COM14
COM4
COM8
COM13
COM12
COM11


!ENTRY com.st.stm32cube.ide.mpu.remote.serial 1 1 2026-05-23 14:04:18.130
!MESSAGE port: COM7

!ENTRY com.st.stm32cube.ide.mpu.remote.serial 1 1 2026-05-23 14:04:18.132
!MESSAGE port: COM6

!ENTRY com.st.stm32cube.ide.mpu.remote.serial 1 1 2026-05-23 14:04:18.132
!MESSAGE port: COM15

!ENTRY com.st.stm32cube.ide.mpu.remote.serial 1 1 2026-05-23 14:04:18.132
!MESSAGE port: COM16

!ENTRY com.st.stm32cube.ide.mpu.remote.serial 1 1 2026-05-23 14:04:18.134
!MESSAGE port: COM14

!ENTRY com.st.stm32cube.ide.mpu.remote.serial 1 1 2026-05-23 14:04:18.134
!MESSAGE port: COM4

!ENTRY com.st.stm32cube.ide.mpu.remote.serial 1 1 2026-05-23 14:04:18.136
!MESSAGE port: COM8

!ENTRY com.st.stm32cube.ide.mpu.remote.serial 1 1 2026-05-23 14:04:18.136
!MESSAGE port: COM13

!ENTRY com.st.stm32cube.ide.mpu.remote.serial 1 1 2026-05-23 14:04:18.138
!MESSAGE port: COM12

!ENTRY com.st.stm32cube.ide.mpu.remote.serial 1 1 2026-05-23 14:04:18.139
!MESSAGE port: COM11

!ENTRY com.st.stm32cube.ide.mpu.remote.serial 1 1 2026-05-23 14:04:48.106
!MESSAGE Executed PowerShell command powershell.exe -Command "Get-CimInstance -ClassName Win32_SerialPort | Select-Object -ExpandProperty DeviceID":
COM7
COM6
COM15
COM16
COM14
COM4
COM8
COM13
COM12
COM11


!ENTRY com.st.stm32cube.ide.mpu.remote.serial 1 1 2026-05-23 14:04:48.108
!MESSAGE port: COM7

!ENTRY com.st.stm32cube.ide.mpu.remote.serial 1 1 2026-05-23 14:04:48.108
!MESSAGE port: COM6

!ENTRY com.st.stm32cube.ide.mpu.remote.serial 1 1 2026-05-23 14:04:48.110
!MESSAGE port: COM15

!ENTRY com.st.stm32cube.ide.mpu.remote.serial 1 1 2026-05-23 14:04:48.110
!MESSAGE port: COM16

!ENTRY com.st.stm32cube.ide.mpu.remote.serial 1 1 2026-05-23 14:04:48.112
!MESSAGE port: COM14

!ENTRY com.st.stm32cube.ide.mpu.remote.serial 1 1 2026-05-23 14:04:48.112
!MESSAGE port: COM4

!ENTRY com.st.stm32cube.ide.mpu.remote.serial 1 1 2026-05-23 14:04:48.118
!MESSAGE port: COM8

!ENTRY com.st.stm32cube.ide.mpu.remote.serial 1 1 2026-05-23 14:04:48.120
!MESSAGE port: COM13

!ENTRY com.st.stm32cube.ide.mpu.remote.serial 1 1 2026-05-23 14:04:48.120
!MESSAGE port: COM12

!ENTRY com.st.stm32cube.ide.mpu.remote.serial 1 1 2026-05-23 14:04:48.122
!MESSAGE port: COM11

!ENTRY com.st.stm32cube.ide.mpu.remote.serial 1 1 2026-05-23 14:05:16.630
!MESSAGE Executed PowerShell command powershell.exe -Command "Get-CimInstance -ClassName Win32_SerialPort | Select-Object -ExpandProperty DeviceID":
COM7
COM6
COM15
COM16
COM14
COM4
COM8
COM13
COM12
COM11


!ENTRY com.st.stm32cube.ide.mpu.remote.serial 1 1 2026-05-23 14:05:16.630
!MESSAGE port: COM7

!ENTRY com.st.stm32cube.ide.mpu.remote.serial 1 1 2026-05-23 14:05:16.630
!MESSAGE port: COM6

!ENTRY com.st.stm32cube.ide.mpu.remote.serial 1 1 2026-05-23 14:05:16.630
!MESSAGE port: COM15

!ENTRY com.st.stm32cube.ide.mpu.remote.serial 1 1 2026-05-23 14:05:16.630
!MESSAGE port: COM16

!ENTRY com.st.stm32cube.ide.mpu.remote.serial 1 1 2026-05-23 14:05:16.630
!MESSAGE port: COM14

!ENTRY com.st.stm32cube.ide.mpu.remote.serial 1 1 2026-05-23 14:05:16.630
!MESSAGE port: COM4

!ENTRY com.st.stm32cube.ide.mpu.remote.serial 1 1 2026-05-23 14:05:16.630
!MESSAGE port: COM8

!ENTRY com.st.stm32cube.ide.mpu.remote.serial 1 1 2026-05-23 14:05:16.630
!MESSAGE port: COM13

!ENTRY com.st.stm32cube.ide.mpu.remote.serial 1 1 2026-05-23 14:05:16.630
!MESSAGE port: COM12

!ENTRY com.st.stm32cube.ide.mpu.remote.serial 1 1 2026-05-23 14:05:16.640
!MESSAGE port: COM11

!ENTRY com.st.stm32cube.ide.mpu.remote.serial 1 1 2026-05-23 14:09:00.066
!MESSAGE Executed PowerShell command powershell.exe -Command "Get-CimInstance -ClassName Win32_SerialPort | Select-Object -ExpandProperty DeviceID":
COM7
COM6
COM15
COM16
COM14
COM4
COM8
COM13
COM12
COM11


!ENTRY com.st.stm32cube.ide.mpu.remote.serial 1 1 2026-05-23 14:09:00.067
!MESSAGE port: COM7

!ENTRY com.st.stm32cube.ide.mpu.remote.serial 1 1 2026-05-23 14:09:00.068
!MESSAGE port: COM6

!ENTRY com.st.stm32cube.ide.mpu.remote.serial 1 1 2026-05-23 14:09:00.069
!MESSAGE port: COM15

!ENTRY com.st.stm32cube.ide.mpu.remote.serial 1 1 2026-05-23 14:09:00.069
!MESSAGE port: COM16

!ENTRY com.st.stm32cube.ide.mpu.remote.serial 1 1 2026-05-23 14:09:00.070
!MESSAGE port: COM14

!ENTRY com.st.stm32cube.ide.mpu.remote.serial 1 1 2026-05-23 14:09:00.071
!MESSAGE port: COM4

!ENTRY com.st.stm32cube.ide.mpu.remote.serial 1 1 2026-05-23 14:09:00.072
!MESSAGE port: COM8

!ENTRY com.st.stm32cube.ide.mpu.remote.serial 1 1 2026-05-23 14:09:00.073
!MESSAGE port: COM13

!ENTRY com.st.stm32cube.ide.mpu.remote.serial 1 1 2026-05-23 14:09:00.073
!MESSAGE port: COM12

!ENTRY com.st.stm32cube.ide.mpu.remote.serial 1 1 2026-05-23 14:09:00.074
!MESSAGE port: COM11

!ENTRY com.st.stm32cube.ide.mpu.remote.serial 1 1 2026-05-23 14:09:28.787
!MESSAGE Executed PowerShell command powershell.exe -Command "Get-CimInstance -ClassName Win32_SerialPort | Select-Object -ExpandProperty DeviceID":
COM7
COM6
COM15
COM16
COM14
COM4
COM8
COM13
COM12
COM11


!ENTRY com.st.stm32cube.ide.mpu.remote.serial 1 1 2026-05-23 14:09:28.789
!MESSAGE port: COM7

!ENTRY com.st.stm32cube.ide.mpu.remote.serial 1 1 2026-05-23 14:09:28.791
!MESSAGE port: COM6

!ENTRY com.st.stm32cube.ide.mpu.remote.serial 1 1 2026-05-23 14:09:28.793
!MESSAGE port: COM15

!ENTRY com.st.stm32cube.ide.mpu.remote.serial 1 1 2026-05-23 14:09:28.794
!MESSAGE port: COM16

!ENTRY com.st.stm32cube.ide.mpu.remote.serial 1 1 2026-05-23 14:09:28.796
!MESSAGE port: COM14

!ENTRY com.st.stm32cube.ide.mpu.remote.serial 1 1 2026-05-23 14:09:28.797
!MESSAGE port: COM4

!ENTRY com.st.stm32cube.ide.mpu.remote.serial 1 1 2026-05-23 14:09:28.799
!MESSAGE port: COM8

!ENTRY com.st.stm32cube.ide.mpu.remote.serial 1 1 2026-05-23 14:09:28.800
!MESSAGE port: COM13

!ENTRY com.st.stm32cube.ide.mpu.remote.serial 1 1 2026-05-23 14:09:28.802
!MESSAGE port: COM12

!ENTRY com.st.stm32cube.ide.mpu.remote.serial 1 1 2026-05-23 14:09:28.803
!MESSAGE port: COM11

!ENTRY com.st.stm32cube.ide.mpu.remote.serial 1 1 2026-05-23 14:09:57.585
!MESSAGE Executed PowerShell command powershell.exe -Command "Get-CimInstance -ClassName Win32_SerialPort | Select-Object -ExpandProperty DeviceID":
COM7
COM6
COM15
COM16
COM14
COM4
COM8
COM13
COM12
COM11


!ENTRY com.st.stm32cube.ide.mpu.remote.serial 1 1 2026-05-23 14:09:57.586
!MESSAGE port: COM7

!ENTRY com.st.stm32cube.ide.mpu.remote.serial 1 1 2026-05-23 14:09:57.587
!MESSAGE port: COM6

!ENTRY com.st.stm32cube.ide.mpu.remote.serial 1 1 2026-05-23 14:09:57.587
!MESSAGE port: COM15

!ENTRY com.st.stm32cube.ide.mpu.remote.serial 1 1 2026-05-23 14:09:57.588
!MESSAGE port: COM16

!ENTRY com.st.stm32cube.ide.mpu.remote.serial 1 1 2026-05-23 14:09:57.588
!MESSAGE port: COM14

!ENTRY com.st.stm32cube.ide.mpu.remote.serial 1 1 2026-05-23 14:09:57.590
!MESSAGE port: COM4

!ENTRY com.st.stm32cube.ide.mpu.remote.serial 1 1 2026-05-23 14:09:57.590
!MESSAGE port: COM8

!ENTRY com.st.stm32cube.ide.mpu.remote.serial 1 1 2026-05-23 14:09:57.591
!MESSAGE port: COM13

!ENTRY com.st.stm32cube.ide.mpu.remote.serial 1 1 2026-05-23 14:09:57.591
!MESSAGE port: COM12

!ENTRY com.st.stm32cube.ide.mpu.remote.serial 1 1 2026-05-23 14:09:57.592
!MESSAGE port: COM11

!ENTRY com.st.stm32cube.ide.mpu.remote.serial 1 1 2026-05-23 14:10:26.481
!MESSAGE Executed PowerShell command powershell.exe -Command "Get-CimInstance -ClassName Win32_SerialPort | Select-Object -ExpandProperty DeviceID":
COM7
COM6
COM15
COM16
COM14
COM4
COM8
COM13
COM12
COM11


!ENTRY com.st.stm32cube.ide.mpu.remote.serial 1 1 2026-05-23 14:10:26.482
!MESSAGE port: COM7

!ENTRY com.st.stm32cube.ide.mpu.remote.serial 1 1 2026-05-23 14:10:26.484
!MESSAGE port: COM6

!ENTRY com.st.stm32cube.ide.mpu.remote.serial 1 1 2026-05-23 14:10:26.484
!MESSAGE port: COM15

!ENTRY com.st.stm32cube.ide.mpu.remote.serial 1 1 2026-05-23 14:10:26.485
!MESSAGE port: COM16

!ENTRY com.st.stm32cube.ide.mpu.remote.serial 1 1 2026-05-23 14:10:26.486
!MESSAGE port: COM14

!ENTRY com.st.stm32cube.ide.mpu.remote.serial 1 1 2026-05-23 14:10:26.487
!MESSAGE port: COM4

!ENTRY com.st.stm32cube.ide.mpu.remote.serial 1 1 2026-05-23 14:10:26.487
!MESSAGE port: COM8

!ENTRY com.st.stm32cube.ide.mpu.remote.serial 1 1 2026-05-23 14:10:26.488
!MESSAGE port: COM13

!ENTRY com.st.stm32cube.ide.mpu.remote.serial 1 1 2026-05-23 14:10:26.489
!MESSAGE port: COM12

!ENTRY com.st.stm32cube.ide.mpu.remote.serial 1 1 2026-05-23 14:10:26.490
!MESSAGE port: COM11

!ENTRY com.st.stm32cube.ide.mpu.remote.serial 1 1 2026-05-23 14:10:55.763
!MESSAGE Executed PowerShell command powershell.exe -Command "Get-CimInstance -ClassName Win32_SerialPort | Select-Object -ExpandProperty DeviceID":
COM7
COM6
COM15
COM16
COM14
COM4
COM8
COM13
COM12
COM11


!ENTRY com.st.stm32cube.ide.mpu.remote.serial 1 1 2026-05-23 14:10:55.764
!MESSAGE port: COM7

!ENTRY com.st.stm32cube.ide.mpu.remote.serial 1 1 2026-05-23 14:10:55.764
!MESSAGE port: COM6

!ENTRY com.st.stm32cube.ide.mpu.remote.serial 1 1 2026-05-23 14:10:55.766
!MESSAGE port: COM15

!ENTRY com.st.stm32cube.ide.mpu.remote.serial 1 1 2026-05-23 14:10:55.766
!MESSAGE port: COM16

!ENTRY com.st.stm32cube.ide.mpu.remote.serial 1 1 2026-05-23 14:10:55.768
!MESSAGE port: COM14

!ENTRY com.st.stm32cube.ide.mpu.remote.serial 1 1 2026-05-23 14:10:55.768
!MESSAGE port: COM4

!ENTRY com.st.stm32cube.ide.mpu.remote.serial 1 1 2026-05-23 14:10:55.770
!MESSAGE port: COM8

!ENTRY com.st.stm32cube.ide.mpu.remote.serial 1 1 2026-05-23 14:10:55.770
!MESSAGE port: COM13

!ENTRY com.st.stm32cube.ide.mpu.remote.serial 1 1 2026-05-23 14:10:55.770
!MESSAGE port: COM12

!ENTRY com.st.stm32cube.ide.mpu.remote.serial 1 1 2026-05-23 14:10:55.772
!MESSAGE port: COM11

!ENTRY com.st.stm32cube.ide.mpu.remote.serial 1 1 2026-05-23 14:15:25.459
!MESSAGE Executed PowerShell command powershell.exe -Command "Get-CimInstance -ClassName Win32_SerialPort | Select-Object -ExpandProperty DeviceID":
COM7
COM6
COM15
COM16
COM14
COM4
COM8
COM13
COM12
COM11


!ENTRY com.st.stm32cube.ide.mpu.remote.serial 1 1 2026-05-23 14:15:25.461
!MESSAGE port: COM7

!ENTRY com.st.stm32cube.ide.mpu.remote.serial 1 1 2026-05-23 14:15:25.464
!MESSAGE port: COM6

!ENTRY com.st.stm32cube.ide.mpu.remote.serial 1 1 2026-05-23 14:15:25.466
!MESSAGE port: COM15

!ENTRY com.st.stm32cube.ide.mpu.remote.serial 1 1 2026-05-23 14:15:25.466
!MESSAGE port: COM16

!ENTRY com.st.stm32cube.ide.mpu.remote.serial 1 1 2026-05-23 14:15:25.471
!MESSAGE port: COM14

!ENTRY com.st.stm32cube.ide.mpu.remote.serial 1 1 2026-05-23 14:15:25.473
!MESSAGE port: COM4

!ENTRY com.st.stm32cube.ide.mpu.remote.serial 1 1 2026-05-23 14:15:25.475
!MESSAGE port: COM8

!ENTRY com.st.stm32cube.ide.mpu.remote.serial 1 1 2026-05-23 14:15:25.478
!MESSAGE port: COM13

!ENTRY com.st.stm32cube.ide.mpu.remote.serial 1 1 2026-05-23 14:15:25.479
!MESSAGE port: COM12

!ENTRY com.st.stm32cube.ide.mpu.remote.serial 1 1 2026-05-23 14:15:25.482
!MESSAGE port: COM11

!ENTRY com.st.stm32cube.ide.mpu.remote.serial 1 1 2026-05-23 14:15:54.654
!MESSAGE Executed PowerShell command powershell.exe -Command "Get-CimInstance -ClassName Win32_SerialPort | Select-Object -ExpandProperty DeviceID":
COM7
COM6
COM15
COM16
COM14
COM4
COM8
COM13
COM12
COM11


!ENTRY com.st.stm32cube.ide.mpu.remote.serial 1 1 2026-05-23 14:15:54.656
!MESSAGE port: COM7

!ENTRY com.st.stm32cube.ide.mpu.remote.serial 1 1 2026-05-23 14:15:54.658
!MESSAGE port: COM6

!ENTRY com.st.stm32cube.ide.mpu.remote.serial 1 1 2026-05-23 14:15:54.660
!MESSAGE port: COM15

!ENTRY com.st.stm32cube.ide.mpu.remote.serial 1 1 2026-05-23 14:15:54.662
!MESSAGE port: COM16

!ENTRY com.st.stm32cube.ide.mpu.remote.serial 1 1 2026-05-23 14:15:54.662
!MESSAGE port: COM14

!ENTRY com.st.stm32cube.ide.mpu.remote.serial 1 1 2026-05-23 14:15:54.667
!MESSAGE port: COM4

!ENTRY com.st.stm32cube.ide.mpu.remote.serial 1 1 2026-05-23 14:15:54.671
!MESSAGE port: COM8

!ENTRY com.st.stm32cube.ide.mpu.remote.serial 1 1 2026-05-23 14:15:54.671
!MESSAGE port: COM13

!ENTRY com.st.stm32cube.ide.mpu.remote.serial 1 1 2026-05-23 14:15:54.673
!MESSAGE port: COM12

!ENTRY com.st.stm32cube.ide.mpu.remote.serial 1 1 2026-05-23 14:15:54.673
!MESSAGE port: COM11

!ENTRY com.st.stm32cube.ide.mpu.remote.serial 1 1 2026-05-23 14:16:26.412
!MESSAGE Executed PowerShell command powershell.exe -Command "Get-CimInstance -ClassName Win32_SerialPort | Select-Object -ExpandProperty DeviceID":
COM7
COM6
COM15
COM16
COM14
COM4
COM8
COM13
COM12
COM11


!ENTRY com.st.stm32cube.ide.mpu.remote.serial 1 1 2026-05-23 14:16:26.420
!MESSAGE port: COM7

!ENTRY com.st.stm32cube.ide.mpu.remote.serial 1 1 2026-05-23 14:16:26.420
!MESSAGE port: COM6

!ENTRY com.st.stm32cube.ide.mpu.remote.serial 1 1 2026-05-23 14:16:26.420
!MESSAGE port: COM15

!ENTRY com.st.stm32cube.ide.mpu.remote.serial 1 1 2026-05-23 14:16:26.420
!MESSAGE port: COM16

!ENTRY com.st.stm32cube.ide.mpu.remote.serial 1 1 2026-05-23 14:16:26.420
!MESSAGE port: COM14

!ENTRY com.st.stm32cube.ide.mpu.remote.serial 1 1 2026-05-23 14:16:26.420
!MESSAGE port: COM4

!ENTRY com.st.stm32cube.ide.mpu.remote.serial 1 1 2026-05-23 14:16:26.431
!MESSAGE port: COM8

!ENTRY com.st.stm32cube.ide.mpu.remote.serial 1 1 2026-05-23 14:16:26.433
!MESSAGE port: COM13

!ENTRY com.st.stm32cube.ide.mpu.remote.serial 1 1 2026-05-23 14:16:26.433
!MESSAGE port: COM12

!ENTRY com.st.stm32cube.ide.mpu.remote.serial 1 1 2026-05-23 14:16:26.435
!MESSAGE port: COM11

!ENTRY com.st.stm32cube.ide.mpu.remote.serial 1 1 2026-05-23 14:16:58.486
!MESSAGE Executed PowerShell command powershell.exe -Command "Get-CimInstance -ClassName Win32_SerialPort | Select-Object -ExpandProperty DeviceID":
COM7
COM6
COM15
COM16
COM14
COM4
COM8
COM13
COM12
COM11


!ENTRY com.st.stm32cube.ide.mpu.remote.serial 1 1 2026-05-23 14:16:58.488
!MESSAGE port: COM7

!ENTRY com.st.stm32cube.ide.mpu.remote.serial 1 1 2026-05-23 14:16:58.489
!MESSAGE port: COM6

!ENTRY com.st.stm32cube.ide.mpu.remote.serial 1 1 2026-05-23 14:16:58.491
!MESSAGE port: COM15

!ENTRY com.st.stm32cube.ide.mpu.remote.serial 1 1 2026-05-23 14:16:58.491
!MESSAGE port: COM16

!ENTRY com.st.stm32cube.ide.mpu.remote.serial 1 1 2026-05-23 14:16:58.491
!MESSAGE port: COM14

!ENTRY com.st.stm32cube.ide.mpu.remote.serial 1 1 2026-05-23 14:16:58.491
!MESSAGE port: COM4

!ENTRY com.st.stm32cube.ide.mpu.remote.serial 1 1 2026-05-23 14:16:58.499
!MESSAGE port: COM8

!ENTRY com.st.stm32cube.ide.mpu.remote.serial 1 1 2026-05-23 14:16:58.499
!MESSAGE port: COM13

!ENTRY com.st.stm32cube.ide.mpu.remote.serial 1 1 2026-05-23 14:16:58.499
!MESSAGE port: COM12

!ENTRY com.st.stm32cube.ide.mpu.remote.serial 1 1 2026-05-23 14:16:58.499
!MESSAGE port: COM11

!ENTRY com.st.stm32cube.ide.mpu.remote.serial 1 1 2026-05-23 14:22:06.157
!MESSAGE Executed PowerShell command powershell.exe -Command "Get-CimInstance -ClassName Win32_SerialPort | Select-Object -ExpandProperty DeviceID":
COM7
COM6
COM15
COM16
COM14
COM4
COM8
COM13
COM12
COM11


!ENTRY com.st.stm32cube.ide.mpu.remote.serial 1 1 2026-05-23 14:22:06.158
!MESSAGE port: COM7

!ENTRY com.st.stm32cube.ide.mpu.remote.serial 1 1 2026-05-23 14:22:06.160
!MESSAGE port: COM6

!ENTRY com.st.stm32cube.ide.mpu.remote.serial 1 1 2026-05-23 14:22:06.161
!MESSAGE port: COM15

!ENTRY com.st.stm32cube.ide.mpu.remote.serial 1 1 2026-05-23 14:22:06.163
!MESSAGE port: COM16

!ENTRY com.st.stm32cube.ide.mpu.remote.serial 1 1 2026-05-23 14:22:06.165
!MESSAGE port: COM14

!ENTRY com.st.stm32cube.ide.mpu.remote.serial 1 1 2026-05-23 14:22:06.166
!MESSAGE port: COM4

!ENTRY com.st.stm32cube.ide.mpu.remote.serial 1 1 2026-05-23 14:22:06.167
!MESSAGE port: COM8

!ENTRY com.st.stm32cube.ide.mpu.remote.serial 1 1 2026-05-23 14:22:06.169
!MESSAGE port: COM13

!ENTRY com.st.stm32cube.ide.mpu.remote.serial 1 1 2026-05-23 14:22:06.170
!MESSAGE port: COM12

!ENTRY com.st.stm32cube.ide.mpu.remote.serial 1 1 2026-05-23 14:22:06.171
!MESSAGE port: COM11

!ENTRY com.st.stm32cube.ide.mpu.remote.serial 1 1 2026-05-23 14:22:35.218
!MESSAGE Executed PowerShell command powershell.exe -Command "Get-CimInstance -ClassName Win32_SerialPort | Select-Object -ExpandProperty DeviceID":
COM7
COM6
COM15
COM16
COM14
COM4
COM8
COM13
COM12
COM11


!ENTRY com.st.stm32cube.ide.mpu.remote.serial 1 1 2026-05-23 14:22:35.220
!MESSAGE port: COM7

!ENTRY com.st.stm32cube.ide.mpu.remote.serial 1 1 2026-05-23 14:22:35.221
!MESSAGE port: COM6

!ENTRY com.st.stm32cube.ide.mpu.remote.serial 1 1 2026-05-23 14:22:35.225
!MESSAGE port: COM15

!ENTRY com.st.stm32cube.ide.mpu.remote.serial 1 1 2026-05-23 14:22:35.227
!MESSAGE port: COM16

!ENTRY com.st.stm32cube.ide.mpu.remote.serial 1 1 2026-05-23 14:22:35.230
!MESSAGE port: COM14

!ENTRY com.st.stm32cube.ide.mpu.remote.serial 1 1 2026-05-23 14:22:35.232
!MESSAGE port: COM4

!ENTRY com.st.stm32cube.ide.mpu.remote.serial 1 1 2026-05-23 14:22:35.235
!MESSAGE port: COM8

!ENTRY com.st.stm32cube.ide.mpu.remote.serial 1 1 2026-05-23 14:22:35.237
!MESSAGE port: COM13

!ENTRY com.st.stm32cube.ide.mpu.remote.serial 1 1 2026-05-23 14:22:35.239
!MESSAGE port: COM12

!ENTRY com.st.stm32cube.ide.mpu.remote.serial 1 1 2026-05-23 14:22:35.241
!MESSAGE port: COM11

!ENTRY com.st.stm32cube.ide.mpu.remote.serial 1 1 2026-05-23 14:23:06.061
!MESSAGE Executed PowerShell command powershell.exe -Command "Get-CimInstance -ClassName Win32_SerialPort | Select-Object -ExpandProperty DeviceID":
COM7
COM6
COM15
COM16
COM14
COM4
COM8
COM13
COM12
COM11


!ENTRY com.st.stm32cube.ide.mpu.remote.serial 1 1 2026-05-23 14:23:06.061
!MESSAGE port: COM7

!ENTRY com.st.stm32cube.ide.mpu.remote.serial 1 1 2026-05-23 14:23:06.062
!MESSAGE port: COM6

!ENTRY com.st.stm32cube.ide.mpu.remote.serial 1 1 2026-05-23 14:23:06.063
!MESSAGE port: COM15

!ENTRY com.st.stm32cube.ide.mpu.remote.serial 1 1 2026-05-23 14:23:06.063
!MESSAGE port: COM16

!ENTRY com.st.stm32cube.ide.mpu.remote.serial 1 1 2026-05-23 14:23:06.064
!MESSAGE port: COM14

!ENTRY com.st.stm32cube.ide.mpu.remote.serial 1 1 2026-05-23 14:23:06.064
!MESSAGE port: COM4

!ENTRY com.st.stm32cube.ide.mpu.remote.serial 1 1 2026-05-23 14:23:06.065
!MESSAGE port: COM8

!ENTRY com.st.stm32cube.ide.mpu.remote.serial 1 1 2026-05-23 14:23:06.066
!MESSAGE port: COM13

!ENTRY com.st.stm32cube.ide.mpu.remote.serial 1 1 2026-05-23 14:23:06.066
!MESSAGE port: COM12

!ENTRY com.st.stm32cube.ide.mpu.remote.serial 1 1 2026-05-23 14:23:06.067
!MESSAGE port: COM11

!ENTRY com.st.stm32cube.ide.mpu.remote.serial 1 1 2026-05-23 14:23:34.685
!MESSAGE Executed PowerShell command powershell.exe -Command "Get-CimInstance -ClassName Win32_SerialPort | Select-Object -ExpandProperty DeviceID":
COM7
COM6
COM15
COM16
COM14
COM4
COM8
COM13
COM12
COM11


!ENTRY com.st.stm32cube.ide.mpu.remote.serial 1 1 2026-05-23 14:23:34.686
!MESSAGE port: COM7

!ENTRY com.st.stm32cube.ide.mpu.remote.serial 1 1 2026-05-23 14:23:34.688
!MESSAGE port: COM6

!ENTRY com.st.stm32cube.ide.mpu.remote.serial 1 1 2026-05-23 14:23:34.690
!MESSAGE port: COM15

!ENTRY com.st.stm32cube.ide.mpu.remote.serial 1 1 2026-05-23 14:23:34.691
!MESSAGE port: COM16

!ENTRY com.st.stm32cube.ide.mpu.remote.serial 1 1 2026-05-23 14:23:34.692
!MESSAGE port: COM14

!ENTRY com.st.stm32cube.ide.mpu.remote.serial 1 1 2026-05-23 14:23:34.694
!MESSAGE port: COM4

!ENTRY com.st.stm32cube.ide.mpu.remote.serial 1 1 2026-05-23 14:23:34.695
!MESSAGE port: COM8

!ENTRY com.st.stm32cube.ide.mpu.remote.serial 1 1 2026-05-23 14:23:34.697
!MESSAGE port: COM13

!ENTRY com.st.stm32cube.ide.mpu.remote.serial 1 1 2026-05-23 14:23:34.699
!MESSAGE port: COM12

!ENTRY com.st.stm32cube.ide.mpu.remote.serial 1 1 2026-05-23 14:23:34.699
!MESSAGE port: COM11

!ENTRY com.st.stm32cube.ide.mpu.remote.serial 1 1 2026-05-23 14:24:03.084
!MESSAGE Executed PowerShell command powershell.exe -Command "Get-CimInstance -ClassName Win32_SerialPort | Select-Object -ExpandProperty DeviceID":
COM7
COM6
COM15
COM16
COM14
COM4
COM8
COM13
COM12
COM11


!ENTRY com.st.stm32cube.ide.mpu.remote.serial 1 1 2026-05-23 14:24:03.086
!MESSAGE port: COM7

!ENTRY com.st.stm32cube.ide.mpu.remote.serial 1 1 2026-05-23 14:24:03.087
!MESSAGE port: COM6

!ENTRY com.st.stm32cube.ide.mpu.remote.serial 1 1 2026-05-23 14:24:03.088
!MESSAGE port: COM15

!ENTRY com.st.stm32cube.ide.mpu.remote.serial 1 1 2026-05-23 14:24:03.089
!MESSAGE port: COM16

!ENTRY com.st.stm32cube.ide.mpu.remote.serial 1 1 2026-05-23 14:24:03.091
!MESSAGE port: COM14

!ENTRY com.st.stm32cube.ide.mpu.remote.serial 1 1 2026-05-23 14:24:03.092
!MESSAGE port: COM4

!ENTRY com.st.stm32cube.ide.mpu.remote.serial 1 1 2026-05-23 14:24:03.093
!MESSAGE port: COM8

!ENTRY com.st.stm32cube.ide.mpu.remote.serial 1 1 2026-05-23 14:24:03.095
!MESSAGE port: COM13

!ENTRY com.st.stm32cube.ide.mpu.remote.serial 1 1 2026-05-23 14:24:03.096
!MESSAGE port: COM12

!ENTRY com.st.stm32cube.ide.mpu.remote.serial 1 1 2026-05-23 14:24:03.097
!MESSAGE port: COM11

!ENTRY com.st.stm32cube.ide.mpu.remote.serial 1 1 2026-05-23 14:32:56.394
!MESSAGE Executed PowerShell command powershell.exe -Command "Get-CimInstance -ClassName Win32_SerialPort | Select-Object -ExpandProperty DeviceID":
COM7
COM6
COM15
COM16
COM14
COM4
COM8
COM13
COM12
COM11


!ENTRY com.st.stm32cube.ide.mpu.remote.serial 1 1 2026-05-23 14:32:56.395
!MESSAGE port: COM7

!ENTRY com.st.stm32cube.ide.mpu.remote.serial 1 1 2026-05-23 14:32:56.395
!MESSAGE port: COM6

!ENTRY com.st.stm32cube.ide.mpu.remote.serial 1 1 2026-05-23 14:32:56.396
!MESSAGE port: COM15

!ENTRY com.st.stm32cube.ide.mpu.remote.serial 1 1 2026-05-23 14:32:56.397
!MESSAGE port: COM16

!ENTRY com.st.stm32cube.ide.mpu.remote.serial 1 1 2026-05-23 14:32:56.398
!MESSAGE port: COM14

!ENTRY com.st.stm32cube.ide.mpu.remote.serial 1 1 2026-05-23 14:32:56.398
!MESSAGE port: COM4

!ENTRY com.st.stm32cube.ide.mpu.remote.serial 1 1 2026-05-23 14:32:56.400
!MESSAGE port: COM8

!ENTRY com.st.stm32cube.ide.mpu.remote.serial 1 1 2026-05-23 14:32:56.401
!MESSAGE port: COM13

!ENTRY com.st.stm32cube.ide.mpu.remote.serial 1 1 2026-05-23 14:32:56.401
!MESSAGE port: COM12

!ENTRY com.st.stm32cube.ide.mpu.remote.serial 1 1 2026-05-23 14:32:56.402
!MESSAGE port: COM11

!ENTRY com.st.stm32cube.ide.mpu.remote.serial 1 1 2026-05-23 14:33:25.442
!MESSAGE Executed PowerShell command powershell.exe -Command "Get-CimInstance -ClassName Win32_SerialPort | Select-Object -ExpandProperty DeviceID":
COM7
COM6
COM15
COM16
COM14
COM4
COM8
COM13
COM12
COM11


!ENTRY com.st.stm32cube.ide.mpu.remote.serial 1 1 2026-05-23 14:33:25.443
!MESSAGE port: COM7

!ENTRY com.st.stm32cube.ide.mpu.remote.serial 1 1 2026-05-23 14:33:25.444
!MESSAGE port: COM6

!ENTRY com.st.stm32cube.ide.mpu.remote.serial 1 1 2026-05-23 14:33:25.446
!MESSAGE port: COM15

!ENTRY com.st.stm32cube.ide.mpu.remote.serial 1 1 2026-05-23 14:33:25.447
!MESSAGE port: COM16

!ENTRY com.st.stm32cube.ide.mpu.remote.serial 1 1 2026-05-23 14:33:25.448
!MESSAGE port: COM14

!ENTRY com.st.stm32cube.ide.mpu.remote.serial 1 1 2026-05-23 14:33:25.450
!MESSAGE port: COM4

!ENTRY com.st.stm32cube.ide.mpu.remote.serial 1 1 2026-05-23 14:33:25.451
!MESSAGE port: COM8

!ENTRY com.st.stm32cube.ide.mpu.remote.serial 1 1 2026-05-23 14:33:25.452
!MESSAGE port: COM13

!ENTRY com.st.stm32cube.ide.mpu.remote.serial 1 1 2026-05-23 14:33:25.454
!MESSAGE port: COM12

!ENTRY com.st.stm32cube.ide.mpu.remote.serial 1 1 2026-05-23 14:33:25.455
!MESSAGE port: COM11

!ENTRY com.st.stm32cube.ide.mpu.remote.serial 1 1 2026-05-23 14:36:59.590
!MESSAGE Executed PowerShell command powershell.exe -Command "Get-CimInstance -ClassName Win32_SerialPort | Select-Object -ExpandProperty DeviceID":
COM7
COM6
COM15
COM16
COM14
COM4
COM8
COM13
COM12
COM11


!ENTRY com.st.stm32cube.ide.mpu.remote.serial 1 1 2026-05-23 14:36:59.593
!MESSAGE port: COM7

!ENTRY com.st.stm32cube.ide.mpu.remote.serial 1 1 2026-05-23 14:36:59.594
!MESSAGE port: COM6

!ENTRY com.st.stm32cube.ide.mpu.remote.serial 1 1 2026-05-23 14:36:59.596
!MESSAGE port: COM15

!ENTRY com.st.stm32cube.ide.mpu.remote.serial 1 1 2026-05-23 14:36:59.597
!MESSAGE port: COM16

!ENTRY com.st.stm32cube.ide.mpu.remote.serial 1 1 2026-05-23 14:36:59.598
!MESSAGE port: COM14

!ENTRY com.st.stm32cube.ide.mpu.remote.serial 1 1 2026-05-23 14:36:59.600
!MESSAGE port: COM4
